step,env_id,time_s,active
0,0,0.0,0
0,1,0.0,0
0,2,0.0,0
0,3,0.0,0
0,4,0.0,0
0,5,0.0,0
0,6,0.0,0
0,7,0.0,0
1,0,0.01,0
1,1,0.01,0
1,2,0.01,0
1,3,0.01,0
1,4,0.01,1
1,5,0.01,0
1,6,0.01,0
1,7,0.01,1
2,0,0.02,0
2,1,0.02,0
2,2,0.02,0
2,3,0.02,0
2,4,0.02,1
2,5,0.02,0
2,6,0.02,0
2,7,0.02,1
3,0,0.03,0
3,1,0.03,0
3,2,0.03,0
3,3,0.03,0
3,4,0.03,1
3,5,0.03,0
3,6,0.03,0
3,7,0.03,1
4,0,0.04,0
4,1,0.04,0
4,2,0.04,0
4,3,0.04,0
4,4,0.04,1
4,5,0.04,1
4,6,0.04,0
4,7,0.04,1
5,0,0.05,0
5,1,0.05,0
5,2,0.05,0
5,3,0.05,0
5,4,0.05,1
5,5,0.05,1
5,6,0.05,1
5,7,0.05,1
6,0,0.06,0
6,1,0.06,0
6,2,0.06,0
6,3,0.06,0
6,4,0.06,1
6,5,0.06,1
6,6,0.06,1
6,7,0.06,0
7,0,0.07,0
7,1,0.07,0
7,2,0.07,0
7,3,0.07,0
7,4,0.07,1
7,5,0.07,1
7,6,0.07,1
7,7,0.07,0
8,0,0.08,0
8,1,0.08,0
8,2,0.08,0
8,3,0.08,0
8,4,0.08,1
8,5,0.08,1
8,6,0.08,1
8,7,0.08,1
9,0,0.09,1
9,1,0.09,1
9,2,0.09,1
9,3,0.09,1
9,4,0.09,1
9,5,0.09,1
9,6,0.09,0
9,7,0.09,1
10,0,0.1,1
10,1,0.1,0
10,2,0.1,1
10,3,0.1,1
10,4,0.1,1
10,5,0.1,1
10,6,0.1,0
10,7,0.1,1
11,0,0.11,1
11,1,0.11,0
11,2,0.11,1
11,3,0.11,1
11,4,0.11,1
11,5,0.11,1
11,6,0.11,0
11,7,0.11,1
12,0,0.12,1
12,1,0.12,0
12,2,0.12,1
12,3,0.12,1
12,4,0.12,1
12,5,0.12,1
12,6,0.12,0
12,7,0.12,1
13,0,0.13,1
13,1,0.13,0
13,2,0.13,1
13,3,0.13,1
13,4,0.13,1
13,5,0.13,1
13,6,0.13,0
13,7,0.13,1
14,0,0.14,1
14,1,0.14,0
14,2,0.14,1
14,3,0.14,1
14,4,0.14,1
14,5,0.14,1
14,6,0.14,0
14,7,0.14,1
15,0,0.15,1
15,1,0.15,0
15,2,0.15,1
15,3,0.15,1
15,4,0.15,1
15,5,0.15,1
15,6,0.15,0
15,7,0.15,1
16,0,0.16,1
16,1,0.16,0
16,2,0.16,0
16,3,0.16,1
16,4,0.16,1
16,5,0.16,1
16,6,0.16,1
16,7,0.16,1
17,0,0.17,1
17,1,0.17,0
17,2,0.17,0
17,3,0.17,1
17,4,0.17,1
17,5,0.17,1
17,6,0.17,1
17,7,0.17,1
18,0,0.18,1
18,1,0.18,0
18,2,0.18,1
18,3,0.18,1
18,4,0.18,1
18,5,0.18,1
18,6,0.18,1
18,7,0.18,1
19,0,0.19,1
19,1,0.19,0
19,2,0.19,1
19,3,0.19,1
19,4,0.19,1
19,5,0.19,1
19,6,0.19,0
19,7,0.19,1
20,0,0.2,1
20,1,0.2,0
20,2,0.2,1
20,3,0.2,1
20,4,0.2,1
20,5,0.2,1
20,6,0.2,0
20,7,0.2,1
21,0,0.21,1
21,1,0.21,0
21,2,0.21,1
21,3,0.21,1
21,4,0.21,0
21,5,0.21,0
21,6,0.21,0
21,7,0.21,1
22,0,0.22,1
22,1,0.22,1
22,2,0.22,1
22,3,0.22,0
22,4,0.22,1
22,5,0.22,0
22,6,0.22,1
22,7,0.22,1
23,0,0.23,1
23,1,0.23,1
23,2,0.23,1
23,3,0.23,1
23,4,0.23,1
23,5,0.23,0
23,6,0.23,1
23,7,0.23,1
24,0,0.24,1
24,1,0.24,1
24,2,0.24,1
24,3,0.24,1
24,4,0.24,1
24,5,0.24,0
24,6,0.24,1
24,7,0.24,1
25,0,0.25,1
25,1,0.25,1
25,2,0.25,1
25,3,0.25,1
25,4,0.25,1
25,5,0.25,0
25,6,0.25,1
25,7,0.25,1
26,0,0.26,1
26,1,0.26,1
26,2,0.26,1
26,3,0.26,1
26,4,0.26,1
26,5,0.26,0
26,6,0.26,1
26,7,0.26,1
27,0,0.27,1
27,1,0.27,1
27,2,0.27,1
27,3,0.27,1
27,4,0.27,1
27,5,0.27,0
27,6,0.27,1
27,7,0.27,1
28,0,0.28,0
28,1,0.28,1
28,2,0.28,1
28,3,0.28,1
28,4,0.28,1
28,5,0.28,0
28,6,0.28,1
28,7,0.28,1
29,0,0.29,0
29,1,0.29,1
29,2,0.29,1
29,3,0.29,1
29,4,0.29,0
29,5,0.29,1
29,6,0.29,1
29,7,0.29,1
30,0,0.3,0
30,1,0.3,1
30,2,0.3,1
30,3,0.3,1
30,4,0.3,0
30,5,0.3,1
30,6,0.3,1
30,7,0.3,1
31,0,0.31,0
31,1,0.31,1
31,2,0.31,1
31,3,0.31,1
31,4,0.31,0
31,5,0.31,1
31,6,0.31,1
31,7,0.31,1
32,0,0.32,0
32,1,0.32,1
32,2,0.32,1
32,3,0.32,1
32,4,0.32,0
32,5,0.32,1
32,6,0.32,1
32,7,0.32,1
33,0,0.33,0
33,1,0.33,1
33,2,0.33,1
33,3,0.33,1
33,4,0.33,0
33,5,0.33,1
33,6,0.33,1
33,7,0.33,1
34,0,0.34,0
34,1,0.34,1
34,2,0.34,1
34,3,0.34,1
34,4,0.34,0
34,5,0.34,1
34,6,0.34,1
34,7,0.34,1
35,0,0.35,0
35,1,0.35,1
35,2,0.35,0
35,3,0.35,0
35,4,0.35,0
35,5,0.35,1
35,6,0.35,1
35,7,0.35,1
36,0,0.36,0
36,1,0.36,1
36,2,0.36,0
36,3,0.36,0
36,4,0.36,1
36,5,0.36,0
36,6,0.36,1
36,7,0.36,1
37,0,0.37,0
37,1,0.37,1
37,2,0.37,0
37,3,0.37,0
37,4,0.37,1
37,5,0.37,0
37,6,0.37,1
37,7,0.37,1
38,0,0.38,0
38,1,0.38,1
38,2,0.38,0
38,3,0.38,0
38,4,0.38,1
38,5,0.38,0
38,6,0.38,1
38,7,0.38,1
39,0,0.39,0
39,1,0.39,1
39,2,0.39,0
39,3,0.39,1
39,4,0.39,1
39,5,0.39,0
39,6,0.39,1
39,7,0.39,1
40,0,0.4,0
40,1,0.4,1
40,2,0.4,0
40,3,0.4,1
40,4,0.4,1
40,5,0.4,0
40,6,0.4,1
40,7,0.4,1
41,0,0.41,0
41,1,0.41,1
41,2,0.41,0
41,3,0.41,1
41,4,0.41,1
41,5,0.41,0
41,6,0.41,0
41,7,0.41,0
42,0,0.42,0
42,1,0.42,0
42,2,0.42,0
42,3,0.42,1
42,4,0.42,1
42,5,0.42,0
42,6,0.42,0
42,7,0.42,0
43,0,0.43,0
43,1,0.43,0
43,2,0.43,0
43,3,0.43,1
43,4,0.43,1
43,5,0.43,0
43,6,0.43,0
43,7,0.43,1
44,0,0.44,0
44,1,0.44,0
44,2,0.44,0
44,3,0.44,1
44,4,0.44,1
44,5,0.44,0
44,6,0.44,1
44,7,0.44,1
45,0,0.45,0
45,1,0.45,0
45,2,0.45,0
45,3,0.45,1
45,4,0.45,1
45,5,0.45,0
45,6,0.45,1
45,7,0.45,1
46,0,0.46,0
46,1,0.46,0
46,2,0.46,0
46,3,0.46,1
46,4,0.46,1
46,5,0.46,0
46,6,0.46,1
46,7,0.46,1
47,0,0.47,1
47,1,0.47,0
47,2,0.47,1
47,3,0.47,1
47,4,0.47,1
47,5,0.47,0
47,6,0.47,1
47,7,0.47,1
48,0,0.48,1
48,1,0.48,0
48,2,0.48,1
48,3,0.48,1
48,4,0.48,1
48,5,0.48,0
48,6,0.48,1
48,7,0.48,1
49,0,0.49,1
49,1,0.49,0
49,2,0.49,1
49,3,0.49,1
49,4,0.49,1
49,5,0.49,0
49,6,0.49,1
49,7,0.49,1
50,0,0.5,1
50,1,0.5,0
50,2,0.5,1
50,3,0.5,1
50,4,0.5,1
50,5,0.5,0
50,6,0.5,0
50,7,0.5,1
51,0,0.51,1
51,1,0.51,0
51,2,0.51,1
51,3,0.51,1
51,4,0.51,0
51,5,0.51,0
51,6,0.51,0
51,7,0.51,1
52,0,0.52,1
52,1,0.52,0
52,2,0.52,1
52,3,0.52,1
52,4,0.52,0
52,5,0.52,0
52,6,0.52,0
52,7,0.52,1
53,0,0.53,1
53,1,0.53,0
53,2,0.53,1
53,3,0.53,1
53,4,0.53,0
53,5,0.53,0
53,6,0.53,0
53,7,0.53,1
54,0,0.54,1
54,1,0.54,1
54,2,0.54,1
54,3,0.54,1
54,4,0.54,0
54,5,0.54,0
54,6,0.54,0
54,7,0.54,1
55,0,0.55,1
55,1,0.55,0
55,2,0.55,1
55,3,0.55,1
55,4,0.55,0
55,5,0.55,0
55,6,0.55,0
55,7,0.55,1
56,0,0.56,1
56,1,0.56,0
56,2,0.56,1
56,3,0.56,1
56,4,0.56,0
56,5,0.56,0
56,6,0.56,0
56,7,0.56,1
57,0,0.57,1
57,1,0.57,0
57,2,0.57,1
57,3,0.57,1
57,4,0.57,0
57,5,0.57,0
57,6,0.57,0
57,7,0.57,0
58,0,0.58,1
58,1,0.58,0
58,2,0.58,1
58,3,0.58,1
58,4,0.58,0
58,5,0.58,0
58,6,0.58,0
58,7,0.58,0
59,0,0.59,1
59,1,0.59,0
59,2,0.59,1
59,3,0.59,0
59,4,0.59,0
59,5,0.59,1
59,6,0.59,0
59,7,0.59,0
60,0,0.6,1
60,1,0.6,0
60,2,0.6,1
60,3,0.6,0
60,4,0.6,0
60,5,0.6,1
60,6,0.6,0
60,7,0.6,0
61,0,0.61,1
61,1,0.61,0
61,2,0.61,1
61,3,0.61,0
61,4,0.61,0
61,5,0.61,1
61,6,0.61,0
61,7,0.61,0
62,0,0.62,1
62,1,0.62,0
62,2,0.62,1
62,3,0.62,0
62,4,0.62,1
62,5,0.62,1
62,6,0.62,0
62,7,0.62,0
63,0,0.63,1
63,1,0.63,0
63,2,0.63,1
63,3,0.63,0
63,4,0.63,1
63,5,0.63,1
63,6,0.63,0
63,7,0.63,0
64,0,0.64,1
64,1,0.64,0
64,2,0.64,1
64,3,0.64,0
64,4,0.64,1
64,5,0.64,1
64,6,0.64,1
64,7,0.64,0
65,0,0.65,1
65,1,0.65,0
65,2,0.65,1
65,3,0.65,0
65,4,0.65,1
65,5,0.65,1
65,6,0.65,1
65,7,0.65,0
66,0,0.66,1
66,1,0.66,0
66,2,0.66,0
66,3,0.66,0
66,4,0.66,1
66,5,0.66,1
66,6,0.66,1
66,7,0.66,0
67,0,0.67,1
67,1,0.67,0
67,2,0.67,0
67,3,0.67,0
67,4,0.67,1
67,5,0.67,1
67,6,0.67,0
67,7,0.67,0
68,0,0.68,1
68,1,0.68,0
68,2,0.68,0
68,3,0.68,1
68,4,0.68,1
68,5,0.68,1
68,6,0.68,0
68,7,0.68,0
69,0,0.69,1
69,1,0.69,0
69,2,0.69,0
69,3,0.69,1
69,4,0.69,1
69,5,0.69,1
69,6,0.69,1
69,7,0.69,0
70,0,0.7,1
70,1,0.7,0
70,2,0.7,0
70,3,0.7,1
70,4,0.7,1
70,5,0.7,1
70,6,0.7,1
70,7,0.7,0
71,0,0.71,1
71,1,0.71,0
71,2,0.71,0
71,3,0.71,1
71,4,0.71,1
71,5,0.71,1
71,6,0.71,1
71,7,0.71,0
72,0,0.72,1
72,1,0.72,0
72,2,0.72,0
72,3,0.72,1
72,4,0.72,1
72,5,0.72,1
72,6,0.72,1
72,7,0.72,0
73,0,0.73,0
73,1,0.73,0
73,2,0.73,0
73,3,0.73,1
73,4,0.73,1
73,5,0.73,1
73,6,0.73,1
73,7,0.73,0
74,0,0.74,0
74,1,0.74,0
74,2,0.74,0
74,3,0.74,1
74,4,0.74,1
74,5,0.74,1
74,6,0.74,1
74,7,0.74,0
75,0,0.75,0
75,1,0.75,0
75,2,0.75,0
75,3,0.75,1
75,4,0.75,1
75,5,0.75,1
75,6,0.75,1
75,7,0.75,1
76,0,0.76,0
76,1,0.76,0
76,2,0.76,1
76,3,0.76,1
76,4,0.76,1
76,5,0.76,1
76,6,0.76,1
76,7,0.76,1
77,0,0.77,0
77,1,0.77,0
77,2,0.77,1
77,3,0.77,1
77,4,0.77,1
77,5,0.77,1
77,6,0.77,1
77,7,0.77,1
78,0,0.78,1
78,1,0.78,0
78,2,0.78,1
78,3,0.78,1
78,4,0.78,0
78,5,0.78,1
78,6,0.78,1
78,7,0.78,1
79,0,0.79,1
79,1,0.79,0
79,2,0.79,1
79,3,0.79,0
79,4,0.79,0
79,5,0.79,0
79,6,0.79,1
79,7,0.79,1
80,0,0.8,1
80,1,0.8,0
80,2,0.8,1
80,3,0.8,0
80,4,0.8,1
80,5,0.8,0
80,6,0.8,1
80,7,0.8,1
81,0,0.81,1
81,1,0.81,0
81,2,0.81,1
81,3,0.81,0
81,4,0.81,1
81,5,0.81,0
81,6,0.81,1
81,7,0.81,1
82,0,0.82,1
82,1,0.82,1
82,2,0.82,1
82,3,0.82,0
82,4,0.82,1
82,5,0.82,0
82,6,0.82,1
82,7,0.82,1
83,0,0.83,1
83,1,0.83,1
83,2,0.83,1
83,3,0.83,0
83,4,0.83,1
83,5,0.83,0
83,6,0.83,1
83,7,0.83,1
84,0,0.84,1
84,1,0.84,1
84,2,0.84,1
84,3,0.84,0
84,4,0.84,1
84,5,0.84,0
84,6,0.84,0
84,7,0.84,1
85,0,0.85,1
85,1,0.85,1
85,2,0.85,1
85,3,0.85,0
85,4,0.85,1
85,5,0.85,0
85,6,0.85,0
85,7,0.85,1
86,0,0.86,1
86,1,0.86,1
86,2,0.86,1
86,3,0.86,1
86,4,0.86,1
86,5,0.86,0
86,6,0.86,0
86,7,0.86,1
87,0,0.87,1
87,1,0.87,1
87,2,0.87,1
87,3,0.87,1
87,4,0.87,1
87,5,0.87,0
87,6,0.87,0
87,7,0.87,1
88,0,0.88,1
88,1,0.88,1
88,2,0.88,1
88,3,0.88,1
88,4,0.88,1
88,5,0.88,0
88,6,0.88,0
88,7,0.88,1
89,0,0.89,1
89,1,0.89,1
89,2,0.89,0
89,3,0.89,1
89,4,0.89,1
89,5,0.89,0
89,6,0.89,1
89,7,0.89,1
90,0,0.9,1
90,1,0.9,1
90,2,0.9,0
90,3,0.9,1
90,4,0.9,1
90,5,0.9,0
90,6,0.9,1
90,7,0.9,1
91,0,0.91,1
91,1,0.91,1
91,2,0.91,0
91,3,0.91,1
91,4,0.91,1
91,5,0.91,0
91,6,0.91,1
91,7,0.91,1
92,0,0.92,1
92,1,0.92,1
92,2,0.92,0
92,3,0.92,1
92,4,0.92,1
92,5,0.92,0
92,6,0.92,1
92,7,0.92,1
93,0,0.93,1
93,1,0.93,1
93,2,0.93,0
93,3,0.93,1
93,4,0.93,1
93,5,0.93,0
93,6,0.93,1
93,7,0.93,1
94,0,0.94,1
94,1,0.94,1
94,2,0.94,0
94,3,0.94,1
94,4,0.94,1
94,5,0.94,0
94,6,0.94,1
94,7,0.94,1
95,0,0.95,0
95,1,0.95,1
95,2,0.95,0
95,3,0.95,1
95,4,0.95,1
95,5,0.95,0
95,6,0.95,1
95,7,0.95,0
96,0,0.96,0
96,1,0.96,1
96,2,0.96,0
96,3,0.96,1
96,4,0.96,1
96,5,0.96,0
96,6,0.96,1
96,7,0.96,0
97,0,0.97,0
97,1,0.97,1
97,2,0.97,0
97,3,0.97,0
97,4,0.97,0
97,5,0.97,0
97,6,0.97,1
97,7,0.97,0
98,0,0.98,0
98,1,0.98,1
98,2,0.98,0
98,3,0.98,0
98,4,0.98,0
98,5,0.98,0
98,6,0.98,1
98,7,0.98,1
99,0,0.99,0
99,1,0.99,1
99,2,0.99,0
99,3,0.99,1
99,4,0.99,0
99,5,0.99,1
99,6,0.99,1
99,7,0.99,1
100,0,1.0,0
100,1,1.0,1
100,2,1.0,0
100,3,1.0,1
100,4,1.0,0
100,5,1.0,0
100,6,1.0,1
100,7,1.0,1
101,0,1.01,0
101,1,1.01,1
101,2,1.01,0
101,3,1.01,1
101,4,1.01,0
101,5,1.01,0
101,6,1.01,1
101,7,1.01,1
102,0,1.02,0
102,1,1.02,0
102,2,1.02,0
102,3,1.02,1
102,4,1.02,1
102,5,1.02,0
102,6,1.02,1
102,7,1.02,1
103,0,1.03,0
103,1,1.03,1
103,2,1.03,0
103,3,1.03,1
103,4,1.03,1
103,5,1.03,0
103,6,1.03,1
103,7,1.03,1
104,0,1.04,0
104,1,1.04,1
104,2,1.04,0
104,3,1.04,1
104,4,1.04,1
104,5,1.04,0
104,6,1.04,1
104,7,1.04,1
105,0,1.05,0
105,1,1.05,1
105,2,1.05,0
105,3,1.05,1
105,4,1.05,1
105,5,1.05,0
105,6,1.05,1
105,7,1.05,1
106,0,1.06,0
106,1,1.06,1
106,2,1.06,0
106,3,1.06,1
106,4,1.06,1
106,5,1.06,0
106,6,1.06,1
106,7,1.06,1
107,0,1.07,0
107,1,1.07,0
107,2,1.07,0
107,3,1.07,1
107,4,1.07,1
107,5,1.07,0
107,6,1.07,1
107,7,1.07,1
108,0,1.08,1
108,1,1.08,0
108,2,1.08,0
108,3,1.08,1
108,4,1.08,1
108,5,1.08,0
108,6,1.08,1
108,7,1.08,1
109,0,1.09,1
109,1,1.09,0
109,2,1.09,0
109,3,1.09,1
109,4,1.09,1
109,5,1.09,0
109,6,1.09,1
109,7,1.09,1
110,0,1.1,1
110,1,1.1,0
110,2,1.1,0
110,3,1.1,1
110,4,1.1,1
110,5,1.1,0
110,6,1.1,1
110,7,1.1,0
111,0,1.11,1
111,1,1.11,0
111,2,1.11,1
111,3,1.11,1
111,4,1.11,1
111,5,1.11,0
111,6,1.11,1
111,7,1.11,0
112,0,1.12,1
112,1,1.12,0
112,2,1.12,1
112,3,1.12,1
112,4,1.12,0
112,5,1.12,0
112,6,1.12,1
112,7,1.12,0
113,0,1.13,1
113,1,1.13,0
113,2,1.13,1
113,3,1.13,1
113,4,1.13,0
113,5,1.13,0
113,6,1.13,1
113,7,1.13,0
114,0,1.14,1
114,1,1.14,0
114,2,1.14,1
114,3,1.14,0
114,4,1.14,0
114,5,1.14,0
114,6,1.14,1
114,7,1.14,0
115,0,1.15,1
115,1,1.15,0
115,2,1.15,1
115,3,1.15,0
115,4,1.15,0
115,5,1.15,0
115,6,1.15,1
115,7,1.15,0
116,0,1.16,1
116,1,1.16,0
116,2,1.16,1
116,3,1.16,0
116,4,1.16,0
116,5,1.16,1
116,6,1.16,1
116,7,1.16,0
117,0,1.17,1
117,1,1.17,1
117,2,1.17,1
117,3,1.17,0
117,4,1.17,0
117,5,1.17,1
117,6,1.17,1
117,7,1.17,0
118,0,1.18,1
118,1,1.18,1
118,2,1.18,1
118,3,1.18,0
118,4,1.18,0
118,5,1.18,1
118,6,1.18,1
118,7,1.18,0
119,0,1.19,1
119,1,1.19,1
119,2,1.19,1
119,3,1.19,0
119,4,1.19,0
119,5,1.19,1
119,6,1.19,0
119,7,1.19,0
120,0,1.2,1
120,1,1.2,1
120,2,1.2,1
120,3,1.2,0
120,4,1.2,0
120,5,1.2,1
120,6,1.2,0
120,7,1.2,0
121,0,1.21,1
121,1,1.21,1
121,2,1.21,1
121,3,1.21,0
121,4,1.21,0
121,5,1.21,1
121,6,1.21,0
121,7,1.21,0
122,0,1.22,1
122,1,1.22,1
122,2,1.22,1
122,3,1.22,0
122,4,1.22,0
122,5,1.22,1
122,6,1.22,1
122,7,1.22,1
123,0,1.23,1
123,1,1.23,1
123,2,1.23,1
123,3,1.23,0
123,4,1.23,0
123,5,1.23,1
123,6,1.23,1
123,7,1.23,1
124,0,1.24,1
124,1,1.24,1
124,2,1.24,1
124,3,1.24,0
124,4,1.24,1
124,5,1.24,1
124,6,1.24,1
124,7,1.24,1
125,0,1.25,1
125,1,1.25,1
125,2,1.25,0
125,3,1.25,1
125,4,1.25,1
125,5,1.25,1
125,6,1.25,1
125,7,1.25,1
126,0,1.26,0
126,1,1.26,1
126,2,1.26,0
126,3,1.26,1
126,4,1.26,1
126,5,1.26,1
126,6,1.26,1
126,7,1.26,1
127,0,1.27,0
127,1,1.27,1
127,2,1.27,0
127,3,1.27,1
127,4,1.27,1
127,5,1.27,1
127,6,1.27,1
127,7,1.27,1
128,0,1.28,0
128,1,1.28,1
128,2,1.28,1
128,3,1.28,1
128,4,1.28,1
128,5,1.28,1
128,6,1.28,1
128,7,1.28,1
129,0,1.29,0
129,1,1.29,1
129,2,1.29,1
129,3,1.29,1
129,4,1.29,1
129,5,1.29,1
129,6,1.29,1
129,7,1.29,1
130,0,1.3,0
130,1,1.3,1
130,2,1.3,1
130,3,1.3,1
130,4,1.3,0
130,5,1.3,1
130,6,1.3,1
130,7,1.3,1
131,0,1.31,0
131,1,1.31,1
131,2,1.31,1
131,3,1.31,1
131,4,1.31,0
131,5,1.31,1
131,6,1.31,1
131,7,1.31,0
132,0,1.32,0
132,1,1.32,0
132,2,1.32,1
132,3,1.32,1
132,4,1.32,1
132,5,1.32,1
132,6,1.32,0
132,7,1.32,1
133,0,1.33,0
133,1,1.33,0
133,2,1.33,0
133,3,1.33,1
133,4,1.33,1
133,5,1.33,1
133,6,1.33,0
133,7,1.33,1
134,0,1.34,0
134,1,1.34,0
134,2,1.34,0
134,3,1.34,1
134,4,1.34,1
134,5,1.34,0
134,6,1.34,0
134,7,1.34,1
135,0,1.35,0
135,1,1.35,1
135,2,1.35,0
135,3,1.35,1
135,4,1.35,1
135,5,1.35,0
135,6,1.35,0
135,7,1.35,1
136,0,1.36,0
136,1,1.36,1
136,2,1.36,0
136,3,1.36,1
136,4,1.36,1
136,5,1.36,1
136,6,1.36,0
136,7,1.36,1
137,0,1.37,0
137,1,1.37,1
137,2,1.37,0
137,3,1.37,1
137,4,1.37,1
137,5,1.37,1
137,6,1.37,0
137,7,1.37,1
138,0,1.38,0
138,1,1.38,1
138,2,1.38,0
138,3,1.38,1
138,4,1.38,1
138,5,1.38,1
138,6,1.38,0
138,7,1.38,1
139,0,1.39,0
139,1,1.39,1
139,2,1.39,0
139,3,1.39,1
139,4,1.39,1
139,5,1.39,1
139,6,1.39,0
139,7,1.39,1
140,0,1.4,0
140,1,1.4,1
140,2,1.4,0
140,3,1.4,1
140,4,1.4,1
140,5,1.4,1
140,6,1.4,0
140,7,1.4,1
141,0,1.41,1
141,1,1.41,1
141,2,1.41,0
141,3,1.41,1
141,4,1.41,1
141,5,1.41,1
141,6,1.41,0
141,7,1.41,1
142,0,1.42,1
142,1,1.42,1
142,2,1.42,0
142,3,1.42,1
142,4,1.42,1
142,5,1.42,0
142,6,1.42,1
142,7,1.42,1
143,0,1.43,1
143,1,1.43,1
143,2,1.43,0
143,3,1.43,1
143,4,1.43,1
143,5,1.43,0
143,6,1.43,1
143,7,1.43,0
144,0,1.44,1
144,1,1.44,0
144,2,1.44,0
144,3,1.44,1
144,4,1.44,1
144,5,1.44,0
144,6,1.44,1
144,7,1.44,0
145,0,1.45,1
145,1,1.45,0
145,2,1.45,1
145,3,1.45,1
145,4,1.45,1
145,5,1.45,0
145,6,1.45,1
145,7,1.45,1
146,0,1.46,1
146,1,1.46,0
146,2,1.46,1
146,3,1.46,1
146,4,1.46,0
146,5,1.46,1
146,6,1.46,1
146,7,1.46,0
147,0,1.47,1
147,1,1.47,1
147,2,1.47,1
147,3,1.47,1
147,4,1.47,0
147,5,1.47,1
147,6,1.47,1
147,7,1.47,0
148,0,1.48,0
148,1,1.48,1
148,2,1.48,1
148,3,1.48,1
148,4,1.48,0
148,5,1.48,1
148,6,1.48,1
148,7,1.48,0
149,0,1.49,0
149,1,1.49,1
149,2,1.49,1
149,3,1.49,1
149,4,1.49,0
149,5,1.49,1
149,6,1.49,1
149,7,1.49,1
150,0,1.5,0
150,1,1.5,1
150,2,1.5,1
150,3,1.5,0
150,4,1.5,0
150,5,1.5,1
150,6,1.5,1
150,7,1.5,1
151,0,1.51,0
151,1,1.51,1
151,2,1.51,1
151,3,1.51,0
151,4,1.51,0
151,5,1.51,1
151,6,1.51,1
151,7,1.51,1
152,0,1.52,1
152,1,1.52,0
152,2,1.52,1
152,3,1.52,0
152,4,1.52,0
152,5,1.52,1
152,6,1.52,1
152,7,1.52,1
153,0,1.53,1
153,1,1.53,0
153,2,1.53,1
153,3,1.53,0
153,4,1.53,0
153,5,1.53,0
153,6,1.53,1
153,7,1.53,1
154,0,1.54,1
154,1,1.54,0
154,2,1.54,1
154,3,1.54,0
154,4,1.54,0
154,5,1.54,1
154,6,1.54,1
154,7,1.54,1
155,0,1.55,1
155,1,1.55,0
155,2,1.55,1
155,3,1.55,0
155,4,1.55,0
155,5,1.55,1
155,6,1.55,1
155,7,1.55,1
156,0,1.56,1
156,1,1.56,0
156,2,1.56,1
156,3,1.56,1
156,4,1.56,0
156,5,1.56,1
156,6,1.56,1
156,7,1.56,1
157,0,1.57,1
157,1,1.57,0
157,2,1.57,1
157,3,1.57,1
157,4,1.57,1
157,5,1.57,0
157,6,1.57,1
157,7,1.57,1
158,0,1.58,1
158,1,1.58,0
158,2,1.58,0
158,3,1.58,1
158,4,1.58,1
158,5,1.58,0
158,6,1.58,1
158,7,1.58,1
159,0,1.59,1
159,1,1.59,0
159,2,1.59,0
159,3,1.59,1
159,4,1.59,1
159,5,1.59,0
159,6,1.59,0
159,7,1.59,1
160,0,1.6,1
160,1,1.6,1
160,2,1.6,0
160,3,1.6,1
160,4,1.6,1
160,5,1.6,0
160,6,1.6,0
160,7,1.6,1
161,0,1.61,1
161,1,1.61,1
161,2,1.61,1
161,3,1.61,1
161,4,1.61,1
161,5,1.61,0
161,6,1.61,0
161,7,1.61,1
162,0,1.62,1
162,1,1.62,0
162,2,1.62,1
162,3,1.62,1
162,4,1.62,1
162,5,1.62,1
162,6,1.62,0
162,7,1.62,1
163,0,1.63,1
163,1,1.63,0
163,2,1.63,1
163,3,1.63,1
163,4,1.63,1
163,5,1.63,1
163,6,1.63,0
163,7,1.63,1
164,0,1.64,1
164,1,1.64,0
164,2,1.64,1
164,3,1.64,1
164,4,1.64,1
164,5,1.64,1
164,6,1.64,0
164,7,1.64,1
165,0,1.65,1
165,1,1.65,0
165,2,1.65,1
165,3,1.65,1
165,4,1.65,0
165,5,1.65,1
165,6,1.65,1
165,7,1.65,1
166,0,1.66,1
166,1,1.66,0
166,2,1.66,1
166,3,1.66,1
166,4,1.66,0
166,5,1.66,1
166,6,1.66,1
166,7,1.66,1
167,0,1.67,1
167,1,1.67,0
167,2,1.67,1
167,3,1.67,1
167,4,1.67,0
167,5,1.67,1
167,6,1.67,1
167,7,1.67,1
168,0,1.68,1
168,1,1.68,0
168,2,1.68,1
168,3,1.68,1
168,4,1.68,0
168,5,1.68,1
168,6,1.68,1
168,7,1.68,1
169,0,1.69,1
169,1,1.69,0
169,2,1.69,1
169,3,1.69,1
169,4,1.69,0
169,5,1.69,1
169,6,1.69,1
169,7,1.69,0
170,0,1.7,0
170,1,1.7,0
170,2,1.7,1
170,3,1.7,1
170,4,1.7,1
170,5,1.7,1
170,6,1.7,1
170,7,1.7,0
171,0,1.71,0
171,1,1.71,0
171,2,1.71,1
171,3,1.71,1
171,4,1.71,1
171,5,1.71,1
171,6,1.71,1
171,7,1.71,0
172,0,1.72,0
172,1,1.72,0
172,2,1.72,1
172,3,1.72,1
172,4,1.72,1
172,5,1.72,1
172,6,1.72,1
172,7,1.72,0
173,0,1.73,1
173,1,1.73,0
173,2,1.73,1
173,3,1.73,1
173,4,1.73,1
173,5,1.73,1
173,6,1.73,1
173,7,1.73,0
174,0,1.74,1
174,1,1.74,0
174,2,1.74,1
174,3,1.74,1
174,4,1.74,1
174,5,1.74,1
174,6,1.74,1
174,7,1.74,0
175,0,1.75,1
175,1,1.75,1
175,2,1.75,1
175,3,1.75,1
175,4,1.75,1
175,5,1.75,1
175,6,1.75,1
175,7,1.75,0
176,0,1.76,1
176,1,1.76,1
176,2,1.76,0
176,3,1.76,0
176,4,1.76,1
176,5,1.76,1
176,6,1.76,1
176,7,1.76,1
177,0,1.77,1
177,1,1.77,1
177,2,1.77,1
177,3,1.77,0
177,4,1.77,1
177,5,1.77,1
177,6,1.77,0
177,7,1.77,1
178,0,1.78,1
178,1,1.78,1
178,2,1.78,1
178,3,1.78,0
178,4,1.78,1
178,5,1.78,1
178,6,1.78,0
178,7,1.78,0
179,0,1.79,1
179,1,1.79,1
179,2,1.79,1
179,3,1.79,0
179,4,1.79,0
179,5,1.79,1
179,6,1.79,0
179,7,1.79,0
180,0,1.8,1
180,1,1.8,1
180,2,1.8,1
180,3,1.8,0
180,4,1.8,0
180,5,1.8,1
180,6,1.8,0
180,7,1.8,0
181,0,1.81,1
181,1,1.81,1
181,2,1.81,1
181,3,1.81,0
181,4,1.81,1
181,5,1.81,1
181,6,1.81,0
181,7,1.81,0
182,0,1.82,1
182,1,1.82,1
182,2,1.82,1
182,3,1.82,0
182,4,1.82,1
182,5,1.82,0
182,6,1.82,0
182,7,1.82,1
183,0,1.83,1
183,1,1.83,1
183,2,1.83,1
183,3,1.83,0
183,4,1.83,1
183,5,1.83,0
183,6,1.83,0
183,7,1.83,1
184,0,1.84,1
184,1,1.84,1
184,2,1.84,1
184,3,1.84,0
184,4,1.84,1
184,5,1.84,0
184,6,1.84,1
184,7,1.84,1
185,0,1.85,1
185,1,1.85,1
185,2,1.85,1
185,3,1.85,0
185,4,1.85,1
185,5,1.85,0
185,6,1.85,1
185,7,1.85,1
186,0,1.86,0
186,1,1.86,1
186,2,1.86,1
186,3,1.86,0
186,4,1.86,1
186,5,1.86,1
186,6,1.86,1
186,7,1.86,1
187,0,1.87,0
187,1,1.87,1
187,2,1.87,1
187,3,1.87,0
187,4,1.87,1
187,5,1.87,0
187,6,1.87,1
187,7,1.87,1
188,0,1.88,0
188,1,1.88,0
188,2,1.88,1
188,3,1.88,1
188,4,1.88,1
188,5,1.88,0
188,6,1.88,1
188,7,1.88,1
189,0,1.89,0
189,1,1.89,0
189,2,1.89,1
189,3,1.89,1
189,4,1.89,1
189,5,1.89,0
189,6,1.89,1
189,7,1.89,1
190,0,1.9,1
190,1,1.9,1
190,2,1.9,1
190,3,1.9,1
190,4,1.9,1
190,5,1.9,0
190,6,1.9,1
190,7,1.9,1
191,0,1.91,1
191,1,1.91,1
191,2,1.91,1
191,3,1.91,1
191,4,1.91,1
191,5,1.91,0
191,6,1.91,0
191,7,1.91,1
192,0,1.92,1
192,1,1.92,1
192,2,1.92,1
192,3,1.92,1
192,4,1.92,1
192,5,1.92,0
192,6,1.92,0
192,7,1.92,1
193,0,1.93,1
193,1,1.93,1
193,2,1.93,1
193,3,1.93,1
193,4,1.93,1
193,5,1.93,0
193,6,1.93,0
193,7,1.93,1
194,0,1.94,1
194,1,1.94,1
194,2,1.94,0
194,3,1.94,1
194,4,1.94,1
194,5,1.94,0
194,6,1.94,0
194,7,1.94,1
195,0,1.95,1
195,1,1.95,1
195,2,1.95,1
195,3,1.95,1
195,4,1.95,1
195,5,1.95,0
195,6,1.95,0
195,7,1.95,1
196,0,1.96,1
196,1,1.96,1
196,2,1.96,1
196,3,1.96,1
196,4,1.96,1
196,5,1.96,0
196,6,1.96,0
196,7,1.96,1
197,0,1.97,1
197,1,1.97,1
197,2,1.97,1
197,3,1.97,1
197,4,1.97,1
197,5,1.97,0
197,6,1.97,0
197,7,1.97,1
198,0,1.98,1
198,1,1.98,0
198,2,1.98,1
198,3,1.98,1
198,4,1.98,0
198,5,1.98,0
198,6,1.98,0
198,7,1.98,1
199,0,1.99,1
199,1,1.99,0
199,2,1.99,1
199,3,1.99,0
199,4,1.99,0
199,5,1.99,0
199,6,1.99,0
199,7,1.99,0
200,0,2.0,1
200,1,2.0,0
200,2,2.0,1
200,3,2.0,0
200,4,2.0,0
200,5,2.0,0
200,6,2.0,0
200,7,2.0,0
201,0,2.01,1
201,1,2.01,1
201,2,2.01,0
201,3,2.01,0
201,4,2.01,0
201,5,2.01,0
201,6,2.01,0
201,7,2.01,0
202,0,2.02,1
202,1,2.02,1
202,2,2.02,0
202,3,2.02,0
202,4,2.02,1
202,5,2.02,0
202,6,2.02,0
202,7,2.02,0
203,0,2.03,1
203,1,2.03,1
203,2,2.03,0
203,3,2.03,0
203,4,2.03,1
203,5,2.03,0
203,6,2.03,0
203,7,2.03,0
204,0,2.04,1
204,1,2.04,1
204,2,2.04,0
204,3,2.04,1
204,4,2.04,1
204,5,2.04,0
204,6,2.04,1
204,7,2.04,0
205,0,2.05,1
205,1,2.05,1
205,2,2.05,0
205,3,2.05,1
205,4,2.05,1
205,5,2.05,0
205,6,2.05,1
205,7,2.05,0
206,0,2.06,1
206,1,2.06,1
206,2,2.06,0
206,3,2.06,0
206,4,2.06,1
206,5,2.06,0
206,6,2.06,1
206,7,2.06,0
207,0,2.07,1
207,1,2.07,1
207,2,2.07,0
207,3,2.07,0
207,4,2.07,1
207,5,2.07,0
207,6,2.07,0
207,7,2.07,0
208,0,2.08,0
208,1,2.08,1
208,2,2.08,1
208,3,2.08,1
208,4,2.08,0
208,5,2.08,0
208,6,2.08,1
208,7,2.08,0
209,0,2.09,0
209,1,2.09,1
209,2,2.09,1
209,3,2.09,1
209,4,2.09,0
209,5,2.09,0
209,6,2.09,1
209,7,2.09,0
210,0,2.1,0
210,1,2.1,0
210,2,2.1,1
210,3,2.1,1
210,4,2.1,0
210,5,2.1,0
210,6,2.1,0
210,7,2.1,0
211,0,2.11,0
211,1,2.11,1
211,2,2.11,1
211,3,2.11,1
211,4,2.11,0
211,5,2.11,1
211,6,2.11,0
211,7,2.11,0
212,0,2.12,0
212,1,2.12,1
212,2,2.12,1
212,3,2.12,1
212,4,2.12,0
212,5,2.12,1
212,6,2.12,0
212,7,2.12,1
213,0,2.13,0
213,1,2.13,1
213,2,2.13,1
213,3,2.13,1
213,4,2.13,0
213,5,2.13,1
213,6,2.13,0
213,7,2.13,1
214,0,2.14,0
214,1,2.14,1
214,2,2.14,1
214,3,2.14,1
214,4,2.14,0
214,5,2.14,1
214,6,2.14,0
214,7,2.14,1
215,0,2.15,0
215,1,2.15,1
215,2,2.15,1
215,3,2.15,1
215,4,2.15,0
215,5,2.15,0
215,6,2.15,0
215,7,2.15,1
216,0,2.16,0
216,1,2.16,1
216,2,2.16,1
216,3,2.16,1
216,4,2.16,0
216,5,2.16,1
216,6,2.16,1
216,7,2.16,1
217,0,2.17,0
217,1,2.17,1
217,2,2.17,1
217,3,2.17,1
217,4,2.17,1
217,5,2.17,1
217,6,2.17,1
217,7,2.17,1
218,0,2.18,1
218,1,2.18,1
218,2,2.18,1
218,3,2.18,1
218,4,2.18,1
218,5,2.18,1
218,6,2.18,1
218,7,2.18,1
219,0,2.19,1
219,1,2.19,1
219,2,2.19,1
219,3,2.19,0
219,4,2.19,1
219,5,2.19,1
219,6,2.19,1
219,7,2.19,1
220,0,2.2,1
220,1,2.2,1
220,2,2.2,1
220,3,2.2,0
220,4,2.2,1
220,5,2.2,1
220,6,2.2,1
220,7,2.2,1
221,0,2.21,1
221,1,2.21,1
221,2,2.21,1
221,3,2.21,0
221,4,2.21,1
221,5,2.21,1
221,6,2.21,1
221,7,2.21,0
222,0,2.22,1
222,1,2.22,1
222,2,2.22,1
222,3,2.22,1
222,4,2.22,1
222,5,2.22,1
222,6,2.22,1
222,7,2.22,0
223,0,2.23,1
223,1,2.23,1
223,2,2.23,1
223,3,2.23,1
223,4,2.23,1
223,5,2.23,1
223,6,2.23,1
223,7,2.23,0
224,0,2.24,0
224,1,2.24,1
224,2,2.24,1
224,3,2.24,1
224,4,2.24,1
224,5,2.24,1
224,6,2.24,1
224,7,2.24,0
225,0,2.25,0
225,1,2.25,0
225,2,2.25,1
225,3,2.25,1
225,4,2.25,1
225,5,2.25,1
225,6,2.25,1
225,7,2.25,0
226,0,2.26,0
226,1,2.26,0
226,2,2.26,1
226,3,2.26,1
226,4,2.26,1
226,5,2.26,1
226,6,2.26,1
226,7,2.26,0
227,0,2.27,0
227,1,2.27,1
227,2,2.27,1
227,3,2.27,1
227,4,2.27,1
227,5,2.27,1
227,6,2.27,1
227,7,2.27,0
228,0,2.28,0
228,1,2.28,1
228,2,2.28,1
228,3,2.28,1
228,4,2.28,1
228,5,2.28,1
228,6,2.28,0
228,7,2.28,1
229,0,2.29,0
229,1,2.29,1
229,2,2.29,1
229,3,2.29,1
229,4,2.29,1
229,5,2.29,1
229,6,2.29,0
229,7,2.29,1
230,0,2.3,1
230,1,2.3,1
230,2,2.3,1
230,3,2.3,1
230,4,2.3,1
230,5,2.3,0
230,6,2.3,0
230,7,2.3,1
231,0,2.31,1
231,1,2.31,1
231,2,2.31,1
231,3,2.31,0
231,4,2.31,1
231,5,2.31,0
231,6,2.31,0
231,7,2.31,1
232,0,2.32,1
232,1,2.32,1
232,2,2.32,1
232,3,2.32,1
232,4,2.32,1
232,5,2.32,0
232,6,2.32,0
232,7,2.32,1
233,0,2.33,1
233,1,2.33,1
233,2,2.33,1
233,3,2.33,1
233,4,2.33,1
233,5,2.33,1
233,6,2.33,1
233,7,2.33,1
234,0,2.34,1
234,1,2.34,1
234,2,2.34,1
234,3,2.34,0
234,4,2.34,1
234,5,2.34,1
234,6,2.34,1
234,7,2.34,1
235,0,2.35,1
235,1,2.35,1
235,2,2.35,1
235,3,2.35,0
235,4,2.35,1
235,5,2.35,1
235,6,2.35,1
235,7,2.35,1
236,0,2.36,1
236,1,2.36,1
236,2,2.36,1
236,3,2.36,0
236,4,2.36,0
236,5,2.36,1
236,6,2.36,1
236,7,2.36,1
237,0,2.37,1
237,1,2.37,1
237,2,2.37,1
237,3,2.37,0
237,4,2.37,0
237,5,2.37,1
237,6,2.37,1
237,7,2.37,1
238,0,2.38,1
238,1,2.38,1
238,2,2.38,1
238,3,2.38,0
238,4,2.38,1
238,5,2.38,0
238,6,2.38,1
238,7,2.38,0
239,0,2.39,0
239,1,2.39,1
239,2,2.39,1
239,3,2.39,0
239,4,2.39,1
239,5,2.39,0
239,6,2.39,1
239,7,2.39,0
240,0,2.4,0
240,1,2.4,1
240,2,2.4,1
240,3,2.4,1
240,4,2.4,1
240,5,2.4,1
240,6,2.4,1
240,7,2.4,0
241,0,2.41,0
241,1,2.41,1
241,2,2.41,1
241,3,2.41,1
241,4,2.41,1
241,5,2.41,1
241,6,2.41,1
241,7,2.41,1
242,0,2.42,0
242,1,2.42,1
242,2,2.42,1
242,3,2.42,1
242,4,2.42,1
242,5,2.42,1
242,6,2.42,1
242,7,2.42,1
243,0,2.43,1
243,1,2.43,1
243,2,2.43,1
243,3,2.43,1
243,4,2.43,1
243,5,2.43,1
243,6,2.43,1
243,7,2.43,1
244,0,2.44,1
244,1,2.44,1
244,2,2.44,1
244,3,2.44,1
244,4,2.44,1
244,5,2.44,1
244,6,2.44,1
244,7,2.44,1
245,0,2.45,1
245,1,2.45,1
245,2,2.45,0
245,3,2.45,1
245,4,2.45,1
245,5,2.45,1
245,6,2.45,0
245,7,2.45,1
246,0,2.46,1
246,1,2.46,0
246,2,2.46,0
246,3,2.46,1
246,4,2.46,1
246,5,2.46,1
246,6,2.46,1
246,7,2.46,1
247,0,2.47,1
247,1,2.47,0
247,2,2.47,0
247,3,2.47,1
247,4,2.47,1
247,5,2.47,1
247,6,2.47,1
247,7,2.47,1
248,0,2.48,1
248,1,2.48,0
248,2,2.48,0
248,3,2.48,1
248,4,2.48,1
248,5,2.48,1
248,6,2.48,1
248,7,2.48,0
249,0,2.49,1
249,1,2.49,0
249,2,2.49,0
249,3,2.49,1
249,4,2.49,1
249,5,2.49,1
249,6,2.49,1
249,7,2.49,0
250,0,2.5,1
250,1,2.5,0
250,2,2.5,0
250,3,2.5,1
250,4,2.5,1
250,5,2.5,1
250,6,2.5,1
250,7,2.5,1
251,0,2.51,1
251,1,2.51,0
251,2,2.51,1
251,3,2.51,1
251,4,2.51,1
251,5,2.51,0
251,6,2.51,1
251,7,2.51,1
252,0,2.52,1
252,1,2.52,1
252,2,2.52,1
252,3,2.52,0
252,4,2.52,1
252,5,2.52,0
252,6,2.52,1
252,7,2.52,1
253,0,2.53,1
253,1,2.53,1
253,2,2.53,1
253,3,2.53,1
253,4,2.53,1
253,5,2.53,1
253,6,2.53,1
253,7,2.53,1
254,0,2.54,1
254,1,2.54,1
254,2,2.54,0
254,3,2.54,1
254,4,2.54,1
254,5,2.54,1
254,6,2.54,1
254,7,2.54,0
255,0,2.55,1
255,1,2.55,1
255,2,2.55,0
255,3,2.55,1
255,4,2.55,1
255,5,2.55,1
255,6,2.55,1
255,7,2.55,0
256,0,2.56,1
256,1,2.56,1
256,2,2.56,0
256,3,2.56,1
256,4,2.56,0
256,5,2.56,1
256,6,2.56,1
256,7,2.56,0
257,0,2.57,1
257,1,2.57,1
257,2,2.57,0
257,3,2.57,1
257,4,2.57,0
257,5,2.57,1
257,6,2.57,0
257,7,2.57,0
258,0,2.58,1
258,1,2.58,1
258,2,2.58,0
258,3,2.58,1
258,4,2.58,0
258,5,2.58,1
258,6,2.58,0
258,7,2.58,0
259,0,2.59,1
259,1,2.59,1
259,2,2.59,0
259,3,2.59,1
259,4,2.59,1
259,5,2.59,1
259,6,2.59,0
259,7,2.59,0
260,0,2.6,1
260,1,2.6,1
260,2,2.6,0
260,3,2.6,1
260,4,2.6,1
260,5,2.6,0
260,6,2.6,0
260,7,2.6,1
261,0,2.61,1
261,1,2.61,1
261,2,2.61,0
261,3,2.61,1
261,4,2.61,1
261,5,2.61,0
261,6,2.61,1
261,7,2.61,1
262,0,2.62,1
262,1,2.62,1
262,2,2.62,0
262,3,2.62,1
262,4,2.62,1
262,5,2.62,0
262,6,2.62,1
262,7,2.62,1
263,0,2.63,1
263,1,2.63,1
263,2,2.63,0
263,3,2.63,1
263,4,2.63,1
263,5,2.63,0
263,6,2.63,1
263,7,2.63,1
264,0,2.64,1
264,1,2.64,1
264,2,2.64,1
264,3,2.64,0
264,4,2.64,0
264,5,2.64,0
264,6,2.64,1
264,7,2.64,1
265,0,2.65,1
265,1,2.65,1
265,2,2.65,1
265,3,2.65,0
265,4,2.65,0
265,5,2.65,0
265,6,2.65,1
265,7,2.65,1
266,0,2.66,1
266,1,2.66,1
266,2,2.66,1
266,3,2.66,0
266,4,2.66,0
266,5,2.66,0
266,6,2.66,1
266,7,2.66,1
267,0,2.67,1
267,1,2.67,1
267,2,2.67,1
267,3,2.67,0
267,4,2.67,1
267,5,2.67,0
267,6,2.67,1
267,7,2.67,1
268,0,2.68,1
268,1,2.68,0
268,2,2.68,1
268,3,2.68,0
268,4,2.68,1
268,5,2.68,0
268,6,2.68,1
268,7,2.68,1
269,0,2.69,1
269,1,2.69,0
269,2,2.69,1
269,3,2.69,0
269,4,2.69,1
269,5,2.69,0
269,6,2.69,1
269,7,2.69,1
270,0,2.7,1
270,1,2.7,1
270,2,2.7,1
270,3,2.7,0
270,4,2.7,1
270,5,2.7,0
270,6,2.7,1
270,7,2.7,1
271,0,2.71,1
271,1,2.71,1
271,2,2.71,1
271,3,2.71,0
271,4,2.71,1
271,5,2.71,0
271,6,2.71,1
271,7,2.71,1
272,0,2.72,1
272,1,2.72,1
272,2,2.72,1
272,3,2.72,0
272,4,2.72,1
272,5,2.72,0
272,6,2.72,1
272,7,2.72,1
273,0,2.73,0
273,1,2.73,1
273,2,2.73,1
273,3,2.73,0
273,4,2.73,1
273,5,2.73,0
273,6,2.73,1
273,7,2.73,1
274,0,2.74,0
274,1,2.74,1
274,2,2.74,1
274,3,2.74,0
274,4,2.74,1
274,5,2.74,0
274,6,2.74,1
274,7,2.74,1
275,0,2.75,0
275,1,2.75,1
275,2,2.75,1
275,3,2.75,0
275,4,2.75,1
275,5,2.75,0
275,6,2.75,0
275,7,2.75,1
276,0,2.76,0
276,1,2.76,1
276,2,2.76,1
276,3,2.76,0
276,4,2.76,1
276,5,2.76,0
276,6,2.76,0
276,7,2.76,1
277,0,2.77,1
277,1,2.77,1
277,2,2.77,1
277,3,2.77,0
277,4,2.77,1
277,5,2.77,0
277,6,2.77,1
277,7,2.77,1
278,0,2.78,1
278,1,2.78,1
278,2,2.78,1
278,3,2.78,1
278,4,2.78,1
278,5,2.78,0
278,6,2.78,1
278,7,2.78,1
279,0,2.79,1
279,1,2.79,1
279,2,2.79,1
279,3,2.79,1
279,4,2.79,1
279,5,2.79,1
279,6,2.79,1
279,7,2.79,1
280,0,2.8,1
280,1,2.8,1
280,2,2.8,1
280,3,2.8,1
280,4,2.8,1
280,5,2.8,1
280,6,2.8,0
280,7,2.8,1
281,0,2.81,1
281,1,2.81,1
281,2,2.81,1
281,3,2.81,1
281,4,2.81,0
281,5,2.81,1
281,6,2.81,0
281,7,2.81,1
282,0,2.82,1
282,1,2.82,1
282,2,2.82,1
282,3,2.82,1
282,4,2.82,0
282,5,2.82,1
282,6,2.82,0
282,7,2.82,1
283,0,2.83,1
283,1,2.83,0
283,2,2.83,1
283,3,2.83,1
283,4,2.83,1
283,5,2.83,1
283,6,2.83,1
283,7,2.83,1
284,0,2.84,1
284,1,2.84,0
284,2,2.84,1
284,3,2.84,1
284,4,2.84,1
284,5,2.84,1
284,6,2.84,1
284,7,2.84,1
285,0,2.85,1
285,1,2.85,0
285,2,2.85,1
285,3,2.85,1
285,4,2.85,1
285,5,2.85,1
285,6,2.85,0
285,7,2.85,1
286,0,2.86,1
286,1,2.86,0
286,2,2.86,1
286,3,2.86,1
286,4,2.86,1
286,5,2.86,1
286,6,2.86,0
286,7,2.86,1
287,0,2.87,0
287,1,2.87,0
287,2,2.87,1
287,3,2.87,1
287,4,2.87,1
287,5,2.87,1
287,6,2.87,1
287,7,2.87,1
288,0,2.88,0
288,1,2.88,0
288,2,2.88,1
288,3,2.88,1
288,4,2.88,1
288,5,2.88,0
288,6,2.88,1
288,7,2.88,1
289,0,2.89,0
289,1,2.89,0
289,2,2.89,1
289,3,2.89,1
289,4,2.89,1
289,5,2.89,0
289,6,2.89,1
289,7,2.89,1
290,0,2.9,1
290,1,2.9,0
290,2,2.9,0
290,3,2.9,1
290,4,2.9,0
290,5,2.9,0
290,6,2.9,1
290,7,2.9,1
291,0,2.91,1
291,1,2.91,0
291,2,2.91,0
291,3,2.91,0
291,4,2.91,0
291,5,2.91,0
291,6,2.91,1
291,7,2.91,0
292,0,2.92,1
292,1,2.92,0
292,2,2.92,0
292,3,2.92,0
292,4,2.92,1
292,5,2.92,1
292,6,2.92,0
292,7,2.92,0
293,0,2.93,1
293,1,2.93,0
293,2,2.93,0
293,3,2.93,0
293,4,2.93,1
293,5,2.93,1
293,6,2.93,0
293,7,2.93,0
294,0,2.94,1
294,1,2.94,0
294,2,2.94,0
294,3,2.94,0
294,4,2.94,1
294,5,2.94,1
294,6,2.94,0
294,7,2.94,0
295,0,2.95,1
295,1,2.95,0
295,2,2.95,0
295,3,2.95,0
295,4,2.95,1
295,5,2.95,1
295,6,2.95,0
295,7,2.95,0
296,0,2.96,1
296,1,2.96,0
296,2,2.96,0
296,3,2.96,0
296,4,2.96,1
296,5,2.96,0
296,6,2.96,1
296,7,2.96,0
297,0,2.97,1
297,1,2.97,0
297,2,2.97,0
297,3,2.97,0
297,4,2.97,1
297,5,2.97,1
297,6,2.97,1
297,7,2.97,0
298,0,2.98,1
298,1,2.98,0
298,2,2.98,1
298,3,2.98,0
298,4,2.98,1
298,5,2.98,1
298,6,2.98,1
298,7,2.98,0
299,0,2.99,1
299,1,2.99,0
299,2,2.99,1
299,3,2.99,0
299,4,2.99,1
299,5,2.99,1
299,6,2.99,1
299,7,2.99,0
