frequency_hz,ou_power,white_noise_ref
0.0,0.0,2.45216903700137e-06
0.048828125,0.010661666952910147,2.45216903700137e-06
0.09765625,0.010929468399943763,2.45216903700137e-06
0.146484375,0.005680690850152601,2.45216903700137e-06
0.1953125,0.010647033158009547,2.45216903700137e-06
0.244140625,0.004526450984261708,2.45216903700137e-06
0.29296875,0.005821833631531227,2.45216903700137e-06
0.341796875,0.005735859371952329,2.45216903700137e-06
0.390625,0.002881516688929749,2.45216903700137e-06
0.439453125,0.0033728810972024495,2.45216903700137e-06
0.48828125,0.0006262576694343589,2.45216903700137e-06
0.537109375,0.0032917029041702765,2.45216903700137e-06
0.5859375,0.0010638380887503989,2.45216903700137e-06
0.634765625,0.002176763923935247,2.45216903700137e-06
0.68359375,0.001742100614250598,2.45216903700137e-06
0.732421875,0.004674276422854206,2.45216903700137e-06
0.78125,0.0009969871981804364,2.45216903700137e-06
0.830078125,0.0003347633692179938,2.45216903700137e-06
0.87890625,0.003352668686545282,2.45216903700137e-06
0.927734375,0.0008781524073746012,2.45216903700137e-06
0.9765625,0.002158184932726801,2.45216903700137e-06
1.025390625,0.000722621706209875,2.45216903700137e-06
1.07421875,0.0007881625229832534,2.45216903700137e-06
1.123046875,0.0006406932443745077,2.45216903700137e-06
1.171875,0.0015817196695172993,2.45216903700137e-06
1.220703125,0.001686589833873573,2.45216903700137e-06
1.26953125,0.0007332000333819482,2.45216903700137e-06
1.318359375,0.0005367356998572383,2.45216903700137e-06
1.3671875,0.0006803570687243467,2.45216903700137e-06
1.416015625,0.0004603546164540775,2.45216903700137e-06
1.46484375,0.0006317704586429156,2.45216903700137e-06
1.513671875,0.0020500412350276443,2.45216903700137e-06
1.5625,0.000908145508615363,2.45216903700137e-06
1.611328125,0.00034327038916419003,2.45216903700137e-06
1.66015625,0.0006025819998215573,2.45216903700137e-06
1.708984375,0.00033851278944279907,2.45216903700137e-06
1.7578125,0.0001936911387134761,2.45216903700137e-06
1.806640625,0.000906160715904271,2.45216903700137e-06
1.85546875,0.0003168200830626928,2.45216903700137e-06
1.904296875,0.0007815141559770266,2.45216903700137e-06
1.953125,0.00048617106299620323,2.45216903700137e-06
2.001953125,0.00023037007334523741,2.45216903700137e-06
2.05078125,0.00047491273463886577,2.45216903700137e-06
2.099609375,0.0003730263778745969,2.45216903700137e-06
2.1484375,0.000550359068613001,2.45216903700137e-06
2.197265625,0.0003802467119548799,2.45216903700137e-06
2.24609375,0.0003131602467760043,2.45216903700137e-06
2.294921875,0.00015789690040241903,2.45216903700137e-06
2.34375,8.588102636269882e-05,2.45216903700137e-06
2.392578125,0.00024024819700081576,2.45216903700137e-06
2.44140625,0.00020991917068573742,2.45216903700137e-06
2.490234375,0.00011206753757760431,2.45216903700137e-06
2.5390625,0.00012168390636285751,2.45216903700137e-06
2.587890625,0.0003947539366221952,2.45216903700137e-06
2.63671875,7.174773322048764e-05,2.45216903700137e-06
2.685546875,5.843786251577924e-05,2.45216903700137e-06
2.734375,0.00042419024306850154,2.45216903700137e-06
2.783203125,4.148099250821799e-05,2.45216903700137e-06
2.83203125,0.00020419766692660377,2.45216903700137e-06
2.880859375,9.723914383879917e-05,2.45216903700137e-06
2.9296875,0.00036259964694100783,2.45216903700137e-06
2.978515625,8.300253281079363e-05,2.45216903700137e-06
3.02734375,0.00011564584433509443,2.45216903700137e-06
3.076171875,0.0002572047035060198,2.45216903700137e-06
3.125,0.00011059577755828445,2.45216903700137e-06
3.173828125,0.00012241404034974324,2.45216903700137e-06
3.22265625,0.00020566132807715826,2.45216903700137e-06
3.271484375,0.0002581643477098116,2.45216903700137e-06
3.3203125,0.00010660721346007528,2.45216903700137e-06
3.369140625,8.925175051967885e-05,2.45216903700137e-06
3.41796875,0.00021169671313138705,2.45216903700137e-06
3.466796875,0.0003953756432976016,2.45216903700137e-06
3.515625,0.00013467063622322502,2.45216903700137e-06
3.564453125,5.286684094094524e-05,2.45216903700137e-06
3.61328125,9.577837077626278e-05,2.45216903700137e-06
3.662109375,7.072870984276767e-05,2.45216903700137e-06
3.7109375,3.6454189932027564e-05,2.45216903700137e-06
3.759765625,0.00011250180623520745,2.45216903700137e-06
3.80859375,6.874390958971754e-05,2.45216903700137e-06
3.857421875,2.9880102020695615e-05,2.45216903700137e-06
3.90625,4.0256654128913804e-05,2.45216903700137e-06
3.955078125,0.00015254103685281102,2.45216903700137e-06
4.00390625,9.350336121580202e-05,2.45216903700137e-06
4.052734375,4.553446899026793e-05,2.45216903700137e-06
4.1015625,0.00015539836562427432,2.45216903700137e-06
4.150390625,9.61401646332033e-05,2.45216903700137e-06
4.19921875,0.00012739555461175383,2.45216903700137e-06
4.248046875,4.4368060326871976e-05,2.45216903700137e-06
4.296875,4.934458574433446e-05,2.45216903700137e-06
4.345703125,6.316031588886766e-05,2.45216903700137e-06
4.39453125,6.24826070983605e-05,2.45216903700137e-06
4.443359375,4.497129028682805e-05,2.45216903700137e-06
4.4921875,2.8520021180216656e-05,2.45216903700137e-06
4.541015625,6.313593792899138e-05,2.45216903700137e-06
4.58984375,4.833064119097284e-05,2.45216903700137e-06
4.638671875,4.48763209838036e-05,2.45216903700137e-06
4.6875,0.00014806450084084698,2.45216903700137e-06
4.736328125,7.703512872892007e-05,2.45216903700137e-06
4.78515625,2.9818630559681514e-05,2.45216903700137e-06
4.833984375,6.080333933423781e-05,2.45216903700137e-06
4.8828125,3.5153675539915965e-05,2.45216903700137e-06
4.931640625,7.64173476352158e-05,2.45216903700137e-06
4.98046875,8.15393948611837e-05,2.45216903700137e-06
5.029296875,2.7832277423935177e-05,2.45216903700137e-06
5.078125,8.886181680489349e-05,2.45216903700137e-06
5.126953125,5.923820490921478e-05,2.45216903700137e-06
5.17578125,6.887707239307755e-05,2.45216903700137e-06
5.224609375,1.9684487953000376e-05,2.45216903700137e-06
5.2734375,8.798989854692195e-05,2.45216903700137e-06
5.322265625,2.323211103546561e-05,2.45216903700137e-06
5.37109375,4.607509898660385e-05,2.45216903700137e-06
5.419921875,3.569237311543724e-05,2.45216903700137e-06
5.46875,6.848029263060441e-05,2.45216903700137e-06
5.517578125,4.71168559230422e-05,2.45216903700137e-06
5.56640625,3.58284100119311e-05,2.45216903700137e-06
5.615234375,2.0558710397752155e-05,2.45216903700137e-06
5.6640625,3.679492271840575e-05,2.45216903700137e-06
5.712890625,5.892175392215176e-05,2.45216903700137e-06
5.76171875,4.796841126504258e-05,2.45216903700137e-06
5.810546875,1.8690443774310585e-05,2.45216903700137e-06
5.859375,5.235626608500321e-05,2.45216903700137e-06
5.908203125,2.799973330345889e-05,2.45216903700137e-06
5.95703125,1.344423540054514e-05,2.45216903700137e-06
6.005859375,1.9621360685004352e-05,2.45216903700137e-06
6.0546875,5.645752448173871e-05,2.45216903700137e-06
6.103515625,2.639264736657164e-05,2.45216903700137e-06
6.15234375,3.648777740656329e-05,2.45216903700137e-06
6.201171875,0.00012656884032027094,2.45216903700137e-06
6.25,2.1717846347175535e-05,2.45216903700137e-06
6.298828125,2.2529373873233073e-05,2.45216903700137e-06
6.34765625,4.0641569948492244e-05,2.45216903700137e-06
6.396484375,4.214735095937857e-05,2.45216903700137e-06
6.4453125,2.665311609865377e-05,2.45216903700137e-06
6.494140625,2.2640192918699777e-05,2.45216903700137e-06
6.54296875,4.063802316995005e-05,2.45216903700137e-06
6.591796875,6.441186261123807e-05,2.45216903700137e-06
6.640625,4.1095779461562784e-05,2.45216903700137e-06
6.689453125,3.129482035638019e-05,2.45216903700137e-06
6.73828125,2.9559491113618962e-05,2.45216903700137e-06
6.787109375,2.2515698116089612e-05,2.45216903700137e-06
6.8359375,1.1003730249855073e-05,2.45216903700137e-06
6.884765625,9.313706814511949e-06,2.45216903700137e-06
6.93359375,3.223954492396685e-05,2.45216903700137e-06
6.982421875,2.2106117588574438e-05,2.45216903700137e-06
7.03125,1.1928866775106445e-05,2.45216903700137e-06
7.080078125,3.906817436767144e-05,2.45216903700137e-06
7.12890625,3.7981306536418374e-05,2.45216903700137e-06
7.177734375,2.397812751284291e-05,2.45216903700137e-06
7.2265625,3.524151611721706e-05,2.45216903700137e-06
7.275390625,2.2103850867072632e-05,2.45216903700137e-06
7.32421875,3.6795394184322515e-05,2.45216903700137e-06
7.373046875,2.5773397329810087e-05,2.45216903700137e-06
7.421875,2.0761690227689287e-05,2.45216903700137e-06
7.470703125,3.734306654351542e-05,2.45216903700137e-06
7.51953125,2.4174809377534727e-05,2.45216903700137e-06
7.568359375,4.959189372432814e-05,2.45216903700137e-06
7.6171875,4.187571269489117e-05,2.45216903700137e-06
7.666015625,1.5083045154757504e-05,2.45216903700137e-06
7.71484375,2.7032999814308162e-05,2.45216903700137e-06
7.763671875,3.2991648884354455e-05,2.45216903700137e-06
7.8125,1.8933704618884845e-05,2.45216903700137e-06
7.861328125,2.5522975845801488e-05,2.45216903700137e-06
7.91015625,1.673386149845933e-05,2.45216903700137e-06
7.958984375,2.608496981863308e-05,2.45216903700137e-06
8.0078125,1.536017487627719e-05,2.45216903700137e-06
8.056640625,2.8637582288518357e-05,2.45216903700137e-06
8.10546875,1.620014525562818e-05,2.45216903700137e-06
8.154296875,1.6245715351616438e-05,2.45216903700137e-06
8.203125,7.771212781100005e-06,2.45216903700137e-06
8.251953125,1.953824356390337e-05,2.45216903700137e-06
8.30078125,4.93105206552678e-05,2.45216903700137e-06
8.349609375,2.981427345399598e-05,2.45216903700137e-06
8.3984375,1.023974646141765e-05,2.45216903700137e-06
8.447265625,2.118777449627265e-05,2.45216903700137e-06
8.49609375,2.4928930429355207e-05,2.45216903700137e-06
8.544921875,9.44860808065845e-06,2.45216903700137e-06
8.59375,3.061007570021836e-05,2.45216903700137e-06
8.642578125,1.8422820836469038e-05,2.45216903700137e-06
8.69140625,1.0866346236198289e-05,2.45216903700137e-06
8.740234375,1.3599832585839095e-05,2.45216903700137e-06
8.7890625,1.5856629035230654e-05,2.45216903700137e-06
8.837890625,9.623805911265676e-06,2.45216903700137e-06
8.88671875,8.694321493483462e-06,2.45216903700137e-06
8.935546875,1.6697359166726084e-05,2.45216903700137e-06
8.984375,4.501920199614561e-05,2.45216903700137e-06
9.033203125,9.922880772954046e-06,2.45216903700137e-06
9.08203125,1.187077906663426e-05,2.45216903700137e-06
9.130859375,1.0354439752892884e-05,2.45216903700137e-06
9.1796875,2.094425092564959e-05,2.45216903700137e-06
9.228515625,1.9388102387747648e-05,2.45216903700137e-06
9.27734375,1.7838678470475827e-05,2.45216903700137e-06
9.326171875,2.0409044191830764e-05,2.45216903700137e-06
9.375,1.7808206422057483e-05,2.45216903700137e-06
9.423828125,1.2064049599219415e-05,2.45216903700137e-06
9.47265625,3.1102219209052133e-06,2.45216903700137e-06
9.521484375,6.853971628318887e-06,2.45216903700137e-06
9.5703125,1.5262887851164225e-05,2.45216903700137e-06
9.619140625,2.9357249559093836e-06,2.45216903700137e-06
9.66796875,5.797534366005136e-06,2.45216903700137e-06
9.716796875,3.553349520435505e-05,2.45216903700137e-06
9.765625,2.1236726045469078e-05,2.45216903700137e-06
9.814453125,1.8929507673427515e-05,2.45216903700137e-06
9.86328125,1.7815762117556432e-05,2.45216903700137e-06
9.912109375,4.150464145107794e-06,2.45216903700137e-06
9.9609375,1.3467511030604079e-05,2.45216903700137e-06
10.009765625,1.8122442251538563e-05,2.45216903700137e-06
10.05859375,8.496230328228247e-06,2.45216903700137e-06
10.107421875,1.3855496601010065e-05,2.45216903700137e-06
10.15625,4.5131569856584525e-06,2.45216903700137e-06
10.205078125,6.123951030655589e-06,2.45216903700137e-06
10.25390625,2.2660959262665906e-05,2.45216903700137e-06
10.302734375,2.82865807550841e-05,2.45216903700137e-06
10.3515625,8.459419540188397e-06,2.45216903700137e-06
10.400390625,2.1200400726487705e-05,2.45216903700137e-06
10.44921875,1.9060539166625023e-05,2.45216903700137e-06
10.498046875,1.1217846068854121e-05,2.45216903700137e-06
10.546875,1.376220950130317e-05,2.45216903700137e-06
10.595703125,2.4943657848397333e-05,2.45216903700137e-06
10.64453125,1.2576938224635278e-05,2.45216903700137e-06
10.693359375,6.407817583916883e-06,2.45216903700137e-06
10.7421875,1.216664172291443e-05,2.45216903700137e-06
10.791015625,1.8940034549983122e-05,2.45216903700137e-06
10.83984375,6.752469558096701e-06,2.45216903700137e-06
10.888671875,5.890981251558e-06,2.45216903700137e-06
10.9375,2.0663117934135187e-05,2.45216903700137e-06
10.986328125,9.643531412465404e-06,2.45216903700137e-06
11.03515625,1.3564679470803702e-05,2.45216903700137e-06
11.083984375,8.335217326240348e-06,2.45216903700137e-06
11.1328125,8.150002826100463e-06,2.45216903700137e-06
11.181640625,1.219234662319179e-05,2.45216903700137e-06
11.23046875,7.48649496225796e-06,2.45216903700137e-06
11.279296875,2.0751691878021494e-05,2.45216903700137e-06
11.328125,1.476971845693529e-06,2.45216903700137e-06
11.376953125,1.5833473391250003e-05,2.45216903700137e-06
11.42578125,3.5484132753662195e-06,2.45216903700137e-06
11.474609375,1.5614798323292577e-05,2.45216903700137e-06
11.5234375,5.8384672070898975e-06,2.45216903700137e-06
11.572265625,1.4015474455314843e-05,2.45216903700137e-06
11.62109375,8.038879145349493e-06,2.45216903700137e-06
11.669921875,9.911678406980563e-06,2.45216903700137e-06
11.71875,1.222299356818899e-05,2.45216903700137e-06
11.767578125,1.934080474838178e-06,2.45216903700137e-06
11.81640625,7.24098913882673e-06,2.45216903700137e-06
11.865234375,1.5895101220727342e-05,2.45216903700137e-06
11.9140625,3.879441581681442e-06,2.45216903700137e-06
11.962890625,1.4386455737827326e-05,2.45216903700137e-06
12.01171875,4.875043311855196e-06,2.45216903700137e-06
12.060546875,1.0698806011412723e-05,2.45216903700137e-06
12.109375,4.4714718218664466e-06,2.45216903700137e-06
12.158203125,8.078554435450085e-06,2.45216903700137e-06
12.20703125,7.0389046835556975e-06,2.45216903700137e-06
12.255859375,6.308486272982179e-06,2.45216903700137e-06
12.3046875,3.9358270728415895e-06,2.45216903700137e-06
12.353515625,1.4179049853440208e-05,2.45216903700137e-06
12.40234375,1.1478912756957923e-05,2.45216903700137e-06
12.451171875,3.5270009249776626e-06,2.45216903700137e-06
12.5,5.957428716847664e-06,2.45216903700137e-06
12.548828125,7.597894803843175e-06,2.45216903700137e-06
12.59765625,1.254943448483977e-05,2.45216903700137e-06
12.646484375,4.551395466709689e-06,2.45216903700137e-06
12.6953125,1.5543646269286496e-05,2.45216903700137e-06
12.744140625,6.826240143520868e-06,2.45216903700137e-06
12.79296875,8.681078155020865e-06,2.45216903700137e-06
12.841796875,4.677706284918892e-06,2.45216903700137e-06
12.890625,8.353938989978013e-06,2.45216903700137e-06
12.939453125,6.017818955726293e-06,2.45216903700137e-06
12.98828125,6.261596395925943e-06,2.45216903700137e-06
13.037109375,3.55601112969409e-06,2.45216903700137e-06
13.0859375,7.91313978265343e-06,2.45216903700137e-06
13.134765625,9.025169653493557e-06,2.45216903700137e-06
13.18359375,9.029854961245558e-06,2.45216903700137e-06
13.232421875,1.0033083192007154e-05,2.45216903700137e-06
13.28125,5.539614825134588e-06,2.45216903700137e-06
13.330078125,7.775044219448311e-06,2.45216903700137e-06
13.37890625,1.5575466624686552e-05,2.45216903700137e-06
13.427734375,1.939514887392057e-06,2.45216903700137e-06
13.4765625,5.982685967618256e-06,2.45216903700137e-06
13.525390625,1.3189997066587445e-05,2.45216903700137e-06
13.57421875,7.98992185806994e-06,2.45216903700137e-06
13.623046875,1.506218875409822e-05,2.45216903700137e-06
13.671875,6.643893671235817e-06,2.45216903700137e-06
13.720703125,2.276826203451321e-06,2.45216903700137e-06
13.76953125,6.921378730076852e-06,2.45216903700137e-06
13.818359375,7.501284663769111e-06,2.45216903700137e-06
13.8671875,1.4917974490755232e-05,2.45216903700137e-06
13.916015625,7.044478664819235e-06,2.45216903700137e-06
13.96484375,1.1591950239881957e-05,2.45216903700137e-06
14.013671875,8.440405539619746e-06,2.45216903700137e-06
14.0625,5.337278506114443e-06,2.45216903700137e-06
14.111328125,5.889331014733215e-06,2.45216903700137e-06
14.16015625,1.4233216795567495e-05,2.45216903700137e-06
14.208984375,2.5444616569066185e-06,2.45216903700137e-06
14.2578125,6.8736373448914984e-06,2.45216903700137e-06
14.306640625,1.2229566138398637e-05,2.45216903700137e-06
14.35546875,1.0998331798440169e-05,2.45216903700137e-06
14.404296875,5.70487867239541e-06,2.45216903700137e-06
14.453125,9.76593937450859e-06,2.45216903700137e-06
14.501953125,6.347093886099125e-06,2.45216903700137e-06
14.55078125,5.343528202673478e-06,2.45216903700137e-06
14.599609375,1.0251404434033417e-05,2.45216903700137e-06
14.6484375,1.3862107139159947e-05,2.45216903700137e-06
14.697265625,5.17854340899733e-06,2.45216903700137e-06
14.74609375,3.1912343263284314e-06,2.45216903700137e-06
14.794921875,1.2746317370457806e-05,2.45216903700137e-06
14.84375,3.9360168143989494e-06,2.45216903700137e-06
14.892578125,1.6919072037226873e-05,2.45216903700137e-06
14.94140625,3.1100584331887778e-06,2.45216903700137e-06
14.990234375,6.37122575668672e-06,2.45216903700137e-06
15.0390625,7.797814695549887e-06,2.45216903700137e-06
15.087890625,1.5434866031233559e-06,2.45216903700137e-06
15.13671875,3.594549617821544e-06,2.45216903700137e-06
15.185546875,2.5201283916239965e-06,2.45216903700137e-06
15.234375,3.729028557526204e-06,2.45216903700137e-06
15.283203125,6.083948740843477e-06,2.45216903700137e-06
15.33203125,2.1506843730746265e-06,2.45216903700137e-06
15.380859375,7.094206890391155e-06,2.45216903700137e-06
15.4296875,1.0977818917800291e-05,2.45216903700137e-06
15.478515625,1.1841307613840391e-05,2.45216903700137e-06
15.52734375,2.5109884134737235e-06,2.45216903700137e-06
15.576171875,2.0284912353913883e-06,2.45216903700137e-06
15.625,2.9789522049489785e-06,2.45216903700137e-06
15.673828125,8.30109876202911e-06,2.45216903700137e-06
15.72265625,3.946797657090135e-06,2.45216903700137e-06
15.771484375,8.872200039776352e-06,2.45216903700137e-06
15.8203125,3.101936146853008e-06,2.45216903700137e-06
15.869140625,5.1519705521560115e-06,2.45216903700137e-06
15.91796875,5.020938021271577e-06,2.45216903700137e-06
15.966796875,6.8741884289451856e-06,2.45216903700137e-06
16.015625,5.991410929859077e-06,2.45216903700137e-06
16.064453125,9.776490916599361e-06,2.45216903700137e-06
16.11328125,4.005640670148906e-06,2.45216903700137e-06
16.162109375,9.564386196193858e-06,2.45216903700137e-06
16.2109375,1.2647165147675857e-05,2.45216903700137e-06
16.259765625,2.561797994484071e-06,2.45216903700137e-06
16.30859375,4.990006425776119e-06,2.45216903700137e-06
16.357421875,6.707714570998964e-06,2.45216903700137e-06
16.40625,5.709600583928972e-06,2.45216903700137e-06
16.455078125,2.944835919371207e-06,2.45216903700137e-06
16.50390625,2.7151055534432885e-06,2.45216903700137e-06
16.552734375,7.2124398723604536e-06,2.45216903700137e-06
16.6015625,2.9225023506755653e-06,2.45216903700137e-06
16.650390625,4.915769166403684e-06,2.45216903700137e-06
16.69921875,1.591587496252402e-05,2.45216903700137e-06
16.748046875,3.885347913322053e-06,2.45216903700137e-06
16.796875,9.009081413700935e-06,2.45216903700137e-06
16.845703125,1.152814395464617e-05,2.45216903700137e-06
16.89453125,7.438906143230239e-06,2.45216903700137e-06
16.943359375,1.294538920398562e-06,2.45216903700137e-06
16.9921875,3.277523597447161e-06,2.45216903700137e-06
17.041015625,5.536776977680565e-06,2.45216903700137e-06
17.08984375,4.640860269313085e-06,2.45216903700137e-06
17.138671875,3.6464310945064442e-06,2.45216903700137e-06
17.1875,1.2879464723930573e-05,2.45216903700137e-06
17.236328125,3.578154698073811e-06,2.45216903700137e-06
17.28515625,8.800330993173745e-06,2.45216903700137e-06
17.333984375,2.4715850914499744e-06,2.45216903700137e-06
17.3828125,2.849170999850581e-06,2.45216903700137e-06
17.431640625,7.279518613805367e-06,2.45216903700137e-06
17.48046875,2.5115936661425865e-06,2.45216903700137e-06
17.529296875,2.5019596043468248e-06,2.45216903700137e-06
17.578125,6.433786719286917e-06,2.45216903700137e-06
17.626953125,6.160447021293515e-06,2.45216903700137e-06
17.67578125,4.079049919178474e-06,2.45216903700137e-06
17.724609375,7.304908938190064e-06,2.45216903700137e-06
17.7734375,3.3473657388499018e-06,2.45216903700137e-06
17.822265625,5.000755743576917e-06,2.45216903700137e-06
17.87109375,5.339800098214974e-06,2.45216903700137e-06
17.919921875,9.024822706693058e-06,2.45216903700137e-06
17.96875,9.449099589947461e-06,2.45216903700137e-06
18.017578125,2.51027818165092e-06,2.45216903700137e-06
18.06640625,9.846002050525985e-06,2.45216903700137e-06
18.115234375,2.5227840972216093e-06,2.45216903700137e-06
18.1640625,2.470300309548571e-06,2.45216903700137e-06
18.212890625,2.0507796860680986e-06,2.45216903700137e-06
18.26171875,7.796050126259332e-06,2.45216903700137e-06
18.310546875,4.475557290317244e-06,2.45216903700137e-06
18.359375,1.165046853319981e-06,2.45216903700137e-06
18.408203125,8.616046232819236e-06,2.45216903700137e-06
18.45703125,7.1138841774077865e-06,2.45216903700137e-06
18.505859375,1.3193190351879897e-05,2.45216903700137e-06
18.5546875,1.0259584521933067e-06,2.45216903700137e-06
18.603515625,9.193604438864879e-06,2.45216903700137e-06
18.65234375,4.905832864703888e-06,2.45216903700137e-06
18.701171875,8.473598455895034e-06,2.45216903700137e-06
18.75,4.070014774108145e-06,2.45216903700137e-06
18.798828125,5.4599959723066704e-06,2.45216903700137e-06
18.84765625,6.319610904880314e-06,2.45216903700137e-06
18.896484375,8.550856373794145e-06,2.45216903700137e-06
18.9453125,3.840894187993171e-06,2.45216903700137e-06
18.994140625,2.732706159866286e-06,2.45216903700137e-06
19.04296875,5.578144558211699e-06,2.45216903700137e-06
19.091796875,3.807439203889332e-06,2.45216903700137e-06
19.140625,5.873792713487535e-06,2.45216903700137e-06
19.189453125,2.260112964518429e-06,2.45216903700137e-06
19.23828125,3.3721193733267143e-06,2.45216903700137e-06
19.287109375,3.137947594217496e-06,2.45216903700137e-06
19.3359375,6.1572922317389725e-06,2.45216903700137e-06
19.384765625,5.0007075833767996e-06,2.45216903700137e-06
19.43359375,5.4933102809185314e-06,2.45216903700137e-06
19.482421875,6.956582947808585e-06,2.45216903700137e-06
19.53125,1.784852393299818e-06,2.45216903700137e-06
19.580078125,4.361014111886415e-06,2.45216903700137e-06
19.62890625,2.7858972840444516e-06,2.45216903700137e-06
19.677734375,3.865651524257721e-06,2.45216903700137e-06
19.7265625,1.1993533756055693e-06,2.45216903700137e-06
19.775390625,3.631091818204567e-06,2.45216903700137e-06
19.82421875,4.715080758136311e-06,2.45216903700137e-06
19.873046875,7.404331602188961e-06,2.45216903700137e-06
19.921875,2.044227336508423e-06,2.45216903700137e-06
19.970703125,2.4146096965868246e-06,2.45216903700137e-06
20.01953125,1.3296727095259257e-06,2.45216903700137e-06
20.068359375,2.51596154069789e-06,2.45216903700137e-06
20.1171875,3.1866598110005247e-06,2.45216903700137e-06
20.166015625,2.771705579515193e-06,2.45216903700137e-06
20.21484375,2.3063191782003277e-06,2.45216903700137e-06
20.263671875,1.583746482360327e-06,2.45216903700137e-06
20.3125,7.982123149579892e-06,2.45216903700137e-06
20.361328125,6.740401743303055e-06,2.45216903700137e-06
20.41015625,1.2253213383018755e-05,2.45216903700137e-06
20.458984375,3.669287599543109e-06,2.45216903700137e-06
20.5078125,3.191793503996932e-06,2.45216903700137e-06
20.556640625,1.64699797104215e-06,2.45216903700137e-06
20.60546875,4.589290033449787e-06,2.45216903700137e-06
20.654296875,4.400572914470866e-06,2.45216903700137e-06
20.703125,4.49006486334013e-06,2.45216903700137e-06
20.751953125,6.380227247998158e-06,2.45216903700137e-06
20.80078125,5.479022960061497e-06,2.45216903700137e-06
20.849609375,3.2208847719735956e-06,2.45216903700137e-06
20.8984375,3.1401399425718676e-06,2.45216903700137e-06
20.947265625,3.498713757718343e-06,2.45216903700137e-06
20.99609375,2.8079363928890006e-06,2.45216903700137e-06
21.044921875,2.748709253224224e-06,2.45216903700137e-06
21.09375,2.964595717733709e-06,2.45216903700137e-06
21.142578125,4.815840502409478e-06,2.45216903700137e-06
21.19140625,3.9244058243918044e-06,2.45216903700137e-06
21.240234375,6.517061385300073e-07,2.45216903700137e-06
21.2890625,7.271070299838564e-06,2.45216903700137e-06
21.337890625,4.497698618472724e-06,2.45216903700137e-06
21.38671875,1.8201533704028239e-06,2.45216903700137e-06
21.435546875,5.096927898856831e-06,2.45216903700137e-06
21.484375,3.1309873869837576e-06,2.45216903700137e-06
21.533203125,4.600817326232324e-06,2.45216903700137e-06
21.58203125,2.9539136296615996e-06,2.45216903700137e-06
21.630859375,1.330805310833773e-06,2.45216903700137e-06
21.6796875,1.4185277568578315e-06,2.45216903700137e-06
21.728515625,6.2126974492434654e-06,2.45216903700137e-06
21.77734375,1.8114836274164284e-06,2.45216903700137e-06
21.826171875,2.46423147614751e-06,2.45216903700137e-06
21.875,2.1523148266449566e-06,2.45216903700137e-06
21.923828125,5.195601735190811e-06,2.45216903700137e-06
21.97265625,2.1840440166248674e-06,2.45216903700137e-06
22.021484375,5.91143572242139e-06,2.45216903700137e-06
22.0703125,3.673450620952112e-06,2.45216903700137e-06
22.119140625,1.377639967334955e-06,2.45216903700137e-06
22.16796875,4.347101447807658e-06,2.45216903700137e-06
22.216796875,1.8407848255826667e-06,2.45216903700137e-06
22.265625,8.27507999365193e-06,2.45216903700137e-06
22.314453125,3.1293617485533444e-06,2.45216903700137e-06
22.36328125,3.7818725790401836e-06,2.45216903700137e-06
22.412109375,3.390015514937971e-06,2.45216903700137e-06
22.4609375,1.7564784822174106e-06,2.45216903700137e-06
22.509765625,1.5831902413596358e-06,2.45216903700137e-06
22.55859375,1.036427078010123e-06,2.45216903700137e-06
22.607421875,3.691395771604723e-06,2.45216903700137e-06
22.65625,1.984800747076701e-06,2.45216903700137e-06
22.705078125,3.3957863499813327e-06,2.45216903700137e-06
22.75390625,1.4053198904637263e-06,2.45216903700137e-06
22.802734375,3.7065645970504205e-06,2.45216903700137e-06
22.8515625,6.7635496549622545e-06,2.45216903700137e-06
22.900390625,4.106099602737837e-06,2.45216903700137e-06
22.94921875,4.682764038566725e-06,2.45216903700137e-06
22.998046875,7.976302832573117e-07,2.45216903700137e-06
23.046875,3.5883995577961794e-06,2.45216903700137e-06
23.095703125,2.275535737637748e-06,2.45216903700137e-06
23.14453125,1.3588650796323845e-06,2.45216903700137e-06
23.193359375,4.185743137509591e-06,2.45216903700137e-06
23.2421875,6.054380246195515e-06,2.45216903700137e-06
23.291015625,4.808491979005062e-06,2.45216903700137e-06
23.33984375,4.292125578704045e-06,2.45216903700137e-06
23.388671875,2.1131115034997423e-06,2.45216903700137e-06
23.4375,1.0434624201203641e-06,2.45216903700137e-06
23.486328125,4.676262330820045e-06,2.45216903700137e-06
23.53515625,2.492644713552517e-06,2.45216903700137e-06
23.583984375,9.686535846492219e-06,2.45216903700137e-06
23.6328125,1.449684904176118e-06,2.45216903700137e-06
23.681640625,6.395681926325992e-07,2.45216903700137e-06
23.73046875,2.5223823257046255e-06,2.45216903700137e-06
23.779296875,3.299735364105252e-06,2.45216903700137e-06
23.828125,5.294352047788168e-06,2.45216903700137e-06
23.876953125,6.118994380537295e-06,2.45216903700137e-06
23.92578125,2.5046953069868536e-06,2.45216903700137e-06
23.974609375,3.052152939598449e-06,2.45216903700137e-06
24.0234375,1.3731262076679125e-06,2.45216903700137e-06
24.072265625,3.243602683586866e-06,2.45216903700137e-06
24.12109375,1.0129959921005237e-06,2.45216903700137e-06
24.169921875,4.772649716779468e-06,2.45216903700137e-06
24.21875,6.326022760037899e-06,2.45216903700137e-06
24.267578125,1.8066612092213352e-06,2.45216903700137e-06
24.31640625,1.9532152275704293e-06,2.45216903700137e-06
24.365234375,2.0068646348004517e-06,2.45216903700137e-06
24.4140625,3.243044110819713e-06,2.45216903700137e-06
24.462890625,2.498023804610357e-06,2.45216903700137e-06
24.51171875,1.3402040849661091e-06,2.45216903700137e-06
24.560546875,1.3605433678629765e-06,2.45216903700137e-06
24.609375,2.7352913171558672e-06,2.45216903700137e-06
24.658203125,2.085619277890021e-06,2.45216903700137e-06
24.70703125,2.630959451622907e-06,2.45216903700137e-06
24.755859375,3.7004896260716503e-06,2.45216903700137e-06
24.8046875,4.375748937584181e-06,2.45216903700137e-06
24.853515625,5.375279890658271e-06,2.45216903700137e-06
24.90234375,1.64461348832624e-06,2.45216903700137e-06
24.951171875,9.231304980107952e-07,2.45216903700137e-06
25.0,2.63026588748401e-06,2.45216903700137e-06
25.048828125,2.5860293840707046e-06,2.45216903700137e-06
25.09765625,1.515630036624457e-06,2.45216903700137e-06
25.146484375,4.4524520608303874e-07,2.45216903700137e-06
25.1953125,1.4679937395094626e-06,2.45216903700137e-06
25.244140625,1.201136710939577e-06,2.45216903700137e-06
25.29296875,1.8233496382548826e-06,2.45216903700137e-06
25.341796875,2.3651382194415713e-06,2.45216903700137e-06
25.390625,4.2263807309950495e-06,2.45216903700137e-06
25.439453125,4.101734896238138e-06,2.45216903700137e-06
25.48828125,2.8973140691811535e-06,2.45216903700137e-06
25.537109375,4.2128021873288454e-06,2.45216903700137e-06
25.5859375,4.022609972976542e-06,2.45216903700137e-06
25.634765625,3.556832793800936e-06,2.45216903700137e-06
25.68359375,7.339043282331791e-07,2.45216903700137e-06
25.732421875,1.3111556317961717e-06,2.45216903700137e-06
25.78125,1.912196678664345e-06,2.45216903700137e-06
25.830078125,1.6750174827544984e-06,2.45216903700137e-06
25.87890625,1.682460995956492e-06,2.45216903700137e-06
25.927734375,3.33927839610592e-06,2.45216903700137e-06
25.9765625,3.852322294246521e-06,2.45216903700137e-06
26.025390625,1.3456488616883172e-06,2.45216903700137e-06
26.07421875,2.644799467729626e-06,2.45216903700137e-06
26.123046875,2.070039070282818e-06,2.45216903700137e-06
26.171875,3.4057381894576644e-06,2.45216903700137e-06
26.220703125,8.691964667369716e-06,2.45216903700137e-06
26.26953125,2.632724879935024e-06,2.45216903700137e-06
26.318359375,2.3410531186497246e-06,2.45216903700137e-06
26.3671875,4.1726282057513676e-06,2.45216903700137e-06
26.416015625,2.6322589180562176e-06,2.45216903700137e-06
26.46484375,2.2689455135324316e-06,2.45216903700137e-06
26.513671875,6.531072130071457e-06,2.45216903700137e-06
26.5625,2.7864864827506667e-06,2.45216903700137e-06
26.611328125,5.180905254098276e-06,2.45216903700137e-06
26.66015625,1.4885720014884991e-06,2.45216903700137e-06
26.708984375,2.373543932724752e-06,2.45216903700137e-06
26.7578125,3.818679724211677e-06,2.45216903700137e-06
26.806640625,1.3736091549491663e-06,2.45216903700137e-06
26.85546875,1.740772103064074e-06,2.45216903700137e-06
26.904296875,4.083458136208709e-06,2.45216903700137e-06
26.953125,1.6355161958455818e-06,2.45216903700137e-06
27.001953125,9.99890650634296e-07,2.45216903700137e-06
27.05078125,5.20535064446635e-06,2.45216903700137e-06
27.099609375,4.629216320032375e-07,2.45216903700137e-06
27.1484375,3.6580369549439233e-06,2.45216903700137e-06
27.197265625,1.5867796501396167e-06,2.45216903700137e-06
27.24609375,3.934297467307089e-06,2.45216903700137e-06
27.294921875,3.245890954821614e-06,2.45216903700137e-06
27.34375,4.023653884593475e-06,2.45216903700137e-06
27.392578125,1.3279886946974786e-06,2.45216903700137e-06
27.44140625,6.248406417232966e-06,2.45216903700137e-06
27.490234375,9.58920709104928e-07,2.45216903700137e-06
27.5390625,4.228317396898656e-06,2.45216903700137e-06
27.587890625,3.1828658933948545e-06,2.45216903700137e-06
27.63671875,1.439140356382123e-06,2.45216903700137e-06
27.685546875,3.8370130368042215e-06,2.45216903700137e-06
27.734375,2.151713674687234e-06,2.45216903700137e-06
27.783203125,2.177633530098077e-06,2.45216903700137e-06
27.83203125,1.272057835901417e-06,2.45216903700137e-06
27.880859375,3.415021691223362e-06,2.45216903700137e-06
27.9296875,1.339163953111195e-06,2.45216903700137e-06
27.978515625,2.933444129118842e-06,2.45216903700137e-06
28.02734375,2.9584466463633893e-06,2.45216903700137e-06
28.076171875,1.469073646145175e-06,2.45216903700137e-06
28.125,1.727241607525361e-06,2.45216903700137e-06
28.173828125,5.965428476151984e-07,2.45216903700137e-06
28.22265625,1.1254258993543193e-06,2.45216903700137e-06
28.271484375,1.7417621043757304e-06,2.45216903700137e-06
28.3203125,3.026542859094415e-06,2.45216903700137e-06
28.369140625,1.6022422466924029e-06,2.45216903700137e-06
28.41796875,1.554437751824183e-06,2.45216903700137e-06
28.466796875,1.7190338392757228e-06,2.45216903700137e-06
28.515625,2.527245692060549e-06,2.45216903700137e-06
28.564453125,3.2972206032884586e-06,2.45216903700137e-06
28.61328125,3.2323940205113653e-06,2.45216903700137e-06
28.662109375,2.0859006966537407e-06,2.45216903700137e-06
28.7109375,2.1298935816950846e-06,2.45216903700137e-06
28.759765625,2.7931699611123094e-06,2.45216903700137e-06
28.80859375,2.431436911386257e-06,2.45216903700137e-06
28.857421875,3.4801118633326166e-06,2.45216903700137e-06
28.90625,2.2527297309830873e-06,2.45216903700137e-06
28.955078125,2.9575489484375126e-06,2.45216903700137e-06
29.00390625,6.880381525450883e-07,2.45216903700137e-06
29.052734375,6.1318045978465145e-06,2.45216903700137e-06
29.1015625,4.993582709532952e-06,2.45216903700137e-06
29.150390625,3.0623566296597546e-06,2.45216903700137e-06
29.19921875,1.0943753510548055e-06,2.45216903700137e-06
29.248046875,4.335934428772688e-06,2.45216903700137e-06
29.296875,2.3605302798501538e-06,2.45216903700137e-06
29.345703125,1.7984015342899538e-06,2.45216903700137e-06
29.39453125,9.020318066936143e-07,2.45216903700137e-06
29.443359375,1.9786583329957324e-06,2.45216903700137e-06
29.4921875,1.072595797112929e-06,2.45216903700137e-06
29.541015625,2.33369688083767e-06,2.45216903700137e-06
29.58984375,3.3005678472782096e-07,2.45216903700137e-06
29.638671875,7.483446773682085e-07,2.45216903700137e-06
29.6875,1.151718664838953e-06,2.45216903700137e-06
29.736328125,9.247255313331038e-07,2.45216903700137e-06
29.78515625,1.0269634660936957e-06,2.45216903700137e-06
29.833984375,1.6549352884903899e-06,2.45216903700137e-06
29.8828125,2.834664013935785e-06,2.45216903700137e-06
29.931640625,1.4065873835982933e-07,2.45216903700137e-06
29.98046875,1.5922828085488467e-06,2.45216903700137e-06
30.029296875,9.637311793577127e-07,2.45216903700137e-06
30.078125,2.031966831113444e-06,2.45216903700137e-06
30.126953125,1.7989772412692222e-06,2.45216903700137e-06
30.17578125,2.6074523260196614e-06,2.45216903700137e-06
30.224609375,2.3487238799517465e-06,2.45216903700137e-06
30.2734375,1.5078137236979614e-06,2.45216903700137e-06
30.322265625,9.476926550781502e-07,2.45216903700137e-06
30.37109375,2.1660083639933266e-06,2.45216903700137e-06
30.419921875,1.8089078176541327e-06,2.45216903700137e-06
30.46875,1.208393133960057e-06,2.45216903700137e-06
30.517578125,1.2667423555995779e-06,2.45216903700137e-06
30.56640625,3.0988643578604337e-06,2.45216903700137e-06
30.615234375,2.592909656550299e-06,2.45216903700137e-06
30.6640625,2.054017059222841e-06,2.45216903700137e-06
30.712890625,6.23440073445621e-07,2.45216903700137e-06
30.76171875,9.748714216747784e-07,2.45216903700137e-06
30.810546875,2.496029741146263e-06,2.45216903700137e-06
30.859375,3.0176690837944814e-06,2.45216903700137e-06
30.908203125,1.4652904038715914e-06,2.45216903700137e-06
30.95703125,9.967082524820384e-07,2.45216903700137e-06
31.005859375,1.623432659473075e-06,2.45216903700137e-06
31.0546875,1.4167381468343192e-06,2.45216903700137e-06
31.103515625,1.686684162470998e-06,2.45216903700137e-06
31.15234375,2.5953404759503395e-06,2.45216903700137e-06
31.201171875,2.085720395721583e-06,2.45216903700137e-06
31.25,3.6127224590958346e-06,2.45216903700137e-06
31.298828125,1.5619512685593531e-06,2.45216903700137e-06
31.34765625,1.3427363239837619e-06,2.45216903700137e-06
31.396484375,1.6842303821073595e-06,2.45216903700137e-06
31.4453125,1.6001905261515902e-06,2.45216903700137e-06
31.494140625,2.759595808825093e-06,2.45216903700137e-06
31.54296875,2.3596220896700003e-06,2.45216903700137e-06
31.591796875,2.4500948030058025e-06,2.45216903700137e-06
31.640625,2.478221140002109e-06,2.45216903700137e-06
31.689453125,1.5602842401185322e-06,2.45216903700137e-06
31.73828125,1.734868937018174e-06,2.45216903700137e-06
31.787109375,3.3016709239536004e-06,2.45216903700137e-06
31.8359375,1.8479482280266423e-06,2.45216903700137e-06
31.884765625,2.3552871398240874e-06,2.45216903700137e-06
31.93359375,6.910868296395322e-06,2.45216903700137e-06
31.982421875,1.4259145838109439e-06,2.45216903700137e-06
32.03125,1.8910580509191418e-06,2.45216903700137e-06
32.080078125,3.021047429356859e-06,2.45216903700137e-06
32.12890625,3.7811565334179014e-07,2.45216903700137e-06
32.177734375,1.0664116779497185e-06,2.45216903700137e-06
32.2265625,1.5402567111156654e-06,2.45216903700137e-06
32.275390625,8.255478823387566e-07,2.45216903700137e-06
32.32421875,1.5805626080299918e-06,2.45216903700137e-06
32.373046875,3.0755512250143515e-06,2.45216903700137e-06
32.421875,1.0444395364084757e-06,2.45216903700137e-06
32.470703125,2.4285108205381255e-06,2.45216903700137e-06
32.51953125,4.146020218443459e-06,2.45216903700137e-06
32.568359375,1.4439904087991586e-06,2.45216903700137e-06
32.6171875,3.190976693443131e-06,2.45216903700137e-06
32.666015625,1.367405360147967e-06,2.45216903700137e-06
32.71484375,1.205839230842873e-06,2.45216903700137e-06
32.763671875,2.309104437291795e-06,2.45216903700137e-06
32.8125,3.2741927537684937e-06,2.45216903700137e-06
32.861328125,4.38118689804332e-07,2.45216903700137e-06
32.91015625,2.176215569834396e-06,2.45216903700137e-06
32.958984375,7.139798732428754e-07,2.45216903700137e-06
33.0078125,2.3054657364001036e-06,2.45216903700137e-06
33.056640625,5.340586928340219e-06,2.45216903700137e-06
33.10546875,1.5628139090360972e-06,2.45216903700137e-06
33.154296875,5.061092276879158e-07,2.45216903700137e-06
33.203125,1.0719985512462981e-06,2.45216903700137e-06
33.251953125,1.0336310304481495e-06,2.45216903700137e-06
33.30078125,3.599661520414077e-06,2.45216903700137e-06
33.349609375,1.5376802398994458e-06,2.45216903700137e-06
33.3984375,1.7746826053370118e-06,2.45216903700137e-06
33.447265625,2.1530786763908192e-06,2.45216903700137e-06
33.49609375,2.4693200667152367e-06,2.45216903700137e-06
33.544921875,3.760895384998346e-06,2.45216903700137e-06
33.59375,1.885908957983159e-06,2.45216903700137e-06
33.642578125,1.8204999995517874e-06,2.45216903700137e-06
33.69140625,5.171036648873605e-06,2.45216903700137e-06
33.740234375,1.3116366082689741e-06,2.45216903700137e-06
33.7890625,4.309644990751433e-06,2.45216903700137e-06
33.837890625,1.8599238621567364e-06,2.45216903700137e-06
33.88671875,1.3162598849076953e-06,2.45216903700137e-06
33.935546875,5.224173154667961e-06,2.45216903700137e-06
33.984375,2.4024770526643327e-06,2.45216903700137e-06
34.033203125,1.544318380047044e-06,2.45216903700137e-06
34.08203125,2.7892962222758454e-06,2.45216903700137e-06
34.130859375,2.9580017063917675e-06,2.45216903700137e-06
34.1796875,1.4891496579129504e-06,2.45216903700137e-06
34.228515625,1.3220667597345927e-06,2.45216903700137e-06
34.27734375,3.237485175012388e-06,2.45216903700137e-06
34.326171875,2.182088858114094e-06,2.45216903700137e-06
34.375,3.3257139962672496e-06,2.45216903700137e-06
34.423828125,3.1050582919144387e-06,2.45216903700137e-06
34.47265625,2.5416162171630685e-06,2.45216903700137e-06
34.521484375,6.223796052866124e-07,2.45216903700137e-06
34.5703125,9.549040992186248e-07,2.45216903700137e-06
34.619140625,3.956863341088402e-06,2.45216903700137e-06
34.66796875,2.147414650307353e-06,2.45216903700137e-06
34.716796875,2.8242821461140814e-06,2.45216903700137e-06
34.765625,1.1582564147321235e-06,2.45216903700137e-06
34.814453125,2.4485302077358827e-06,2.45216903700137e-06
34.86328125,2.2990078126446745e-06,2.45216903700137e-06
34.912109375,1.7972947874648303e-06,2.45216903700137e-06
34.9609375,1.410046831473379e-06,2.45216903700137e-06
35.009765625,1.520935790595812e-06,2.45216903700137e-06
35.05859375,2.4885188366099854e-06,2.45216903700137e-06
35.107421875,4.807255128990698e-07,2.45216903700137e-06
35.15625,2.126825673750671e-06,2.45216903700137e-06
35.205078125,1.8605429596898369e-06,2.45216903700137e-06
35.25390625,1.2098932722927615e-06,2.45216903700137e-06
35.302734375,6.86607824052225e-07,2.45216903700137e-06
35.3515625,1.4786828175561446e-06,2.45216903700137e-06
35.400390625,6.60997350622126e-07,2.45216903700137e-06
35.44921875,1.4007864160848245e-06,2.45216903700137e-06
35.498046875,3.7369597702533877e-06,2.45216903700137e-06
35.546875,2.0157221131768237e-06,2.45216903700137e-06
35.595703125,1.288012862761435e-06,2.45216903700137e-06
35.64453125,2.6608203939574913e-06,2.45216903700137e-06
35.693359375,1.3038006989643111e-06,2.45216903700137e-06
35.7421875,2.3726793642767933e-06,2.45216903700137e-06
35.791015625,9.747878611273964e-07,2.45216903700137e-06
35.83984375,7.373638475673001e-07,2.45216903700137e-06
35.888671875,3.5465574938966622e-06,2.45216903700137e-06
35.9375,2.123019756755982e-06,2.45216903700137e-06
35.986328125,2.092333137677737e-06,2.45216903700137e-06
36.03515625,5.994880304519792e-07,2.45216903700137e-06
36.083984375,6.338665433085795e-07,2.45216903700137e-06
36.1328125,2.0219425214831692e-06,2.45216903700137e-06
36.181640625,4.908665490029936e-06,2.45216903700137e-06
36.23046875,1.2992772058328513e-06,2.45216903700137e-06
36.279296875,2.369388072450428e-06,2.45216903700137e-06
36.328125,1.2140498181620806e-06,2.45216903700137e-06
36.376953125,1.42120999116241e-06,2.45216903700137e-06
36.42578125,1.8435321219369088e-06,2.45216903700137e-06
36.474609375,1.0984757472174687e-06,2.45216903700137e-06
36.5234375,1.9848441993349896e-06,2.45216903700137e-06
36.572265625,7.787215481626522e-07,2.45216903700137e-06
36.62109375,2.43869670460171e-06,2.45216903700137e-06
36.669921875,2.209385840226804e-06,2.45216903700137e-06
36.71875,8.083658249320628e-07,2.45216903700137e-06
36.767578125,1.0287886672821016e-06,2.45216903700137e-06
36.81640625,5.214907756459377e-07,2.45216903700137e-06
36.865234375,1.4549969941176018e-06,2.45216903700137e-06
36.9140625,1.759730764110394e-06,2.45216903700137e-06
36.962890625,1.1027601020800685e-06,2.45216903700137e-06
37.01171875,1.4234957856904374e-06,2.45216903700137e-06
37.060546875,1.6759776183987764e-06,2.45216903700137e-06
37.109375,1.516782610283947e-06,2.45216903700137e-06
37.158203125,1.6485236788869203e-06,2.45216903700137e-06
37.20703125,2.08609582237847e-06,2.45216903700137e-06
37.255859375,2.3368162992463525e-06,2.45216903700137e-06
37.3046875,5.628738686044251e-07,2.45216903700137e-06
37.353515625,2.066951537690023e-06,2.45216903700137e-06
37.40234375,1.0010971706687843e-06,2.45216903700137e-06
37.451171875,1.1214327535210151e-06,2.45216903700137e-06
37.5,4.0106709354396835e-06,2.45216903700137e-06
37.548828125,1.4414767476638522e-06,2.45216903700137e-06
37.59765625,3.2568592851318446e-06,2.45216903700137e-06
37.646484375,1.227880882822866e-06,2.45216903700137e-06
37.6953125,2.756512344462238e-06,2.45216903700137e-06
37.744140625,1.9293617251879126e-06,2.45216903700137e-06
37.79296875,1.7060592638145077e-06,2.45216903700137e-06
37.841796875,1.5671874915868361e-06,2.45216903700137e-06
37.890625,9.61991427706443e-07,2.45216903700137e-06
37.939453125,1.6282677883850457e-06,2.45216903700137e-06
37.98828125,2.169354401118786e-06,2.45216903700137e-06
38.037109375,2.5967871191698515e-06,2.45216903700137e-06
38.0859375,2.6447223915540356e-06,2.45216903700137e-06
38.134765625,3.2829333094589097e-06,2.45216903700137e-06
38.18359375,1.1780601994223056e-06,2.45216903700137e-06
38.232421875,9.529277832086628e-07,2.45216903700137e-06
38.28125,1.9116443799621784e-06,2.45216903700137e-06
38.330078125,9.296917193459157e-07,2.45216903700137e-06
38.37890625,1.3396885482095513e-06,2.45216903700137e-06
38.427734375,7.291328662597811e-07,2.45216903700137e-06
38.4765625,3.067587278573473e-06,2.45216903700137e-06
38.525390625,1.8593630106319753e-06,2.45216903700137e-06
38.57421875,2.031968657945212e-06,2.45216903700137e-06
38.623046875,1.8955633336916591e-06,2.45216903700137e-06
38.671875,1.5866554299536392e-06,2.45216903700137e-06
38.720703125,1.0469121960638774e-06,2.45216903700137e-06
38.76953125,2.5541010599856964e-06,2.45216903700137e-06
38.818359375,1.1397680504610924e-06,2.45216903700137e-06
38.8671875,3.86081687945484e-06,2.45216903700137e-06
38.916015625,1.386427977638775e-06,2.45216903700137e-06
38.96484375,1.4761882436998133e-06,2.45216903700137e-06
39.013671875,2.1368281926621606e-06,2.45216903700137e-06
39.0625,3.413500919345106e-07,2.45216903700137e-06
39.111328125,1.2966549990554524e-06,2.45216903700137e-06
39.16015625,1.477629974103382e-06,2.45216903700137e-06
39.208984375,3.1439601475047603e-06,2.45216903700137e-06
39.2578125,1.7082529451730832e-06,2.45216903700137e-06
39.306640625,2.2906987132581912e-07,2.45216903700137e-06
39.35546875,1.3490677162463558e-06,2.45216903700137e-06
39.404296875,5.280802413580011e-07,2.45216903700137e-06
39.453125,2.40616212062008e-06,2.45216903700137e-06
39.501953125,2.714103563910198e-06,2.45216903700137e-06
39.55078125,1.1615435911094073e-06,2.45216903700137e-06
39.599609375,1.2687671739718054e-06,2.45216903700137e-06
39.6484375,8.495383758489312e-07,2.45216903700137e-06
39.697265625,2.255549843576179e-06,2.45216903700137e-06
39.74609375,8.438063168159507e-07,2.45216903700137e-06
39.794921875,4.824950832459569e-07,2.45216903700137e-06
39.84375,1.2300067680120703e-06,2.45216903700137e-06
39.892578125,1.5265495915158066e-06,2.45216903700137e-06
39.94140625,3.842322387563032e-06,2.45216903700137e-06
39.990234375,1.2701188259779335e-06,2.45216903700137e-06
40.0390625,1.0288609411584232e-06,2.45216903700137e-06
40.087890625,1.5864237882526863e-06,2.45216903700137e-06
40.13671875,8.572113063329412e-07,2.45216903700137e-06
40.185546875,4.2787126566120103e-07,2.45216903700137e-06
40.234375,9.773787353901391e-07,2.45216903700137e-06
40.283203125,7.322783506748513e-07,2.45216903700137e-06
40.33203125,2.413024092866493e-06,2.45216903700137e-06
40.380859375,1.1089590016428132e-06,2.45216903700137e-06
40.4296875,1.8158510974180366e-06,2.45216903700137e-06
40.478515625,1.7923616775684836e-06,2.45216903700137e-06
40.52734375,1.4992089189776579e-06,2.45216903700137e-06
40.576171875,1.5257924587602775e-06,2.45216903700137e-06
40.625,2.534610187307546e-06,2.45216903700137e-06
40.673828125,1.1393426869802607e-06,2.45216903700137e-06
40.72265625,9.222203013869147e-07,2.45216903700137e-06
40.771484375,1.1017114596389906e-06,2.45216903700137e-06
40.8203125,1.4721768780976276e-06,2.45216903700137e-06
40.869140625,1.4113974369485094e-06,2.45216903700137e-06
40.91796875,2.391152666431092e-06,2.45216903700137e-06
40.966796875,1.949131343041971e-06,2.45216903700137e-06
41.015625,2.777744822151744e-06,2.45216903700137e-06
41.064453125,1.3456742745980927e-06,2.45216903700137e-06
41.11328125,1.4962126203359576e-06,2.45216903700137e-06
41.162109375,9.979308717945979e-07,2.45216903700137e-06
41.2109375,1.2291312858898074e-06,2.45216903700137e-06
41.259765625,2.0525064499036137e-06,2.45216903700137e-06
41.30859375,1.026368119375907e-06,2.45216903700137e-06
41.357421875,1.1381905521793495e-06,2.45216903700137e-06
41.40625,1.2522967736247875e-06,2.45216903700137e-06
41.455078125,1.2009325058933143e-06,2.45216903700137e-06
41.50390625,1.2195641372960225e-06,2.45216903700137e-06
41.552734375,9.552071904784174e-07,2.45216903700137e-06
41.6015625,6.139608538446036e-07,2.45216903700137e-06
41.650390625,1.7833665632985534e-06,2.45216903700137e-06
41.69921875,1.122959053315052e-06,2.45216903700137e-06
41.748046875,5.712083826868745e-07,2.45216903700137e-06
41.796875,1.6647326006400223e-06,2.45216903700137e-06
41.845703125,9.781941400039132e-07,2.45216903700137e-06
41.89453125,2.2231022164809478e-06,2.45216903700137e-06
41.943359375,6.784200239421413e-07,2.45216903700137e-06
41.9921875,1.3823739784030108e-06,2.45216903700137e-06
42.041015625,2.27139962863415e-06,2.45216903700137e-06
42.08984375,9.630271530170597e-07,2.45216903700137e-06
42.138671875,1.7925287137314884e-06,2.45216903700137e-06
42.1875,1.961197692064913e-06,2.45216903700137e-06
42.236328125,1.2393346280112642e-06,2.45216903700137e-06
42.28515625,1.0442846458250594e-06,2.45216903700137e-06
42.333984375,8.870178172886563e-07,2.45216903700137e-06
42.3828125,2.462999122689035e-06,2.45216903700137e-06
42.431640625,1.105942929920223e-06,2.45216903700137e-06
42.48046875,2.1014646168281497e-06,2.45216903700137e-06
42.529296875,2.911559019088085e-06,2.45216903700137e-06
42.578125,2.077405920061889e-06,2.45216903700137e-06
42.626953125,4.764570199348984e-07,2.45216903700137e-06
42.67578125,1.5350030691360012e-06,2.45216903700137e-06
42.724609375,1.2197022000393757e-06,2.45216903700137e-06
42.7734375,1.7459565343597501e-06,2.45216903700137e-06
42.822265625,1.971157471238419e-06,2.45216903700137e-06
42.87109375,1.5066712880086312e-06,2.45216903700137e-06
42.919921875,1.6450943385017822e-06,2.45216903700137e-06
42.96875,1.2663254150491525e-06,2.45216903700137e-06
43.017578125,3.3417606132601358e-06,2.45216903700137e-06
43.06640625,2.7918700061564637e-06,2.45216903700137e-06
43.115234375,6.692439516966201e-07,2.45216903700137e-06
43.1640625,2.16041609638789e-06,2.45216903700137e-06
43.212890625,1.0450737900790243e-06,2.45216903700137e-06
43.26171875,9.223782240412859e-07,2.45216903700137e-06
43.310546875,4.553553945818378e-07,2.45216903700137e-06
43.359375,2.9116410003825454e-06,2.45216903700137e-06
43.408203125,6.264394729951243e-07,2.45216903700137e-06
43.45703125,7.157037179062496e-07,2.45216903700137e-06
43.505859375,2.3233904269559756e-06,2.45216903700137e-06
43.5546875,1.349543489567574e-06,2.45216903700137e-06
43.603515625,1.3715458835005582e-06,2.45216903700137e-06
43.65234375,3.5524466725321162e-06,2.45216903700137e-06
43.701171875,3.3208893604446156e-07,2.45216903700137e-06
43.75,1.5495612378309684e-06,2.45216903700137e-06
43.798828125,7.27892942165047e-07,2.45216903700137e-06
43.84765625,1.532794064205162e-06,2.45216903700137e-06
43.896484375,1.3107539292692136e-06,2.45216903700137e-06
43.9453125,2.9188132436603085e-06,2.45216903700137e-06
43.994140625,3.089165233334371e-07,2.45216903700137e-06
44.04296875,4.3977365077581323e-07,2.45216903700137e-06
44.091796875,2.0862140459032036e-06,2.45216903700137e-06
44.140625,2.5570564056123783e-06,2.45216903700137e-06
44.189453125,1.9533597449906998e-06,2.45216903700137e-06
44.23828125,1.1282811214256799e-06,2.45216903700137e-06
44.287109375,1.3901148735933147e-06,2.45216903700137e-06
44.3359375,4.917672199499669e-07,2.45216903700137e-06
44.384765625,1.3875264783281905e-06,2.45216903700137e-06
44.43359375,1.6651489281724896e-06,2.45216903700137e-06
44.482421875,7.634033840004116e-07,2.45216903700137e-06
44.53125,2.3677924236356336e-06,2.45216903700137e-06
44.580078125,2.955982105461179e-06,2.45216903700137e-06
44.62890625,2.2982581932157043e-07,2.45216903700137e-06
44.677734375,9.559402894353541e-07,2.45216903700137e-06
44.7265625,1.2535248007893472e-06,2.45216903700137e-06
44.775390625,7.995498937816239e-07,2.45216903700137e-06
44.82421875,2.439512400630817e-06,2.45216903700137e-06
44.873046875,2.089092413741282e-06,2.45216903700137e-06
44.921875,5.91013757137228e-07,2.45216903700137e-06
44.970703125,1.7875416143252065e-06,2.45216903700137e-06
45.01953125,8.899579426148458e-07,2.45216903700137e-06
45.068359375,6.758304078733401e-07,2.45216903700137e-06
45.1171875,2.242604479475373e-06,2.45216903700137e-06
45.166015625,4.396389357526191e-07,2.45216903700137e-06
45.21484375,2.002824704028093e-06,2.45216903700137e-06
45.263671875,3.5091690306625728e-06,2.45216903700137e-06
45.3125,8.691133881965871e-07,2.45216903700137e-06
45.361328125,6.522200450112152e-07,2.45216903700137e-06
45.41015625,1.3236650851111585e-06,2.45216903700137e-06
45.458984375,1.8301765919916036e-06,2.45216903700137e-06
45.5078125,4.3041777930288697e-07,2.45216903700137e-06
45.556640625,1.3030198744300244e-06,2.45216903700137e-06
45.60546875,8.696497676376457e-07,2.45216903700137e-06
45.654296875,1.7333608111774886e-06,2.45216903700137e-06
45.703125,7.362038143949355e-07,2.45216903700137e-06
45.751953125,1.126312240561838e-06,2.45216903700137e-06
45.80078125,1.4068805775043511e-06,2.45216903700137e-06
45.849609375,1.2251977472978919e-06,2.45216903700137e-06
45.8984375,1.2475979731163703e-06,2.45216903700137e-06
45.947265625,6.291759892535358e-07,2.45216903700137e-06
45.99609375,5.235346646436921e-07,2.45216903700137e-06
46.044921875,2.4380131423658185e-06,2.45216903700137e-06
46.09375,1.0982865582153542e-06,2.45216903700137e-06
46.142578125,1.7906001722588014e-06,2.45216903700137e-06
46.19140625,1.343488034714402e-06,2.45216903700137e-06
46.240234375,2.51383744519759e-06,2.45216903700137e-06
46.2890625,6.578026799484525e-07,2.45216903700137e-06
46.337890625,1.2490196186687154e-06,2.45216903700137e-06
46.38671875,1.0496756036148047e-06,2.45216903700137e-06
46.435546875,1.4995429314244965e-06,2.45216903700137e-06
46.484375,1.2220888389037508e-06,2.45216903700137e-06
46.533203125,7.582525436494605e-07,2.45216903700137e-06
46.58203125,9.265221789586634e-07,2.45216903700137e-06
46.630859375,1.536890092230678e-06,2.45216903700137e-06
46.6796875,1.8149088962093584e-06,2.45216903700137e-06
46.728515625,9.992973912129166e-07,2.45216903700137e-06
46.77734375,2.7620840452620015e-06,2.45216903700137e-06
46.826171875,3.2112795682868804e-06,2.45216903700137e-06
46.875,1.8234811088582513e-06,2.45216903700137e-06
46.923828125,7.704949315498103e-07,2.45216903700137e-06
46.97265625,1.3420006936946817e-06,2.45216903700137e-06
47.021484375,1.592409157409528e-06,2.45216903700137e-06
47.0703125,1.0746841085594286e-06,2.45216903700137e-06
47.119140625,2.9056046329776273e-06,2.45216903700137e-06
47.16796875,1.4093771119276488e-06,2.45216903700137e-06
47.216796875,8.703716194580617e-07,2.45216903700137e-06
47.265625,5.254614548480392e-06,2.45216903700137e-06
47.314453125,8.863498491812242e-07,2.45216903700137e-06
47.36328125,1.0803974220228327e-06,2.45216903700137e-06
47.412109375,5.983020219272121e-07,2.45216903700137e-06
47.4609375,1.5972731206708745e-06,2.45216903700137e-06
47.509765625,5.832519723661922e-07,2.45216903700137e-06
47.55859375,9.391445286003897e-07,2.45216903700137e-06
47.607421875,1.3537278761867985e-06,2.45216903700137e-06
47.65625,1.1685369942527803e-06,2.45216903700137e-06
47.705078125,1.6726136262349144e-06,2.45216903700137e-06
47.75390625,1.3694112735591494e-06,2.45216903700137e-06
47.802734375,4.808433972144523e-07,2.45216903700137e-06
47.8515625,2.423645199344856e-06,2.45216903700137e-06
47.900390625,2.435553952252551e-06,2.45216903700137e-06
47.94921875,1.41583738500149e-06,2.45216903700137e-06
47.998046875,9.914900812169436e-07,2.45216903700137e-06
48.046875,1.2772911586758427e-06,2.45216903700137e-06
48.095703125,1.6758286476352512e-06,2.45216903700137e-06
48.14453125,6.255259662160635e-07,2.45216903700137e-06
48.193359375,1.6160086460139795e-06,2.45216903700137e-06
48.2421875,1.2609786618111582e-06,2.45216903700137e-06
48.291015625,8.695919451607078e-07,2.45216903700137e-06
48.33984375,1.1150882156163154e-06,2.45216903700137e-06
48.388671875,1.0976443349623366e-06,2.45216903700137e-06
48.4375,6.045324436061306e-07,2.45216903700137e-06
48.486328125,2.207252573886763e-06,2.45216903700137e-06
48.53515625,1.48022866427584e-06,2.45216903700137e-06
48.583984375,9.948035381491815e-07,2.45216903700137e-06
48.6328125,9.912127221547895e-07,2.45216903700137e-06
48.681640625,1.2451524523339536e-06,2.45216903700137e-06
48.73046875,8.926056031406336e-07,2.45216903700137e-06
48.779296875,1.4111954218564837e-06,2.45216903700137e-06
48.828125,2.203879990552281e-06,2.45216903700137e-06
48.876953125,1.4270264637061902e-06,2.45216903700137e-06
48.92578125,1.4352288579037346e-06,2.45216903700137e-06
48.974609375,2.8481096092305915e-06,2.45216903700137e-06
49.0234375,1.5163254234535385e-06,2.45216903700137e-06
49.072265625,2.5668880235008203e-06,2.45216903700137e-06
49.12109375,1.8611544812181745e-06,2.45216903700137e-06
49.169921875,2.2731621561838164e-06,2.45216903700137e-06
49.21875,7.974373025741485e-07,2.45216903700137e-06
49.267578125,2.9739613115546767e-06,2.45216903700137e-06
49.31640625,7.347022823141609e-07,2.45216903700137e-06
49.365234375,4.91240420813834e-07,2.45216903700137e-06
49.4140625,4.10561496564387e-07,2.45216903700137e-06
49.462890625,2.850876276991331e-06,2.45216903700137e-06
49.51171875,1.0500826564515254e-06,2.45216903700137e-06
49.560546875,8.947592107269267e-07,2.45216903700137e-06
49.609375,3.0125382485932375e-06,2.45216903700137e-06
49.658203125,2.352128365088337e-06,2.45216903700137e-06
49.70703125,2.1788963238659056e-06,2.45216903700137e-06
49.755859375,1.261583801035073e-06,2.45216903700137e-06
49.8046875,4.53940125435531e-06,2.45216903700137e-06
49.853515625,2.210083530811383e-06,2.45216903700137e-06
49.90234375,6.535789045178463e-07,2.45216903700137e-06
49.951171875,2.30479877053117e-06,2.45216903700137e-06
50.0,1.619911869344673e-07,2.45216903700137e-06
