step,env_id,time_s,force_magnitude_N,active
0,0,0.0,0.0,0
0,1,0.0,0.0,0
0,2,0.0,0.0,0
0,3,0.0,0.0,0
0,4,0.0,0.0,0
0,5,0.0,0.0,0
0,6,0.0,0.0,0
0,7,0.0,0.0,0
1,0,0.01,0.0,0
1,1,0.01,0.0,0
1,2,0.01,0.0,0
1,3,0.01,0.0,0
1,4,0.01,0.0,0
1,5,0.01,0.0,0
1,6,0.01,0.0,0
1,7,0.01,0.0,0
2,0,0.02,0.0,0
2,1,0.02,0.0,0
2,2,0.02,0.0,0
2,3,0.02,0.0,0
2,4,0.02,0.0,0
2,5,0.02,0.0,0
2,6,0.02,0.0,0
2,7,0.02,0.0,0
3,0,0.03,0.0,0
3,1,0.03,0.0,0
3,2,0.03,0.0,0
3,3,0.03,0.0,0
3,4,0.03,0.0,0
3,5,0.03,0.0,0
3,6,0.03,0.0,0
3,7,0.03,0.0,0
4,0,0.04,8.201040267944336,1
4,1,0.04,0.0,0
4,2,0.04,0.0,0
4,3,0.04,0.0,0
4,4,0.04,0.0,0
4,5,0.04,0.0,0
4,6,0.04,0.0,0
4,7,0.04,0.0,0
5,0,0.05,8.201040267944336,1
5,1,0.05,0.0,0
5,2,0.05,0.0,0
5,3,0.05,0.0,0
5,4,0.05,0.0,0
5,5,0.05,6.4513092041015625,1
5,6,0.05,0.0,0
5,7,0.05,0.0,0
6,0,0.06,8.201040267944336,1
6,1,0.06,0.0,0
6,2,0.06,0.0,0
6,3,0.06,0.0,0
6,4,0.06,0.0,0
6,5,0.06,6.4513092041015625,1
6,6,0.06,0.0,0
6,7,0.06,0.0,0
7,0,0.07,0.0,0
7,1,0.07,0.0,0
7,2,0.07,0.0,0
7,3,0.07,5.310193061828613,1
7,4,0.07,0.0,0
7,5,0.07,6.4513092041015625,1
7,6,0.07,0.0,0
7,7,0.07,0.0,0
8,0,0.08,7.110121726989746,1
8,1,0.08,0.0,0
8,2,0.08,0.0,0
8,3,0.08,5.310193061828613,1
8,4,0.08,0.0,0
8,5,0.08,6.4513092041015625,1
8,6,0.08,0.0,0
8,7,0.08,4.827784061431885,1
9,0,0.09,7.110121726989746,1
9,1,0.09,0.0,0
9,2,0.09,0.0,0
9,3,0.09,5.310193061828613,1
9,4,0.09,0.0,0
9,5,0.09,6.4513092041015625,1
9,6,0.09,0.0,0
9,7,0.09,4.827784061431885,1
10,0,0.1,7.110121726989746,1
10,1,0.1,0.0,0
10,2,0.1,0.0,0
10,3,0.1,5.310193061828613,1
10,4,0.1,0.0,0
10,5,0.1,6.4513092041015625,1
10,6,0.1,0.0,0
10,7,0.1,4.827784061431885,1
11,0,0.11,7.110121726989746,1
11,1,0.11,2.5211453437805176,1
11,2,0.11,7.996190547943115,1
11,3,0.11,5.310193061828613,1
11,4,0.11,0.0,0
11,5,0.11,6.4513092041015625,1
11,6,0.11,0.0,0
11,7,0.11,4.827784061431885,1
12,0,0.12,7.110121726989746,1
12,1,0.12,2.5211453437805176,1
12,2,0.12,7.996190547943115,1
12,3,0.12,5.310193061828613,1
12,4,0.12,3.5427792072296143,1
12,5,0.12,6.4513092041015625,1
12,6,0.12,0.0,0
12,7,0.12,4.827784061431885,1
13,0,0.13,7.110121726989746,1
13,1,0.13,2.5211453437805176,1
13,2,0.13,7.996190547943115,1
13,3,0.13,5.310193061828613,1
13,4,0.13,3.5427792072296143,1
13,5,0.13,6.4513092041015625,1
13,6,0.13,0.0,0
13,7,0.13,4.827784061431885,1
14,0,0.14,7.110121726989746,1
14,1,0.14,2.5211453437805176,1
14,2,0.14,7.996190547943115,1
14,3,0.14,5.310193061828613,1
14,4,0.14,3.5427792072296143,1
14,5,0.14,6.4513092041015625,1
14,6,0.14,3.33467173576355,1
14,7,0.14,0.0,0
15,0,0.15,7.110121726989746,1
15,1,0.15,2.5211453437805176,1
15,2,0.15,0.0,0
15,3,0.15,5.310193061828613,1
15,4,0.15,3.5427792072296143,1
15,5,0.15,6.4513092041015625,1
15,6,0.15,3.33467173576355,1
15,7,0.15,0.0,0
16,0,0.16,7.110121726989746,1
16,1,0.16,2.5211453437805176,1
16,2,0.16,0.0,0
16,3,0.16,5.310193061828613,1
16,4,0.16,3.5427792072296143,1
16,5,0.16,6.4513092041015625,1
16,6,0.16,3.33467173576355,1
16,7,0.16,0.0,0
17,0,0.17,7.110121726989746,1
17,1,0.17,2.5211453437805176,1
17,2,0.17,0.0,0
17,3,0.17,0.0,0
17,4,0.17,3.5427792072296143,1
17,5,0.17,6.4513092041015625,1
17,6,0.17,3.33467173576355,1
17,7,0.17,0.0,0
18,0,0.18,7.110121726989746,1
18,1,0.18,0.0,0
18,2,0.18,0.0,0
18,3,0.18,0.0,0
18,4,0.18,3.5427792072296143,1
18,5,0.18,0.0,0
18,6,0.18,3.33467173576355,1
18,7,0.18,0.0,0
19,0,0.19,7.110121726989746,1
19,1,0.19,0.0,0
19,2,0.19,0.0,0
19,3,0.19,0.0,0
19,4,0.19,3.5427792072296143,1
19,5,0.19,0.0,0
19,6,0.19,3.33467173576355,1
19,7,0.19,0.0,0
20,0,0.2,7.110121726989746,1
20,1,0.2,0.0,0
20,2,0.2,0.0,0
20,3,0.2,0.0,0
20,4,0.2,3.5427792072296143,1
20,5,0.2,0.0,0
20,6,0.2,3.33467173576355,1
20,7,0.2,0.0,0
21,0,0.21,7.110121726989746,1
21,1,0.21,0.0,0
21,2,0.21,0.0,0
21,3,0.21,0.0,0
21,4,0.21,3.5427792072296143,1
21,5,0.21,0.0,0
21,6,0.21,3.33467173576355,1
21,7,0.21,0.0,0
22,0,0.22,0.0,0
22,1,0.22,0.0,0
22,2,0.22,0.0,0
22,3,0.22,0.0,0
22,4,0.22,3.5427792072296143,1
22,5,0.22,0.0,0
22,6,0.22,3.33467173576355,1
22,7,0.22,0.0,0
23,0,0.23,0.0,0
23,1,0.23,0.0,0
23,2,0.23,0.0,0
23,3,0.23,0.0,0
23,4,0.23,3.5427792072296143,1
23,5,0.23,0.0,0
23,6,0.23,3.33467173576355,1
23,7,0.23,0.0,0
24,0,0.24,0.0,0
24,1,0.24,0.0,0
24,2,0.24,0.0,0
24,3,0.24,0.0,0
24,4,0.24,3.5427792072296143,1
24,5,0.24,0.0,0
24,6,0.24,3.33467173576355,1
24,7,0.24,0.0,0
25,0,0.25,0.0,0
25,1,0.25,0.0,0
25,2,0.25,0.0,0
25,3,0.25,0.0,0
25,4,0.25,0.0,0
25,5,0.25,0.0,0
25,6,0.25,3.33467173576355,1
25,7,0.25,0.0,0
26,0,0.26,0.0,0
26,1,0.26,0.0,0
26,2,0.26,0.0,0
26,3,0.26,0.0,0
26,4,0.26,0.0,0
26,5,0.26,0.0,0
26,6,0.26,3.33467173576355,1
26,7,0.26,0.0,0
27,0,0.27,0.0,0
27,1,0.27,0.0,0
27,2,0.27,0.0,0
27,3,0.27,0.0,0
27,4,0.27,0.0,0
27,5,0.27,0.0,0
27,6,0.27,3.33467173576355,1
27,7,0.27,0.0,0
28,0,0.28,0.0,0
28,1,0.28,9.184727668762207,1
28,2,0.28,0.0,0
28,3,0.28,0.0,0
28,4,0.28,0.0,0
28,5,0.28,0.0,0
28,6,0.28,3.33467173576355,1
28,7,0.28,0.0,0
29,0,0.29,0.0,0
29,1,0.29,9.184727668762207,1
29,2,0.29,0.0,0
29,3,0.29,0.0,0
29,4,0.29,0.0,0
29,5,0.29,0.0,0
29,6,0.29,0.0,0
29,7,0.29,0.0,0
30,0,0.3,0.0,0
30,1,0.3,9.184727668762207,1
30,2,0.3,0.0,0
30,3,0.3,0.0,0
30,4,0.3,0.0,0
30,5,0.3,0.0,0
30,6,0.3,0.0,0
30,7,0.3,0.0,0
31,0,0.31,0.0,0
31,1,0.31,9.184727668762207,1
31,2,0.31,0.0,0
31,3,0.31,0.0,0
31,4,0.31,0.0,0
31,5,0.31,0.0,0
31,6,0.31,0.0,0
31,7,0.31,4.001482009887695,1
32,0,0.32,0.0,0
32,1,0.32,9.184727668762207,1
32,2,0.32,0.0,0
32,3,0.32,0.0,0
32,4,0.32,0.0,0
32,5,0.32,0.0,0
32,6,0.32,0.0,0
32,7,0.32,4.001482009887695,1
33,0,0.33,0.0,0
33,1,0.33,9.184727668762207,1
33,2,0.33,0.0,0
33,3,0.33,0.0,0
33,4,0.33,0.0,0
33,5,0.33,0.0,0
33,6,0.33,0.0,0
33,7,0.33,4.001482009887695,1
34,0,0.34,0.0,0
34,1,0.34,9.184727668762207,1
34,2,0.34,0.0,0
34,3,0.34,0.0,0
34,4,0.34,0.0,0
34,5,0.34,0.0,0
34,6,0.34,0.0,0
34,7,0.34,4.001482009887695,1
35,0,0.35,0.0,0
35,1,0.35,9.184727668762207,1
35,2,0.35,0.0,0
35,3,0.35,0.0,0
35,4,0.35,0.0,0
35,5,0.35,0.0,0
35,6,0.35,0.0,0
35,7,0.35,4.001482009887695,1
36,0,0.36,0.0,0
36,1,0.36,9.184727668762207,1
36,2,0.36,0.0,0
36,3,0.36,0.0,0
36,4,0.36,0.0,0
36,5,0.36,0.0,0
36,6,0.36,0.0,0
36,7,0.36,4.001482009887695,1
37,0,0.37,0.0,0
37,1,0.37,9.184727668762207,1
37,2,0.37,0.0,0
37,3,0.37,0.0,0
37,4,0.37,0.0,0
37,5,0.37,0.0,0
37,6,0.37,0.0,0
37,7,0.37,4.001482009887695,1
38,0,0.38,0.0,0
38,1,0.38,9.184727668762207,1
38,2,0.38,0.0,0
38,3,0.38,0.0,0
38,4,0.38,0.0,0
38,5,0.38,0.0,0
38,6,0.38,0.0,0
38,7,0.38,4.001482009887695,1
39,0,0.39,0.0,0
39,1,0.39,9.184727668762207,1
39,2,0.39,0.0,0
39,3,0.39,2.5264971256256104,1
39,4,0.39,0.0,0
39,5,0.39,0.0,0
39,6,0.39,0.0,0
39,7,0.39,4.001482009887695,1
40,0,0.4,0.0,0
40,1,0.4,9.184727668762207,1
40,2,0.4,0.0,0
40,3,0.4,2.5264971256256104,1
40,4,0.4,0.0,0
40,5,0.4,0.0,0
40,6,0.4,0.0,0
40,7,0.4,4.001482009887695,1
41,0,0.41,0.0,0
41,1,0.41,9.184727668762207,1
41,2,0.41,0.0,0
41,3,0.41,2.5264971256256104,1
41,4,0.41,0.0,0
41,5,0.41,0.0,0
41,6,0.41,0.0,0
41,7,0.41,4.001482009887695,1
42,0,0.42,0.0,0
42,1,0.42,9.184727668762207,1
42,2,0.42,0.0,0
42,3,0.42,2.5264971256256104,1
42,4,0.42,0.0,0
42,5,0.42,0.0,0
42,6,0.42,0.0,0
42,7,0.42,4.001482009887695,1
43,0,0.43,0.0,0
43,1,0.43,0.0,0
43,2,0.43,0.0,0
43,3,0.43,2.5264971256256104,1
43,4,0.43,0.0,0
43,5,0.43,0.0,0
43,6,0.43,0.0,0
43,7,0.43,4.001482009887695,1
44,0,0.44,0.0,0
44,1,0.44,0.0,0
44,2,0.44,0.0,0
44,3,0.44,2.5264971256256104,1
44,4,0.44,0.0,0
44,5,0.44,0.0,0
44,6,0.44,0.0,0
44,7,0.44,0.0,0
45,0,0.45,0.0,0
45,1,0.45,0.0,0
45,2,0.45,0.0,0
45,3,0.45,2.5264971256256104,1
45,4,0.45,0.0,0
45,5,0.45,0.0,0
45,6,0.45,0.0,0
45,7,0.45,0.0,0
46,0,0.46,0.0,0
46,1,0.46,0.0,0
46,2,0.46,0.0,0
46,3,0.46,2.5264971256256104,1
46,4,0.46,0.0,0
46,5,0.46,0.0,0
46,6,0.46,0.0,0
46,7,0.46,0.0,0
47,0,0.47,0.0,0
47,1,0.47,0.0,0
47,2,0.47,0.0,0
47,3,0.47,2.5264971256256104,1
47,4,0.47,0.0,0
47,5,0.47,0.0,0
47,6,0.47,0.0,0
47,7,0.47,0.0,0
48,0,0.48,0.0,0
48,1,0.48,0.0,0
48,2,0.48,0.0,0
48,3,0.48,2.5264971256256104,1
48,4,0.48,0.0,0
48,5,0.48,0.0,0
48,6,0.48,0.0,0
48,7,0.48,0.0,0
49,0,0.49,0.0,0
49,1,0.49,0.0,0
49,2,0.49,0.0,0
49,3,0.49,2.5264971256256104,1
49,4,0.49,0.0,0
49,5,0.49,0.0,0
49,6,0.49,0.0,0
49,7,0.49,0.0,0
50,0,0.5,0.0,0
50,1,0.5,0.0,0
50,2,0.5,0.0,0
50,3,0.5,2.5264971256256104,1
50,4,0.5,0.0,0
50,5,0.5,0.0,0
50,6,0.5,0.0,0
50,7,0.5,0.0,0
51,0,0.51,0.0,0
51,1,0.51,0.0,0
51,2,0.51,0.0,0
51,3,0.51,2.5264971256256104,1
51,4,0.51,0.0,0
51,5,0.51,0.0,0
51,6,0.51,0.0,0
51,7,0.51,0.0,0
52,0,0.52,0.0,0
52,1,0.52,0.0,0
52,2,0.52,0.0,0
52,3,0.52,2.5264971256256104,1
52,4,0.52,0.0,0
52,5,0.52,0.0,0
52,6,0.52,0.0,0
52,7,0.52,0.0,0
53,0,0.53,0.0,0
53,1,0.53,0.0,0
53,2,0.53,0.0,0
53,3,0.53,0.0,0
53,4,0.53,0.0,0
53,5,0.53,0.0,0
53,6,0.53,0.0,0
53,7,0.53,0.0,0
54,0,0.54,0.0,0
54,1,0.54,0.0,0
54,2,0.54,0.0,0
54,3,0.54,0.0,0
54,4,0.54,0.0,0
54,5,0.54,0.0,0
54,6,0.54,0.0,0
54,7,0.54,9.939377784729004,1
55,0,0.55,0.0,0
55,1,0.55,0.0,0
55,2,0.55,0.0,0
55,3,0.55,0.0,0
55,4,0.55,0.0,0
55,5,0.55,0.0,0
55,6,0.55,0.0,0
55,7,0.55,9.939377784729004,1
56,0,0.56,0.0,0
56,1,0.56,0.0,0
56,2,0.56,0.0,0
56,3,0.56,0.0,0
56,4,0.56,0.0,0
56,5,0.56,0.0,0
56,6,0.56,0.0,0
56,7,0.56,9.939377784729004,1
57,0,0.57,0.0,0
57,1,0.57,0.0,0
57,2,0.57,0.0,0
57,3,0.57,0.0,0
57,4,0.57,0.0,0
57,5,0.57,0.0,0
57,6,0.57,0.0,0
57,7,0.57,0.0,0
58,0,0.58,0.0,0
58,1,0.58,0.0,0
58,2,0.58,0.0,0
58,3,0.58,0.0,0
58,4,0.58,9.68002986907959,1
58,5,0.58,0.0,0
58,6,0.58,0.0,0
58,7,0.58,0.0,0
59,0,0.59,0.0,0
59,1,0.59,0.0,0
59,2,0.59,0.0,0
59,3,0.59,0.0,0
59,4,0.59,9.68002986907959,1
59,5,0.59,0.0,0
59,6,0.59,0.0,0
59,7,0.59,0.0,0
60,0,0.6,0.0,0
60,1,0.6,0.0,0
60,2,0.6,0.0,0
60,3,0.6,0.0,0
60,4,0.6,9.68002986907959,1
60,5,0.6,0.0,0
60,6,0.6,0.0,0
60,7,0.6,0.0,0
61,0,0.61,0.0,0
61,1,0.61,0.0,0
61,2,0.61,0.0,0
61,3,0.61,0.0,0
61,4,0.61,0.0,0
61,5,0.61,0.0,0
61,6,0.61,4.741050720214844,1
61,7,0.61,0.0,0
62,0,0.62,0.0,0
62,1,0.62,0.0,0
62,2,0.62,0.0,0
62,3,0.62,0.0,0
62,4,0.62,0.0,0
62,5,0.62,0.0,0
62,6,0.62,4.741050720214844,1
62,7,0.62,0.0,0
63,0,0.63,0.0,0
63,1,0.63,0.0,0
63,2,0.63,0.0,0
63,3,0.63,0.0,0
63,4,0.63,0.0,0
63,5,0.63,9.644951820373535,1
63,6,0.63,4.741050720214844,1
63,7,0.63,0.0,0
64,0,0.64,0.0,0
64,1,0.64,0.0,0
64,2,0.64,0.0,0
64,3,0.64,0.0,0
64,4,0.64,0.0,0
64,5,0.64,9.644951820373535,1
64,6,0.64,4.741050720214844,1
64,7,0.64,0.0,0
65,0,0.65,0.0,0
65,1,0.65,0.0,0
65,2,0.65,4.424876689910889,1
65,3,0.65,0.0,0
65,4,0.65,0.0,0
65,5,0.65,9.644951820373535,1
65,6,0.65,4.741050720214844,1
65,7,0.65,0.0,0
66,0,0.66,0.0,0
66,1,0.66,0.0,0
66,2,0.66,4.424876689910889,1
66,3,0.66,0.0,0
66,4,0.66,0.0,0
66,5,0.66,9.644951820373535,1
66,6,0.66,4.741050720214844,1
66,7,0.66,0.0,0
67,0,0.67,0.0,0
67,1,0.67,0.0,0
67,2,0.67,4.424876689910889,1
67,3,0.67,0.0,0
67,4,0.67,0.0,0
67,5,0.67,9.644951820373535,1
67,6,0.67,4.741050720214844,1
67,7,0.67,0.0,0
68,0,0.68,0.0,0
68,1,0.68,0.0,0
68,2,0.68,4.424876689910889,1
68,3,0.68,0.0,0
68,4,0.68,0.0,0
68,5,0.68,9.644951820373535,1
68,6,0.68,4.741050720214844,1
68,7,0.68,0.0,0
69,0,0.69,3.7951862812042236,1
69,1,0.69,0.0,0
69,2,0.69,4.424876689910889,1
69,3,0.69,0.0,0
69,4,0.69,7.394787311553955,1
69,5,0.69,0.0,0
69,6,0.69,0.0,0
69,7,0.69,0.0,0
70,0,0.7,3.7951862812042236,1
70,1,0.7,0.0,0
70,2,0.7,0.0,0
70,3,0.7,0.0,0
70,4,0.7,7.394787311553955,1
70,5,0.7,0.0,0
70,6,0.7,0.0,0
70,7,0.7,7.291760444641113,1
71,0,0.71,3.7951862812042236,1
71,1,0.71,0.0,0
71,2,0.71,0.0,0
71,3,0.71,6.4936370849609375,1
71,4,0.71,7.394787311553955,1
71,5,0.71,0.0,0
71,6,0.71,0.0,0
71,7,0.71,7.291760444641113,1
72,0,0.72,3.7951862812042236,1
72,1,0.72,0.0,0
72,2,0.72,0.0,0
72,3,0.72,6.4936370849609375,1
72,4,0.72,7.394787311553955,1
72,5,0.72,0.0,0
72,6,0.72,0.0,0
72,7,0.72,7.291760444641113,1
73,0,0.73,3.7951862812042236,1
73,1,0.73,0.0,0
73,2,0.73,0.0,0
73,3,0.73,6.4936370849609375,1
73,4,0.73,7.394787311553955,1
73,5,0.73,0.0,0
73,6,0.73,0.0,0
73,7,0.73,7.291760444641113,1
74,0,0.74,3.7951862812042236,1
74,1,0.74,0.0,0
74,2,0.74,0.0,0
74,3,0.74,6.4936370849609375,1
74,4,0.74,7.394787311553955,1
74,5,0.74,0.0,0
74,6,0.74,2.724274158477783,1
74,7,0.74,7.291760444641113,1
75,0,0.75,3.7951862812042236,1
75,1,0.75,0.0,0
75,2,0.75,0.0,0
75,3,0.75,6.4936370849609375,1
75,4,0.75,7.394787311553955,1
75,5,0.75,0.0,0
75,6,0.75,2.724274158477783,1
75,7,0.75,7.291760444641113,1
76,0,0.76,3.7951862812042236,1
76,1,0.76,9.848945617675781,1
76,2,0.76,0.0,0
76,3,0.76,0.0,0
76,4,0.76,7.394787311553955,1
76,5,0.76,0.0,0
76,6,0.76,2.724274158477783,1
76,7,0.76,7.291760444641113,1
77,0,0.77,3.7951862812042236,1
77,1,0.77,9.848945617675781,1
77,2,0.77,0.0,0
77,3,0.77,1.6392507553100586,1
77,4,0.77,7.394787311553955,1
77,5,0.77,0.0,0
77,6,0.77,2.724274158477783,1
77,7,0.77,7.291760444641113,1
78,0,0.78,3.7951862812042236,1
78,1,0.78,9.848945617675781,1
78,2,0.78,0.0,0
78,3,0.78,1.6392507553100586,1
78,4,0.78,7.394787311553955,1
78,5,0.78,0.0,0
78,6,0.78,2.724274158477783,1
78,7,0.78,7.291760444641113,1
79,0,0.79,0.0,0
79,1,0.79,0.0,0
79,2,0.79,0.0,0
79,3,0.79,1.6392507553100586,1
79,4,0.79,0.0,0
79,5,0.79,5.396936893463135,1
79,6,0.79,2.724274158477783,1
79,7,0.79,7.291760444641113,1
80,0,0.8,0.0,0
80,1,0.8,0.0,0
80,2,0.8,0.0,0
80,3,0.8,1.6392507553100586,1
80,4,0.8,0.0,0
80,5,0.8,5.396936893463135,1
80,6,0.8,2.724274158477783,1
80,7,0.8,7.291760444641113,1
81,0,0.81,3.9039154052734375,1
81,1,0.81,0.0,0
81,2,0.81,0.0,0
81,3,0.81,1.6392507553100586,1
81,4,0.81,0.0,0
81,5,0.81,5.396936893463135,1
81,6,0.81,2.724274158477783,1
81,7,0.81,7.291760444641113,1
82,0,0.82,3.9039154052734375,1
82,1,0.82,0.0,0
82,2,0.82,5.484827995300293,1
82,3,0.82,1.6392507553100586,1
82,4,0.82,0.0,0
82,5,0.82,5.396936893463135,1
82,6,0.82,2.724274158477783,1
82,7,0.82,7.291760444641113,1
83,0,0.83,3.9039154052734375,1
83,1,0.83,0.0,0
83,2,0.83,5.484827995300293,1
83,3,0.83,1.6392507553100586,1
83,4,0.83,0.0,0
83,5,0.83,5.396936893463135,1
83,6,0.83,0.0,0
83,7,0.83,7.291760444641113,1
84,0,0.84,3.9039154052734375,1
84,1,0.84,0.0,0
84,2,0.84,5.484827995300293,1
84,3,0.84,1.6392507553100586,1
84,4,0.84,0.0,0
84,5,0.84,5.396936893463135,1
84,6,0.84,0.0,0
84,7,0.84,7.291760444641113,1
85,0,0.85,3.9039154052734375,1
85,1,0.85,0.0,0
85,2,0.85,5.484827995300293,1
85,3,0.85,0.0,0
85,4,0.85,0.0,0
85,5,0.85,5.396936893463135,1
85,6,0.85,0.0,0
85,7,0.85,0.0,0
86,0,0.86,3.9039154052734375,1
86,1,0.86,0.0,0
86,2,0.86,5.484827995300293,1
86,3,0.86,2.8174080848693848,1
86,4,0.86,0.0,0
86,5,0.86,5.396936893463135,1
86,6,0.86,0.0,0
86,7,0.86,0.0,0
87,0,0.87,3.9039154052734375,1
87,1,0.87,6.625025272369385,1
87,2,0.87,5.484827995300293,1
87,3,0.87,2.8174080848693848,1
87,4,0.87,0.0,0
87,5,0.87,5.396936893463135,1
87,6,0.87,0.0,0
87,7,0.87,0.0,0
88,0,0.88,3.9039154052734375,1
88,1,0.88,6.625025272369385,1
88,2,0.88,5.484827995300293,1
88,3,0.88,2.8174080848693848,1
88,4,0.88,0.0,0
88,5,0.88,0.0,0
88,6,0.88,0.0,0
88,7,0.88,0.0,0
89,0,0.89,3.9039154052734375,1
89,1,0.89,6.625025272369385,1
89,2,0.89,5.484827995300293,1
89,3,0.89,2.8174080848693848,1
89,4,0.89,0.0,0
89,5,0.89,0.0,0
89,6,0.89,0.0,0
89,7,0.89,0.0,0
90,0,0.9,3.9039154052734375,1
90,1,0.9,6.625025272369385,1
90,2,0.9,5.484827995300293,1
90,3,0.9,2.8174080848693848,1
90,4,0.9,0.0,0
90,5,0.9,0.0,0
90,6,0.9,0.0,0
90,7,0.9,0.0,0
91,0,0.91,3.9039154052734375,1
91,1,0.91,6.625025272369385,1
91,2,0.91,5.484827995300293,1
91,3,0.91,2.8174080848693848,1
91,4,0.91,0.0,0
91,5,0.91,0.0,0
91,6,0.91,0.0,0
91,7,0.91,0.0,0
92,0,0.92,3.9039154052734375,1
92,1,0.92,6.625025272369385,1
92,2,0.92,5.484827995300293,1
92,3,0.92,2.8174080848693848,1
92,4,0.92,0.0,0
92,5,0.92,0.0,0
92,6,0.92,0.0,0
92,7,0.92,0.0,0
93,0,0.93,3.9039154052734375,1
93,1,0.93,6.625025272369385,1
93,2,0.93,0.0,0
93,3,0.93,2.8174080848693848,1
93,4,0.93,0.0,0
93,5,0.93,0.0,0
93,6,0.93,0.0,0
93,7,0.93,5.882204532623291,1
94,0,0.94,0.0,0
94,1,0.94,6.625025272369385,1
94,2,0.94,0.0,0
94,3,0.94,0.0,0
94,4,0.94,0.0,0
94,5,0.94,0.0,0
94,6,0.94,0.0,0
94,7,0.94,5.882204532623291,1
95,0,0.95,0.0,0
95,1,0.95,6.625025272369385,1
95,2,0.95,0.0,0
95,3,0.95,0.0,0
95,4,0.95,0.0,0
95,5,0.95,0.0,0
95,6,0.95,0.0,0
95,7,0.95,5.882204532623291,1
96,0,0.96,0.0,0
96,1,0.96,0.0,0
96,2,0.96,0.0,0
96,3,0.96,0.0,0
96,4,0.96,0.0,0
96,5,0.96,0.0,0
96,6,0.96,0.0,0
96,7,0.96,5.882204532623291,1
97,0,0.97,7.088552951812744,1
97,1,0.97,1.3493705987930298,1
97,2,0.97,0.0,0
97,3,0.97,0.0,0
97,4,0.97,1.422162652015686,1
97,5,0.97,0.0,0
97,6,0.97,0.0,0
97,7,0.97,5.882204532623291,1
98,0,0.98,7.088552951812744,1
98,1,0.98,1.3493705987930298,1
98,2,0.98,0.0,0
98,3,0.98,0.0,0
98,4,0.98,1.422162652015686,1
98,5,0.98,0.0,0
98,6,0.98,0.0,0
98,7,0.98,5.882204532623291,1
99,0,0.99,7.088552951812744,1
99,1,0.99,1.3493705987930298,1
99,2,0.99,0.0,0
99,3,0.99,0.0,0
99,4,0.99,1.422162652015686,1
99,5,0.99,0.0,0
99,6,0.99,0.0,0
99,7,0.99,5.882204532623291,1
100,0,1.0,7.088552951812744,1
100,1,1.0,1.3493705987930298,1
100,2,1.0,0.0,0
100,3,1.0,0.0,0
100,4,1.0,1.422162652015686,1
100,5,1.0,0.0,0
100,6,1.0,0.0,0
100,7,1.0,0.0,0
101,0,1.01,7.088552951812744,1
101,1,1.01,1.3493705987930298,1
101,2,1.01,0.0,0
101,3,1.01,0.0,0
101,4,1.01,0.0,0
101,5,1.01,0.0,0
101,6,1.01,0.0,0
101,7,1.01,0.0,0
102,0,1.02,7.088552951812744,1
102,1,1.02,1.3493705987930298,1
102,2,1.02,0.0,0
102,3,1.02,0.0,0
102,4,1.02,0.0,0
102,5,1.02,0.0,0
102,6,1.02,0.0,0
102,7,1.02,0.0,0
103,0,1.03,7.088552951812744,1
103,1,1.03,1.3493705987930298,1
103,2,1.03,0.0,0
103,3,1.03,0.0,0
103,4,1.03,0.0,0
103,5,1.03,0.0,0
103,6,1.03,0.0,0
103,7,1.03,0.0,0
104,0,1.04,7.088552951812744,1
104,1,1.04,1.3493705987930298,1
104,2,1.04,0.0,0
104,3,1.04,0.0,0
104,4,1.04,0.0,0
104,5,1.04,0.0,0
104,6,1.04,0.0,0
104,7,1.04,0.0,0
105,0,1.05,0.0,0
105,1,1.05,1.3493705987930298,1
105,2,1.05,0.0,0
105,3,1.05,0.0,0
105,4,1.05,0.0,0
105,5,1.05,0.0,0
105,6,1.05,0.0,0
105,7,1.05,3.621027946472168,1
106,0,1.06,0.0,0
106,1,1.06,1.3493705987930298,1
106,2,1.06,0.0,0
106,3,1.06,0.0,0
106,4,1.06,0.0,0
106,5,1.06,0.0,0
106,6,1.06,2.7439982891082764,1
106,7,1.06,3.621027946472168,1
107,0,1.07,0.0,0
107,1,1.07,1.3493705987930298,1
107,2,1.07,0.0,0
107,3,1.07,0.0,0
107,4,1.07,0.0,0
107,5,1.07,0.0,0
107,6,1.07,2.7439982891082764,1
107,7,1.07,3.621027946472168,1
108,0,1.08,0.0,0
108,1,1.08,1.3493705987930298,1
108,2,1.08,0.0,0
108,3,1.08,0.0,0
108,4,1.08,0.0,0
108,5,1.08,0.0,0
108,6,1.08,2.7439982891082764,1
108,7,1.08,3.621027946472168,1
109,0,1.09,0.0,0
109,1,1.09,1.3493705987930298,1
109,2,1.09,0.0,0
109,3,1.09,8.781540870666504,1
109,4,1.09,0.0,0
109,5,1.09,0.0,0
109,6,1.09,0.0,0
109,7,1.09,3.621027946472168,1
110,0,1.1,0.0,0
110,1,1.1,1.3493705987930298,1
110,2,1.1,0.0,0
110,3,1.1,8.781540870666504,1
110,4,1.1,0.0,0
110,5,1.1,2.4037373065948486,1
110,6,1.1,0.0,0
110,7,1.1,3.621027946472168,1
111,0,1.11,0.0,0
111,1,1.11,0.0,0
111,2,1.11,0.0,0
111,3,1.11,8.781540870666504,1
111,4,1.11,0.0,0
111,5,1.11,2.4037373065948486,1
111,6,1.11,0.0,0
111,7,1.11,3.621027946472168,1
112,0,1.12,0.0,0
112,1,1.12,0.0,0
112,2,1.12,0.0,0
112,3,1.12,8.781540870666504,1
112,4,1.12,0.0,0
112,5,1.12,2.4037373065948486,1
112,6,1.12,0.0,0
112,7,1.12,3.621027946472168,1
113,0,1.13,0.0,0
113,1,1.13,0.0,0
113,2,1.13,0.0,0
113,3,1.13,8.781540870666504,1
113,4,1.13,0.0,0
113,5,1.13,2.4037373065948486,1
113,6,1.13,0.0,0
113,7,1.13,3.621027946472168,1
114,0,1.14,0.0,0
114,1,1.14,1.843148112297058,1
114,2,1.14,0.0,0
114,3,1.14,0.0,0
114,4,1.14,0.0,0
114,5,1.14,2.4037373065948486,1
114,6,1.14,0.0,0
114,7,1.14,3.621027946472168,1
115,0,1.15,0.0,0
115,1,1.15,1.843148112297058,1
115,2,1.15,0.0,0
115,3,1.15,0.0,0
115,4,1.15,0.0,0
115,5,1.15,2.4037373065948486,1
115,6,1.15,0.0,0
115,7,1.15,3.621027946472168,1
116,0,1.16,0.0,0
116,1,1.16,1.843148112297058,1
116,2,1.16,0.0,0
116,3,1.16,0.0,0
116,4,1.16,0.0,0
116,5,1.16,2.4037373065948486,1
116,6,1.16,0.0,0
116,7,1.16,0.0,0
117,0,1.17,0.0,0
117,1,1.17,1.843148112297058,1
117,2,1.17,0.0,0
117,3,1.17,0.0,0
117,4,1.17,0.0,0
117,5,1.17,2.4037373065948486,1
117,6,1.17,0.0,0
117,7,1.17,0.0,0
118,0,1.18,0.0,0
118,1,1.18,1.843148112297058,1
118,2,1.18,0.0,0
118,3,1.18,0.0,0
118,4,1.18,0.0,0
118,5,1.18,2.4037373065948486,1
118,6,1.18,0.0,0
118,7,1.18,0.0,0
119,0,1.19,0.0,0
119,1,1.19,1.843148112297058,1
119,2,1.19,0.0,0
119,3,1.19,0.0,0
119,4,1.19,0.0,0
119,5,1.19,2.4037373065948486,1
119,6,1.19,0.0,0
119,7,1.19,0.0,0
120,0,1.2,8.588630676269531,1
120,1,1.2,1.843148112297058,1
120,2,1.2,0.0,0
120,3,1.2,0.0,0
120,4,1.2,0.0,0
120,5,1.2,2.4037373065948486,1
120,6,1.2,0.0,0
120,7,1.2,0.0,0
121,0,1.21,8.588630676269531,1
121,1,1.21,1.843148112297058,1
121,2,1.21,0.0,0
121,3,1.21,0.0,0
121,4,1.21,0.0,0
121,5,1.21,0.0,0
121,6,1.21,0.0,0
121,7,1.21,0.0,0
122,0,1.22,8.588630676269531,1
122,1,1.22,1.843148112297058,1
122,2,1.22,0.0,0
122,3,1.22,0.0,0
122,4,1.22,0.0,0
122,5,1.22,0.0,0
122,6,1.22,0.0,0
122,7,1.22,0.0,0
123,0,1.23,8.588630676269531,1
123,1,1.23,1.843148112297058,1
123,2,1.23,0.0,0
123,3,1.23,0.0,0
123,4,1.23,0.0,0
123,5,1.23,0.0,0
123,6,1.23,0.0,0
123,7,1.23,0.0,0
124,0,1.24,8.588630676269531,1
124,1,1.24,1.843148112297058,1
124,2,1.24,0.0,0
124,3,1.24,0.0,0
124,4,1.24,0.0,0
124,5,1.24,0.0,0
124,6,1.24,0.0,0
124,7,1.24,0.0,0
125,0,1.25,8.588630676269531,1
125,1,1.25,1.843148112297058,1
125,2,1.25,0.0,0
125,3,1.25,0.0,0
125,4,1.25,0.0,0
125,5,1.25,1.204118251800537,1
125,6,1.25,0.0,0
125,7,1.25,0.0,0
126,0,1.26,0.0,0
126,1,1.26,1.843148112297058,1
126,2,1.26,0.0,0
126,3,1.26,0.0,0
126,4,1.26,0.0,0
126,5,1.26,1.204118251800537,1
126,6,1.26,0.0,0
126,7,1.26,0.0,0
127,0,1.27,0.0,0
127,1,1.27,1.843148112297058,1
127,2,1.27,0.0,0
127,3,1.27,0.0,0
127,4,1.27,0.0,0
127,5,1.27,1.204118251800537,1
127,6,1.27,0.0,0
127,7,1.27,0.0,0
128,0,1.28,0.0,0
128,1,1.28,0.0,0
128,2,1.28,0.0,0
128,3,1.28,0.0,0
128,4,1.28,0.0,0
128,5,1.28,1.204118251800537,1
128,6,1.28,0.0,0
128,7,1.28,0.0,0
129,0,1.29,0.0,0
129,1,1.29,0.0,0
129,2,1.29,0.0,0
129,3,1.29,0.0,0
129,4,1.29,0.0,0
129,5,1.29,1.204118251800537,1
129,6,1.29,0.0,0
129,7,1.29,0.0,0
130,0,1.3,0.0,0
130,1,1.3,0.0,0
130,2,1.3,0.0,0
130,3,1.3,0.0,0
130,4,1.3,0.0,0
130,5,1.3,1.204118251800537,1
130,6,1.3,0.0,0
130,7,1.3,0.0,0
131,0,1.31,0.0,0
131,1,1.31,0.0,0
131,2,1.31,0.0,0
131,3,1.31,0.0,0
131,4,1.31,0.0,0
131,5,1.31,1.204118251800537,1
131,6,1.31,0.0,0
131,7,1.31,0.0,0
132,0,1.32,0.0,0
132,1,1.32,0.0,0
132,2,1.32,0.0,0
132,3,1.32,0.0,0
132,4,1.32,0.0,0
132,5,1.32,0.0,0
132,6,1.32,0.0,0
132,7,1.32,0.0,0
133,0,1.33,0.0,0
133,1,1.33,0.0,0
133,2,1.33,0.0,0
133,3,1.33,0.0,0
133,4,1.33,3.204853057861328,1
133,5,1.33,0.0,0
133,6,1.33,5.686564922332764,1
133,7,1.33,0.0,0
134,0,1.34,0.0,0
134,1,1.34,0.0,0
134,2,1.34,0.0,0
134,3,1.34,0.0,0
134,4,1.34,3.204853057861328,1
134,5,1.34,0.0,0
134,6,1.34,5.686564922332764,1
134,7,1.34,0.0,0
135,0,1.35,0.0,0
135,1,1.35,0.0,0
135,2,1.35,0.0,0
135,3,1.35,5.7848381996154785,1
135,4,1.35,3.204853057861328,1
135,5,1.35,0.0,0
135,6,1.35,5.686564922332764,1
135,7,1.35,0.0,0
136,0,1.36,0.0,0
136,1,1.36,0.0,0
136,2,1.36,0.0,0
136,3,1.36,5.7848381996154785,1
136,4,1.36,3.204853057861328,1
136,5,1.36,0.0,0
136,6,1.36,5.686564922332764,1
136,7,1.36,0.0,0
137,0,1.37,0.0,0
137,1,1.37,0.0,0
137,2,1.37,0.0,0
137,3,1.37,5.7848381996154785,1
137,4,1.37,3.204853057861328,1
137,5,1.37,0.0,0
137,6,1.37,5.686564922332764,1
137,7,1.37,0.0,0
138,0,1.38,0.0,0
138,1,1.38,0.0,0
138,2,1.38,0.0,0
138,3,1.38,5.7848381996154785,1
138,4,1.38,3.204853057861328,1
138,5,1.38,0.0,0
138,6,1.38,5.686564922332764,1
138,7,1.38,0.0,0
139,0,1.39,0.0,0
139,1,1.39,0.0,0
139,2,1.39,0.0,0
139,3,1.39,5.7848381996154785,1
139,4,1.39,3.204853057861328,1
139,5,1.39,0.0,0
139,6,1.39,0.0,0
139,7,1.39,0.0,0
140,0,1.4,0.0,0
140,1,1.4,0.0,0
140,2,1.4,5.468393325805664,1
140,3,1.4,5.7848381996154785,1
140,4,1.4,3.204853057861328,1
140,5,1.4,0.0,0
140,6,1.4,0.0,0
140,7,1.4,0.0,0
141,0,1.41,0.0,0
141,1,1.41,0.0,0
141,2,1.41,5.468393325805664,1
141,3,1.41,5.7848381996154785,1
141,4,1.41,3.204853057861328,1
141,5,1.41,0.0,0
141,6,1.41,0.0,0
141,7,1.41,0.0,0
142,0,1.42,1.6375099420547485,1
142,1,1.42,0.0,0
142,2,1.42,5.468393325805664,1
142,3,1.42,5.7848381996154785,1
142,4,1.42,3.204853057861328,1
142,5,1.42,0.0,0
142,6,1.42,0.0,0
142,7,1.42,0.0,0
143,0,1.43,1.6375099420547485,1
143,1,1.43,0.0,0
143,2,1.43,5.468393325805664,1
143,3,1.43,5.7848381996154785,1
143,4,1.43,3.204853057861328,1
143,5,1.43,0.0,0
143,6,1.43,0.0,0
143,7,1.43,9.023934364318848,1
144,0,1.44,1.6375099420547485,1
144,1,1.44,0.0,0
144,2,1.44,5.468393325805664,1
144,3,1.44,5.7848381996154785,1
144,4,1.44,3.204853057861328,1
144,5,1.44,0.0,0
144,6,1.44,0.0,0
144,7,1.44,9.023934364318848,1
145,0,1.45,1.6375099420547485,1
145,1,1.45,0.0,0
145,2,1.45,5.468393325805664,1
145,3,1.45,5.7848381996154785,1
145,4,1.45,3.204853057861328,1
145,5,1.45,0.0,0
145,6,1.45,0.0,0
145,7,1.45,9.023934364318848,1
146,0,1.46,1.6375099420547485,1
146,1,1.46,0.0,0
146,2,1.46,5.468393325805664,1
146,3,1.46,5.7848381996154785,1
146,4,1.46,3.204853057861328,1
146,5,1.46,0.0,0
146,6,1.46,5.9799299240112305,1
146,7,1.46,9.023934364318848,1
147,0,1.47,1.6375099420547485,1
147,1,1.47,0.0,0
147,2,1.47,5.468393325805664,1
147,3,1.47,5.7848381996154785,1
147,4,1.47,3.204853057861328,1
147,5,1.47,0.0,0
147,6,1.47,5.9799299240112305,1
147,7,1.47,9.023934364318848,1
148,0,1.48,1.6375099420547485,1
148,1,1.48,0.0,0
148,2,1.48,5.468393325805664,1
148,3,1.48,0.0,0
148,4,1.48,0.0,0
148,5,1.48,0.0,0
148,6,1.48,5.9799299240112305,1
148,7,1.48,9.023934364318848,1
149,0,1.49,1.6375099420547485,1
149,1,1.49,0.0,0
149,2,1.49,5.468393325805664,1
149,3,1.49,0.0,0
149,4,1.49,0.0,0
149,5,1.49,0.0,0
149,6,1.49,5.9799299240112305,1
149,7,1.49,9.023934364318848,1
150,0,1.5,1.6375099420547485,1
150,1,1.5,0.0,0
150,2,1.5,5.468393325805664,1
150,3,1.5,0.0,0
150,4,1.5,9.292437553405762,1
150,5,1.5,0.0,0
150,6,1.5,5.9799299240112305,1
150,7,1.5,9.023934364318848,1
151,0,1.51,1.6375099420547485,1
151,1,1.51,0.0,0
151,2,1.51,5.468393325805664,1
151,3,1.51,0.0,0
151,4,1.51,9.292437553405762,1
151,5,1.51,0.0,0
151,6,1.51,5.9799299240112305,1
151,7,1.51,9.023934364318848,1
152,0,1.52,1.6375099420547485,1
152,1,1.52,0.0,0
152,2,1.52,5.468393325805664,1
152,3,1.52,0.0,0
152,4,1.52,9.292437553405762,1
152,5,1.52,0.0,0
152,6,1.52,5.9799299240112305,1
152,7,1.52,9.023934364318848,1
153,0,1.53,0.0,0
153,1,1.53,0.0,0
153,2,1.53,5.468393325805664,1
153,3,1.53,0.0,0
153,4,1.53,9.292437553405762,1
153,5,1.53,0.0,0
153,6,1.53,5.9799299240112305,1
153,7,1.53,9.023934364318848,1
154,0,1.54,0.0,0
154,1,1.54,0.0,0
154,2,1.54,5.468393325805664,1
154,3,1.54,3.8051562309265137,1
154,4,1.54,9.292437553405762,1
154,5,1.54,0.0,0
154,6,1.54,5.9799299240112305,1
154,7,1.54,9.023934364318848,1
155,0,1.55,1.604000210762024,1
155,1,1.55,0.0,0
155,2,1.55,0.0,0
155,3,1.55,3.8051562309265137,1
155,4,1.55,9.292437553405762,1
155,5,1.55,0.0,0
155,6,1.55,0.0,0
155,7,1.55,0.0,0
156,0,1.56,1.604000210762024,1
156,1,1.56,0.0,0
156,2,1.56,0.0,0
156,3,1.56,3.8051562309265137,1
156,4,1.56,9.292437553405762,1
156,5,1.56,0.0,0
156,6,1.56,0.0,0
156,7,1.56,0.0,0
157,0,1.57,1.604000210762024,1
157,1,1.57,0.0,0
157,2,1.57,0.0,0
157,3,1.57,3.8051562309265137,1
157,4,1.57,0.0,0
157,5,1.57,0.0,0
157,6,1.57,0.0,0
157,7,1.57,0.0,0
158,0,1.58,1.604000210762024,1
158,1,1.58,0.0,0
158,2,1.58,0.0,0
158,3,1.58,3.8051562309265137,1
158,4,1.58,0.0,0
158,5,1.58,0.0,0
158,6,1.58,0.0,0
158,7,1.58,0.0,0
159,0,1.59,1.604000210762024,1
159,1,1.59,0.0,0
159,2,1.59,0.0,0
159,3,1.59,3.8051562309265137,1
159,4,1.59,0.0,0
159,5,1.59,0.0,0
159,6,1.59,0.0,0
159,7,1.59,0.0,0
160,0,1.6,1.604000210762024,1
160,1,1.6,0.0,0
160,2,1.6,0.0,0
160,3,1.6,3.8051562309265137,1
160,4,1.6,0.0,0
160,5,1.6,0.0,0
160,6,1.6,0.0,0
160,7,1.6,0.0,0
161,0,1.61,1.604000210762024,1
161,1,1.61,0.0,0
161,2,1.61,0.0,0
161,3,1.61,3.8051562309265137,1
161,4,1.61,0.0,0
161,5,1.61,0.0,0
161,6,1.61,0.0,0
161,7,1.61,0.0,0
162,0,1.62,1.604000210762024,1
162,1,1.62,0.0,0
162,2,1.62,7.9648332595825195,1
162,3,1.62,3.8051562309265137,1
162,4,1.62,0.0,0
162,5,1.62,0.0,0
162,6,1.62,0.0,0
162,7,1.62,0.0,0
163,0,1.63,1.604000210762024,1
163,1,1.63,5.570502758026123,1
163,2,1.63,7.9648332595825195,1
163,3,1.63,3.8051562309265137,1
163,4,1.63,0.0,0
163,5,1.63,0.0,0
163,6,1.63,0.0,0
163,7,1.63,0.0,0
164,0,1.64,1.604000210762024,1
164,1,1.64,5.570502758026123,1
164,2,1.64,7.9648332595825195,1
164,3,1.64,3.8051562309265137,1
164,4,1.64,0.0,0
164,5,1.64,0.0,0
164,6,1.64,0.0,0
164,7,1.64,0.0,0
165,0,1.65,1.604000210762024,1
165,1,1.65,5.570502758026123,1
165,2,1.65,7.9648332595825195,1
165,3,1.65,3.8051562309265137,1
165,4,1.65,0.0,0
165,5,1.65,0.0,0
165,6,1.65,0.0,0
165,7,1.65,0.0,0
166,0,1.66,1.604000210762024,1
166,1,1.66,5.570502758026123,1
166,2,1.66,0.0,0
166,3,1.66,3.8051562309265137,1
166,4,1.66,0.0,0
166,5,1.66,0.0,0
166,6,1.66,0.0,0
166,7,1.66,6.94566011428833,1
167,0,1.67,0.0,0
167,1,1.67,5.570502758026123,1
167,2,1.67,0.0,0
167,3,1.67,3.8051562309265137,1
167,4,1.67,0.0,0
167,5,1.67,0.0,0
167,6,1.67,0.0,0
167,7,1.67,6.94566011428833,1
168,0,1.68,0.0,0
168,1,1.68,5.570502758026123,1
168,2,1.68,0.0,0
168,3,1.68,0.0,0
168,4,1.68,0.0,0
168,5,1.68,0.0,0
168,6,1.68,0.0,0
168,7,1.68,6.94566011428833,1
169,0,1.69,0.0,0
169,1,1.69,5.570502758026123,1
169,2,1.69,0.0,0
169,3,1.69,0.0,0
169,4,1.69,0.0,0
169,5,1.69,0.0,0
169,6,1.69,0.0,0
169,7,1.69,6.94566011428833,1
170,0,1.7,3.4317402839660645,1
170,1,1.7,5.570502758026123,1
170,2,1.7,0.0,0
170,3,1.7,0.0,0
170,4,1.7,0.0,0
170,5,1.7,0.0,0
170,6,1.7,0.0,0
170,7,1.7,6.94566011428833,1
171,0,1.71,3.4317402839660645,1
171,1,1.71,5.570502758026123,1
171,2,1.71,0.0,0
171,3,1.71,0.0,0
171,4,1.71,0.0,0
171,5,1.71,0.0,0
171,6,1.71,0.0,0
171,7,1.71,6.94566011428833,1
172,0,1.72,3.4317402839660645,1
172,1,1.72,5.570502758026123,1
172,2,1.72,0.0,0
172,3,1.72,0.0,0
172,4,1.72,0.0,0
172,5,1.72,0.0,0
172,6,1.72,0.0,0
172,7,1.72,6.94566011428833,1
173,0,1.73,3.4317402839660645,1
173,1,1.73,5.570502758026123,1
173,2,1.73,0.0,0
173,3,1.73,0.0,0
173,4,1.73,0.0,0
173,5,1.73,0.0,0
173,6,1.73,0.0,0
173,7,1.73,6.94566011428833,1
174,0,1.74,3.4317402839660645,1
174,1,1.74,5.570502758026123,1
174,2,1.74,0.0,0
174,3,1.74,0.0,0
174,4,1.74,0.0,0
174,5,1.74,0.0,0
174,6,1.74,0.0,0
174,7,1.74,6.94566011428833,1
175,0,1.75,3.4317402839660645,1
175,1,1.75,5.570502758026123,1
175,2,1.75,0.0,0
175,3,1.75,0.0,0
175,4,1.75,0.0,0
175,5,1.75,0.0,0
175,6,1.75,0.0,0
175,7,1.75,0.0,0
176,0,1.76,3.4317402839660645,1
176,1,1.76,0.0,0
176,2,1.76,0.0,0
176,3,1.76,0.0,0
176,4,1.76,0.0,0
176,5,1.76,0.0,0
176,6,1.76,0.0,0
176,7,1.76,7.520100116729736,1
177,0,1.77,0.0,0
177,1,1.77,0.0,0
177,2,1.77,0.0,0
177,3,1.77,0.0,0
177,4,1.77,0.0,0
177,5,1.77,0.0,0
177,6,1.77,0.0,0
177,7,1.77,7.520100116729736,1
178,0,1.78,0.0,0
178,1,1.78,0.0,0
178,2,1.78,0.0,0
178,3,1.78,0.0,0
178,4,1.78,0.0,0
178,5,1.78,0.0,0
178,6,1.78,0.0,0
178,7,1.78,7.520100116729736,1
179,0,1.79,0.0,0
179,1,1.79,0.0,0
179,2,1.79,0.0,0
179,3,1.79,0.0,0
179,4,1.79,0.0,0
179,5,1.79,0.0,0
179,6,1.79,0.0,0
179,7,1.79,7.520100116729736,1
180,0,1.8,0.0,0
180,1,1.8,0.0,0
180,2,1.8,0.0,0
180,3,1.8,0.0,0
180,4,1.8,0.0,0
180,5,1.8,0.0,0
180,6,1.8,0.0,0
180,7,1.8,7.520100116729736,1
181,0,1.81,0.0,0
181,1,1.81,0.0,0
181,2,1.81,0.0,0
181,3,1.81,0.0,0
181,4,1.81,0.0,0
181,5,1.81,0.0,0
181,6,1.81,0.0,0
181,7,1.81,7.520100116729736,1
182,0,1.82,0.0,0
182,1,1.82,0.0,0
182,2,1.82,0.0,0
182,3,1.82,0.0,0
182,4,1.82,0.0,0
182,5,1.82,0.0,0
182,6,1.82,0.0,0
182,7,1.82,7.520100116729736,1
183,0,1.83,0.0,0
183,1,1.83,0.0,0
183,2,1.83,0.0,0
183,3,1.83,0.0,0
183,4,1.83,0.0,0
183,5,1.83,0.0,0
183,6,1.83,0.0,0
183,7,1.83,7.520100116729736,1
184,0,1.84,0.0,0
184,1,1.84,0.0,0
184,2,1.84,0.0,0
184,3,1.84,0.0,0
184,4,1.84,0.0,0
184,5,1.84,0.0,0
184,6,1.84,0.0,0
184,7,1.84,7.520100116729736,1
185,0,1.85,0.0,0
185,1,1.85,0.0,0
185,2,1.85,0.0,0
185,3,1.85,0.0,0
185,4,1.85,0.0,0
185,5,1.85,0.0,0
185,6,1.85,0.0,0
185,7,1.85,7.520100116729736,1
186,0,1.86,0.0,0
186,1,1.86,0.0,0
186,2,1.86,0.0,0
186,3,1.86,0.0,0
186,4,1.86,0.0,0
186,5,1.86,0.0,0
186,6,1.86,0.0,0
186,7,1.86,7.520100116729736,1
187,0,1.87,0.0,0
187,1,1.87,0.0,0
187,2,1.87,0.0,0
187,3,1.87,0.0,0
187,4,1.87,0.0,0
187,5,1.87,0.0,0
187,6,1.87,0.0,0
187,7,1.87,0.0,0
188,0,1.88,0.0,0
188,1,1.88,0.0,0
188,2,1.88,0.0,0
188,3,1.88,0.0,0
188,4,1.88,7.686089038848877,1
188,5,1.88,0.0,0
188,6,1.88,0.0,0
188,7,1.88,0.0,0
189,0,1.89,0.0,0
189,1,1.89,0.0,0
189,2,1.89,0.0,0
189,3,1.89,0.0,0
189,4,1.89,7.686089038848877,1
189,5,1.89,0.0,0
189,6,1.89,0.0,0
189,7,1.89,0.0,0
190,0,1.9,0.0,0
190,1,1.9,0.0,0
190,2,1.9,0.0,0
190,3,1.9,0.0,0
190,4,1.9,7.686089038848877,1
190,5,1.9,0.0,0
190,6,1.9,0.0,0
190,7,1.9,4.679123878479004,1
191,0,1.91,0.0,0
191,1,1.91,0.0,0
191,2,1.91,0.0,0
191,3,1.91,0.0,0
191,4,1.91,7.686089038848877,1
191,5,1.91,0.0,0
191,6,1.91,0.0,0
191,7,1.91,4.679123878479004,1
192,0,1.92,0.0,0
192,1,1.92,0.0,0
192,2,1.92,0.0,0
192,3,1.92,0.0,0
192,4,1.92,7.686089038848877,1
192,5,1.92,0.0,0
192,6,1.92,8.387138366699219,1
192,7,1.92,4.679123878479004,1
193,0,1.93,0.0,0
193,1,1.93,0.0,0
193,2,1.93,0.0,0
193,3,1.93,0.0,0
193,4,1.93,7.686089038848877,1
193,5,1.93,0.0,0
193,6,1.93,8.387138366699219,1
193,7,1.93,4.679123878479004,1
194,0,1.94,0.0,0
194,1,1.94,0.0,0
194,2,1.94,0.0,0
194,3,1.94,0.0,0
194,4,1.94,7.686089038848877,1
194,5,1.94,0.0,0
194,6,1.94,8.387138366699219,1
194,7,1.94,4.679123878479004,1
195,0,1.95,0.0,0
195,1,1.95,0.0,0
195,2,1.95,0.0,0
195,3,1.95,0.0,0
195,4,1.95,7.686089038848877,1
195,5,1.95,0.0,0
195,6,1.95,8.387138366699219,1
195,7,1.95,4.679123878479004,1
196,0,1.96,0.0,0
196,1,1.96,0.0,0
196,2,1.96,0.0,0
196,3,1.96,0.0,0
196,4,1.96,7.686089038848877,1
196,5,1.96,0.0,0
196,6,1.96,8.387138366699219,1
196,7,1.96,0.0,0
197,0,1.97,0.0,0
197,1,1.97,0.0,0
197,2,1.97,0.0,0
197,3,1.97,0.0,0
197,4,1.97,7.686089038848877,1
197,5,1.97,0.0,0
197,6,1.97,8.387138366699219,1
197,7,1.97,0.0,0
198,0,1.98,0.0,0
198,1,1.98,0.0,0
198,2,1.98,0.0,0
198,3,1.98,0.0,0
198,4,1.98,7.686089038848877,1
198,5,1.98,0.0,0
198,6,1.98,8.387138366699219,1
198,7,1.98,0.0,0
199,0,1.99,0.0,0
199,1,1.99,7.695133209228516,1
199,2,1.99,0.0,0
199,3,1.99,0.0,0
199,4,1.99,7.686089038848877,1
199,5,1.99,0.0,0
199,6,1.99,8.387138366699219,1
199,7,1.99,0.0,0
200,0,2.0,0.0,0
200,1,2.0,7.695133209228516,1
200,2,2.0,0.0,0
200,3,2.0,0.0,0
200,4,2.0,7.686089038848877,1
200,5,2.0,0.0,0
200,6,2.0,8.387138366699219,1
200,7,2.0,0.0,0
201,0,2.01,0.0,0
201,1,2.01,7.695133209228516,1
201,2,2.01,0.0,0
201,3,2.01,0.0,0
201,4,2.01,7.686089038848877,1
201,5,2.01,0.0,0
201,6,2.01,8.387138366699219,1
201,7,2.01,0.0,0
202,0,2.02,0.0,0
202,1,2.02,7.695133209228516,1
202,2,2.02,0.0,0
202,3,2.02,1.448748230934143,1
202,4,2.02,0.0,0
202,5,2.02,0.0,0
202,6,2.02,8.387138366699219,1
202,7,2.02,0.0,0
203,0,2.03,0.0,0
203,1,2.03,0.0,0
203,2,2.03,0.0,0
203,3,2.03,1.448748230934143,1
203,4,2.03,0.0,0
203,5,2.03,0.0,0
203,6,2.03,8.387138366699219,1
203,7,2.03,0.0,0
204,0,2.04,0.0,0
204,1,2.04,0.0,0
204,2,2.04,0.0,0
204,3,2.04,1.448748230934143,1
204,4,2.04,0.0,0
204,5,2.04,1.8011821508407593,1
204,6,2.04,0.0,0
204,7,2.04,0.0,0
205,0,2.05,6.7664642333984375,1
205,1,2.05,0.0,0
205,2,2.05,0.0,0
205,3,2.05,1.448748230934143,1
205,4,2.05,0.0,0
205,5,2.05,1.8011821508407593,1
205,6,2.05,0.0,0
205,7,2.05,0.0,0
206,0,2.06,6.7664642333984375,1
206,1,2.06,0.0,0
206,2,2.06,0.0,0
206,3,2.06,1.448748230934143,1
206,4,2.06,0.0,0
206,5,2.06,1.8011821508407593,1
206,6,2.06,0.0,0
206,7,2.06,0.0,0
207,0,2.07,6.7664642333984375,1
207,1,2.07,0.0,0
207,2,2.07,0.0,0
207,3,2.07,1.448748230934143,1
207,4,2.07,0.0,0
207,5,2.07,1.8011821508407593,1
207,6,2.07,0.0,0
207,7,2.07,0.0,0
208,0,2.08,6.7664642333984375,1
208,1,2.08,0.0,0
208,2,2.08,0.0,0
208,3,2.08,1.448748230934143,1
208,4,2.08,0.0,0
208,5,2.08,1.8011821508407593,1
208,6,2.08,0.0,0
208,7,2.08,0.0,0
209,0,2.09,6.7664642333984375,1
209,1,2.09,0.0,0
209,2,2.09,0.0,0
209,3,2.09,1.448748230934143,1
209,4,2.09,0.0,0
209,5,2.09,1.8011821508407593,1
209,6,2.09,0.0,0
209,7,2.09,0.0,0
210,0,2.1,6.7664642333984375,1
210,1,2.1,0.0,0
210,2,2.1,0.0,0
210,3,2.1,1.448748230934143,1
210,4,2.1,8.321697235107422,1
210,5,2.1,1.8011821508407593,1
210,6,2.1,0.0,0
210,7,2.1,0.0,0
211,0,2.11,6.7664642333984375,1
211,1,2.11,0.0,0
211,2,2.11,0.0,0
211,3,2.11,1.448748230934143,1
211,4,2.11,8.321697235107422,1
211,5,2.11,1.8011821508407593,1
211,6,2.11,0.0,0
211,7,2.11,0.0,0
212,0,2.12,6.7664642333984375,1
212,1,2.12,0.0,0
212,2,2.12,0.0,0
212,3,2.12,1.448748230934143,1
212,4,2.12,8.321697235107422,1
212,5,2.12,1.8011821508407593,1
212,6,2.12,0.0,0
212,7,2.12,0.0,0
213,0,2.13,0.0,0
213,1,2.13,0.0,0
213,2,2.13,0.0,0
213,3,2.13,1.448748230934143,1
213,4,2.13,8.321697235107422,1
213,5,2.13,1.8011821508407593,1
213,6,2.13,0.0,0
213,7,2.13,0.0,0
214,0,2.14,0.0,0
214,1,2.14,0.0,0
214,2,2.14,0.0,0
214,3,2.14,1.448748230934143,1
214,4,2.14,8.321697235107422,1
214,5,2.14,1.8011821508407593,1
214,6,2.14,0.0,0
214,7,2.14,0.0,0
215,0,2.15,0.0,0
215,1,2.15,0.0,0
215,2,2.15,0.0,0
215,3,2.15,1.448748230934143,1
215,4,2.15,8.321697235107422,1
215,5,2.15,1.8011821508407593,1
215,6,2.15,0.0,0
215,7,2.15,0.0,0
216,0,2.16,0.0,0
216,1,2.16,0.0,0
216,2,2.16,0.0,0
216,3,2.16,0.0,0
216,4,2.16,8.321697235107422,1
216,5,2.16,1.8011821508407593,1
216,6,2.16,0.0,0
216,7,2.16,0.0,0
217,0,2.17,0.0,0
217,1,2.17,0.0,0
217,2,2.17,0.0,0
217,3,2.17,0.0,0
217,4,2.17,8.321697235107422,1
217,5,2.17,1.8011821508407593,1
217,6,2.17,0.0,0
217,7,2.17,0.0,0
218,0,2.18,0.0,0
218,1,2.18,0.0,0
218,2,2.18,0.0,0
218,3,2.18,0.0,0
218,4,2.18,8.321697235107422,1
218,5,2.18,1.8011821508407593,1
218,6,2.18,0.0,0
218,7,2.18,0.0,0
219,0,2.19,0.0,0
219,1,2.19,0.0,0
219,2,2.19,7.5735182762146,1
219,3,2.19,0.0,0
219,4,2.19,8.321697235107422,1
219,5,2.19,0.0,0
219,6,2.19,0.0,0
219,7,2.19,0.0,0
220,0,2.2,0.0,0
220,1,2.2,0.0,0
220,2,2.2,7.5735182762146,1
220,3,2.2,0.0,0
220,4,2.2,8.321697235107422,1
220,5,2.2,0.0,0
220,6,2.2,0.0,0
220,7,2.2,0.0,0
221,0,2.21,0.0,0
221,1,2.21,0.0,0
221,2,2.21,7.5735182762146,1
221,3,2.21,0.0,0
221,4,2.21,8.321697235107422,1
221,5,2.21,0.0,0
221,6,2.21,0.0,0
221,7,2.21,0.0,0
222,0,2.22,0.0,0
222,1,2.22,0.0,0
222,2,2.22,7.5735182762146,1
222,3,2.22,0.0,0
222,4,2.22,8.321697235107422,1
222,5,2.22,0.0,0
222,6,2.22,0.0,0
222,7,2.22,0.0,0
223,0,2.23,0.0,0
223,1,2.23,0.0,0
223,2,2.23,7.5735182762146,1
223,3,2.23,0.0,0
223,4,2.23,0.0,0
223,5,2.23,0.0,0
223,6,2.23,0.0,0
223,7,2.23,0.0,0
224,0,2.24,1.9454541206359863,1
224,1,2.24,0.0,0
224,2,2.24,7.5735182762146,1
224,3,2.24,0.0,0
224,4,2.24,0.0,0
224,5,2.24,0.0,0
224,6,2.24,0.0,0
224,7,2.24,0.0,0
225,0,2.25,1.9454541206359863,1
225,1,2.25,0.0,0
225,2,2.25,7.5735182762146,1
225,3,2.25,0.0,0
225,4,2.25,0.0,0
225,5,2.25,0.0,0
225,6,2.25,0.0,0
225,7,2.25,0.0,0
226,0,2.26,1.9454541206359863,1
226,1,2.26,0.0,0
226,2,2.26,0.0,0
226,3,2.26,0.0,0
226,4,2.26,0.0,0
226,5,2.26,0.0,0
226,6,2.26,0.0,0
226,7,2.26,6.782128810882568,1
227,0,2.27,1.9454541206359863,1
227,1,2.27,0.0,0
227,2,2.27,0.0,0
227,3,2.27,3.5267300605773926,1
227,4,2.27,0.0,0
227,5,2.27,0.0,0
227,6,2.27,0.0,0
227,7,2.27,6.782128810882568,1
228,0,2.28,1.9454541206359863,1
228,1,2.28,0.0,0
228,2,2.28,0.0,0
228,3,2.28,3.5267300605773926,1
228,4,2.28,0.0,0
228,5,2.28,0.0,0
228,6,2.28,0.0,0
228,7,2.28,6.782128810882568,1
229,0,2.29,0.0,0
229,1,2.29,0.0,0
229,2,2.29,0.0,0
229,3,2.29,3.5267300605773926,1
229,4,2.29,0.0,0
229,5,2.29,0.0,0
229,6,2.29,0.0,0
229,7,2.29,6.782128810882568,1
230,0,2.3,0.0,0
230,1,2.3,0.0,0
230,2,2.3,0.0,0
230,3,2.3,3.5267300605773926,1
230,4,2.3,0.0,0
230,5,2.3,0.0,0
230,6,2.3,0.0,0
230,7,2.3,6.782128810882568,1
231,0,2.31,0.0,0
231,1,2.31,0.0,0
231,2,2.31,0.0,0
231,3,2.31,3.5267300605773926,1
231,4,2.31,0.0,0
231,5,2.31,0.0,0
231,6,2.31,0.0,0
231,7,2.31,6.782128810882568,1
232,0,2.32,0.0,0
232,1,2.32,0.0,0
232,2,2.32,9.867968559265137,1
232,3,2.32,3.5267300605773926,1
232,4,2.32,0.0,0
232,5,2.32,0.0,0
232,6,2.32,0.0,0
232,7,2.32,6.782128810882568,1
233,0,2.33,0.0,0
233,1,2.33,0.0,0
233,2,2.33,9.867968559265137,1
233,3,2.33,3.5267300605773926,1
233,4,2.33,0.0,0
233,5,2.33,0.0,0
233,6,2.33,0.0,0
233,7,2.33,6.782128810882568,1
234,0,2.34,0.0,0
234,1,2.34,0.0,0
234,2,2.34,9.867968559265137,1
234,3,2.34,3.5267300605773926,1
234,4,2.34,1.958827018737793,1
234,5,2.34,0.0,0
234,6,2.34,0.0,0
234,7,2.34,6.782128810882568,1
235,0,2.35,0.0,0
235,1,2.35,0.0,0
235,2,2.35,9.867968559265137,1
235,3,2.35,0.0,0
235,4,2.35,1.958827018737793,1
235,5,2.35,0.0,0
235,6,2.35,0.0,0
235,7,2.35,6.782128810882568,1
236,0,2.36,0.0,0
236,1,2.36,0.0,0
236,2,2.36,9.867968559265137,1
236,3,2.36,0.0,0
236,4,2.36,1.958827018737793,1
236,5,2.36,0.0,0
236,6,2.36,0.0,0
236,7,2.36,6.782128810882568,1
237,0,2.37,0.0,0
237,1,2.37,0.0,0
237,2,2.37,0.0,0
237,3,2.37,0.0,0
237,4,2.37,1.958827018737793,1
237,5,2.37,0.0,0
237,6,2.37,0.0,0
237,7,2.37,6.782128810882568,1
238,0,2.38,0.0,0
238,1,2.38,0.0,0
238,2,2.38,0.0,0
238,3,2.38,0.0,0
238,4,2.38,1.958827018737793,1
238,5,2.38,0.0,0
238,6,2.38,0.0,0
238,7,2.38,6.782128810882568,1
239,0,2.39,0.0,0
239,1,2.39,0.0,0
239,2,2.39,0.0,0
239,3,2.39,0.0,0
239,4,2.39,1.958827018737793,1
239,5,2.39,0.0,0
239,6,2.39,0.0,0
239,7,2.39,6.782128810882568,1
240,0,2.4,0.0,0
240,1,2.4,0.0,0
240,2,2.4,0.0,0
240,3,2.4,0.0,0
240,4,2.4,1.958827018737793,1
240,5,2.4,0.0,0
240,6,2.4,0.0,0
240,7,2.4,6.782128810882568,1
241,0,2.41,0.0,0
241,1,2.41,0.0,0
241,2,2.41,0.0,0
241,3,2.41,7.043623924255371,1
241,4,2.41,1.958827018737793,1
241,5,2.41,0.0,0
241,6,2.41,0.0,0
241,7,2.41,0.0,0
242,0,2.42,0.0,0
242,1,2.42,0.0,0
242,2,2.42,0.0,0
242,3,2.42,7.043623924255371,1
242,4,2.42,0.0,0
242,5,2.42,6.261030673980713,1
242,6,2.42,0.0,0
242,7,2.42,0.0,0
243,0,2.43,0.0,0
243,1,2.43,0.0,0
243,2,2.43,0.0,0
243,3,2.43,7.043623924255371,1
243,4,2.43,0.0,0
243,5,2.43,6.261030673980713,1
243,6,2.43,0.0,0
243,7,2.43,0.0,0
244,0,2.44,0.0,0
244,1,2.44,0.0,0
244,2,2.44,0.0,0
244,3,2.44,7.043623924255371,1
244,4,2.44,9.825400352478027,1
244,5,2.44,6.261030673980713,1
244,6,2.44,0.0,0
244,7,2.44,0.0,0
245,0,2.45,0.0,0
245,1,2.45,0.0,0
245,2,2.45,0.0,0
245,3,2.45,7.043623924255371,1
245,4,2.45,9.825400352478027,1
245,5,2.45,6.261030673980713,1
245,6,2.45,0.0,0
245,7,2.45,3.748553991317749,1
246,0,2.46,0.0,0
246,1,2.46,0.0,0
246,2,2.46,0.0,0
246,3,2.46,7.043623924255371,1
246,4,2.46,9.825400352478027,1
246,5,2.46,0.0,0
246,6,2.46,0.0,0
246,7,2.46,3.748553991317749,1
247,0,2.47,0.0,0
247,1,2.47,0.0,0
247,2,2.47,3.4736950397491455,1
247,3,2.47,7.043623924255371,1
247,4,2.47,9.825400352478027,1
247,5,2.47,0.0,0
247,6,2.47,0.0,0
247,7,2.47,3.748553991317749,1
248,0,2.48,0.0,0
248,1,2.48,0.0,0
248,2,2.48,3.4736950397491455,1
248,3,2.48,7.043623924255371,1
248,4,2.48,9.825400352478027,1
248,5,2.48,0.0,0
248,6,2.48,0.0,0
248,7,2.48,3.748553991317749,1
249,0,2.49,0.0,0
249,1,2.49,0.0,0
249,2,2.49,3.4736950397491455,1
249,3,2.49,7.043623924255371,1
249,4,2.49,9.825400352478027,1
249,5,2.49,0.0,0
249,6,2.49,0.0,0
249,7,2.49,3.748553991317749,1
250,0,2.5,0.0,0
250,1,2.5,0.0,0
250,2,2.5,3.4736950397491455,1
250,3,2.5,7.043623924255371,1
250,4,2.5,9.825400352478027,1
250,5,2.5,0.0,0
250,6,2.5,0.0,0
250,7,2.5,3.748553991317749,1
251,0,2.51,0.0,0
251,1,2.51,0.0,0
251,2,2.51,3.4736950397491455,1
251,3,2.51,7.043623924255371,1
251,4,2.51,9.825400352478027,1
251,5,2.51,0.0,0
251,6,2.51,0.0,0
251,7,2.51,3.748553991317749,1
252,0,2.52,0.0,0
252,1,2.52,0.0,0
252,2,2.52,3.4736950397491455,1
252,3,2.52,0.0,0
252,4,2.52,9.825400352478027,1
252,5,2.52,8.362563133239746,1
252,6,2.52,0.0,0
252,7,2.52,3.748553991317749,1
253,0,2.53,0.0,0
253,1,2.53,0.0,0
253,2,2.53,3.4736950397491455,1
253,3,2.53,5.147802829742432,1
253,4,2.53,9.825400352478027,1
253,5,2.53,8.362563133239746,1
253,6,2.53,0.0,0
253,7,2.53,3.748553991317749,1
254,0,2.54,0.0,0
254,1,2.54,0.0,0
254,2,2.54,0.0,0
254,3,2.54,5.147802829742432,1
254,4,2.54,9.825400352478027,1
254,5,2.54,8.362563133239746,1
254,6,2.54,0.0,0
254,7,2.54,3.748553991317749,1
255,0,2.55,0.0,0
255,1,2.55,0.0,0
255,2,2.55,0.0,0
255,3,2.55,5.147802829742432,1
255,4,2.55,9.825400352478027,1
255,5,2.55,8.362563133239746,1
255,6,2.55,0.0,0
255,7,2.55,0.0,0
256,0,2.56,0.0,0
256,1,2.56,0.0,0
256,2,2.56,0.0,0
256,3,2.56,5.147802829742432,1
256,4,2.56,9.825400352478027,1
256,5,2.56,8.362563133239746,1
256,6,2.56,0.0,0
256,7,2.56,0.0,0
257,0,2.57,0.0,0
257,1,2.57,0.0,0
257,2,2.57,0.0,0
257,3,2.57,5.147802829742432,1
257,4,2.57,0.0,0
257,5,2.57,8.362563133239746,1
257,6,2.57,0.0,0
257,7,2.57,0.0,0
258,0,2.58,0.0,0
258,1,2.58,0.0,0
258,2,2.58,0.0,0
258,3,2.58,5.147802829742432,1
258,4,2.58,0.0,0
258,5,2.58,8.362563133239746,1
258,6,2.58,0.0,0
258,7,2.58,0.0,0
259,0,2.59,0.0,0
259,1,2.59,0.0,0
259,2,2.59,0.0,0
259,3,2.59,5.147802829742432,1
259,4,2.59,0.0,0
259,5,2.59,8.362563133239746,1
259,6,2.59,0.0,0
259,7,2.59,0.0,0
260,0,2.6,0.0,0
260,1,2.6,0.0,0
260,2,2.6,0.0,0
260,3,2.6,5.147802829742432,1
260,4,2.6,0.0,0
260,5,2.6,8.362563133239746,1
260,6,2.6,0.0,0
260,7,2.6,0.0,0
261,0,2.61,0.0,0
261,1,2.61,0.0,0
261,2,2.61,9.682311058044434,1
261,3,2.61,5.147802829742432,1
261,4,2.61,0.0,0
261,5,2.61,0.0,0
261,6,2.61,0.0,0
261,7,2.61,0.0,0
262,0,2.62,0.0,0
262,1,2.62,5.957911968231201,1
262,2,2.62,9.682311058044434,1
262,3,2.62,0.0,0
262,4,2.62,1.6528706550598145,1
262,5,2.62,0.0,0
262,6,2.62,0.0,0
262,7,2.62,0.0,0
263,0,2.63,0.0,0
263,1,2.63,5.957911968231201,1
263,2,2.63,9.682311058044434,1
263,3,2.63,0.0,0
263,4,2.63,1.6528706550598145,1
263,5,2.63,0.0,0
263,6,2.63,0.0,0
263,7,2.63,0.0,0
264,0,2.64,4.659206390380859,1
264,1,2.64,5.957911968231201,1
264,2,2.64,9.682311058044434,1
264,3,2.64,0.0,0
264,4,2.64,1.6528706550598145,1
264,5,2.64,0.0,0
264,6,2.64,0.0,0
264,7,2.64,0.0,0
265,0,2.65,4.659206390380859,1
265,1,2.65,5.957911968231201,1
265,2,2.65,0.0,0
265,3,2.65,0.0,0
265,4,2.65,1.6528706550598145,1
265,5,2.65,0.0,0
265,6,2.65,0.0,0
265,7,2.65,0.0,0
266,0,2.66,4.659206390380859,1
266,1,2.66,5.957911968231201,1
266,2,2.66,0.0,0
266,3,2.66,0.0,0
266,4,2.66,1.6528706550598145,1
266,5,2.66,0.0,0
266,6,2.66,0.0,0
266,7,2.66,0.0,0
267,0,2.67,4.659206390380859,1
267,1,2.67,5.957911968231201,1
267,2,2.67,0.0,0
267,3,2.67,0.0,0
267,4,2.67,1.6528706550598145,1
267,5,2.67,0.0,0
267,6,2.67,0.0,0
267,7,2.67,0.0,0
268,0,2.68,0.0,0
268,1,2.68,5.957911968231201,1
268,2,2.68,0.0,0
268,3,2.68,0.0,0
268,4,2.68,1.6528706550598145,1
268,5,2.68,0.0,0
268,6,2.68,0.0,0
268,7,2.68,0.0,0
269,0,2.69,0.0,0
269,1,2.69,5.957911968231201,1
269,2,2.69,0.0,0
269,3,2.69,0.0,0
269,4,2.69,0.0,0
269,5,2.69,0.0,0
269,6,2.69,0.0,0
269,7,2.69,0.0,0
270,0,2.7,0.0,0
270,1,2.7,5.957911968231201,1
270,2,2.7,0.0,0
270,3,2.7,0.0,0
270,4,2.7,0.0,0
270,5,2.7,0.0,0
270,6,2.7,0.0,0
270,7,2.7,4.942558765411377,1
271,0,2.71,0.0,0
271,1,2.71,5.957911968231201,1
271,2,2.71,0.0,0
271,3,2.71,0.0,0
271,4,2.71,0.0,0
271,5,2.71,0.0,0
271,6,2.71,1.263485074043274,1
271,7,2.71,4.942558765411377,1
272,0,2.72,8.6361722946167,1
272,1,2.72,5.957911968231201,1
272,2,2.72,0.0,0
272,3,2.72,0.0,0
272,4,2.72,0.0,0
272,5,2.72,0.0,0
272,6,2.72,1.263485074043274,1
272,7,2.72,4.942558765411377,1
273,0,2.73,8.6361722946167,1
273,1,2.73,5.957911968231201,1
273,2,2.73,0.0,0
273,3,2.73,3.773653268814087,1
273,4,2.73,0.0,0
273,5,2.73,0.0,0
273,6,2.73,1.263485074043274,1
273,7,2.73,4.942558765411377,1
274,0,2.74,8.6361722946167,1
274,1,2.74,5.957911968231201,1
274,2,2.74,0.0,0
274,3,2.74,3.773653268814087,1
274,4,2.74,0.0,0
274,5,2.74,0.0,0
274,6,2.74,1.263485074043274,1
274,7,2.74,4.942558765411377,1
275,0,2.75,0.0,0
275,1,2.75,5.957911968231201,1
275,2,2.75,0.0,0
275,3,2.75,3.773653268814087,1
275,4,2.75,0.0,0
275,5,2.75,0.0,0
275,6,2.75,1.263485074043274,1
275,7,2.75,4.942558765411377,1
276,0,2.76,0.0,0
276,1,2.76,0.0,0
276,2,2.76,0.0,0
276,3,2.76,3.773653268814087,1
276,4,2.76,0.0,0
276,5,2.76,8.380245208740234,1
276,6,2.76,1.263485074043274,1
276,7,2.76,4.942558765411377,1
277,0,2.77,0.0,0
277,1,2.77,0.0,0
277,2,2.77,0.0,0
277,3,2.77,3.773653268814087,1
277,4,2.77,0.0,0
277,5,2.77,8.380245208740234,1
277,6,2.77,1.263485074043274,1
277,7,2.77,4.942558765411377,1
278,0,2.78,0.0,0
278,1,2.78,0.0,0
278,2,2.78,0.0,0
278,3,2.78,0.0,0
278,4,2.78,0.0,0
278,5,2.78,8.380245208740234,1
278,6,2.78,1.263485074043274,1
278,7,2.78,4.942558765411377,1
279,0,2.79,0.0,0
279,1,2.79,0.0,0
279,2,2.79,0.0,0
279,3,2.79,0.0,0
279,4,2.79,0.0,0
279,5,2.79,8.380245208740234,1
279,6,2.79,1.263485074043274,1
279,7,2.79,4.942558765411377,1
280,0,2.8,0.0,0
280,1,2.8,0.0,0
280,2,2.8,0.0,0
280,3,2.8,0.0,0
280,4,2.8,0.0,0
280,5,2.8,8.380245208740234,1
280,6,2.8,1.263485074043274,1
280,7,2.8,0.0,0
281,0,2.81,0.0,0
281,1,2.81,0.0,0
281,2,2.81,0.0,0
281,3,2.81,0.0,0
281,4,2.81,0.0,0
281,5,2.81,8.380245208740234,1
281,6,2.81,1.263485074043274,1
281,7,2.81,0.0,0
282,0,2.82,0.0,0
282,1,2.82,0.0,0
282,2,2.82,0.0,0
282,3,2.82,0.0,0
282,4,2.82,4.279467582702637,1
282,5,2.82,0.0,0
282,6,2.82,1.263485074043274,1
282,7,2.82,0.0,0
283,0,2.83,0.0,0
283,1,2.83,0.0,0
283,2,2.83,0.0,0
283,3,2.83,0.0,0
283,4,2.83,4.279467582702637,1
283,5,2.83,0.0,0
283,6,2.83,0.0,0
283,7,2.83,0.0,0
284,0,2.84,0.0,0
284,1,2.84,7.498595237731934,1
284,2,2.84,0.0,0
284,3,2.84,0.0,0
284,4,2.84,4.279467582702637,1
284,5,2.84,0.0,0
284,6,2.84,0.0,0
284,7,2.84,0.0,0
285,0,2.85,0.0,0
285,1,2.85,7.498595237731934,1
285,2,2.85,0.0,0
285,3,2.85,3.2373318672180176,1
285,4,2.85,0.0,0
285,5,2.85,0.0,0
285,6,2.85,0.0,0
285,7,2.85,0.0,0
286,0,2.86,0.0,0
286,1,2.86,7.498595237731934,1
286,2,2.86,0.0,0
286,3,2.86,3.2373318672180176,1
286,4,2.86,0.0,0
286,5,2.86,0.0,0
286,6,2.86,0.0,0
286,7,2.86,1.9018127918243408,1
287,0,2.87,0.0,0
287,1,2.87,7.498595237731934,1
287,2,2.87,0.0,0
287,3,2.87,3.2373318672180176,1
287,4,2.87,0.0,0
287,5,2.87,0.0,0
287,6,2.87,0.0,0
287,7,2.87,1.9018127918243408,1
288,0,2.88,0.0,0
288,1,2.88,7.498595237731934,1
288,2,2.88,0.0,0
288,3,2.88,3.2373318672180176,1
288,4,2.88,0.0,0
288,5,2.88,0.0,0
288,6,2.88,0.0,0
288,7,2.88,1.9018127918243408,1
289,0,2.89,0.0,0
289,1,2.89,7.498595237731934,1
289,2,2.89,0.0,0
289,3,2.89,3.2373318672180176,1
289,4,2.89,0.0,0
289,5,2.89,0.0,0
289,6,2.89,0.0,0
289,7,2.89,1.9018127918243408,1
290,0,2.9,0.0,0
290,1,2.9,7.498595237731934,1
290,2,2.9,0.0,0
290,3,2.9,0.0,0
290,4,2.9,0.0,0
290,5,2.9,0.0,0
290,6,2.9,0.0,0
290,7,2.9,0.0,0
291,0,2.91,0.0,0
291,1,2.91,0.0,0
291,2,2.91,7.62714958190918,1
291,3,2.91,0.0,0
291,4,2.91,0.0,0
291,5,2.91,0.0,0
291,6,2.91,0.0,0
291,7,2.91,0.0,0
292,0,2.92,0.0,0
292,1,2.92,0.0,0
292,2,2.92,7.62714958190918,1
292,3,2.92,0.0,0
292,4,2.92,0.0,0
292,5,2.92,0.0,0
292,6,2.92,0.0,0
292,7,2.92,0.0,0
293,0,2.93,0.0,0
293,1,2.93,0.0,0
293,2,2.93,7.62714958190918,1
293,3,2.93,0.0,0
293,4,2.93,0.0,0
293,5,2.93,0.0,0
293,6,2.93,0.0,0
293,7,2.93,0.0,0
294,0,2.94,0.0,0
294,1,2.94,0.0,0
294,2,2.94,7.62714958190918,1
294,3,2.94,0.0,0
294,4,2.94,0.0,0
294,5,2.94,0.0,0
294,6,2.94,0.0,0
294,7,2.94,0.0,0
295,0,2.95,0.0,0
295,1,2.95,0.0,0
295,2,2.95,7.62714958190918,1
295,3,2.95,1.9523789882659912,1
295,4,2.95,0.0,0
295,5,2.95,0.0,0
295,6,2.95,2.5325329303741455,1
295,7,2.95,0.0,0
296,0,2.96,0.0,0
296,1,2.96,0.0,0
296,2,2.96,7.62714958190918,1
296,3,2.96,1.9523789882659912,1
296,4,2.96,0.0,0
296,5,2.96,0.0,0
296,6,2.96,2.5325329303741455,1
296,7,2.96,0.0,0
297,0,2.97,0.0,0
297,1,2.97,1.4387707710266113,1
297,2,2.97,7.62714958190918,1
297,3,2.97,1.9523789882659912,1
297,4,2.97,0.0,0
297,5,2.97,5.36990213394165,1
297,6,2.97,2.5325329303741455,1
297,7,2.97,0.0,0
298,0,2.98,0.0,0
298,1,2.98,1.4387707710266113,1
298,2,2.98,7.62714958190918,1
298,3,2.98,1.9523789882659912,1
298,4,2.98,0.0,0
298,5,2.98,5.36990213394165,1
298,6,2.98,2.5325329303741455,1
298,7,2.98,0.0,0
299,0,2.99,0.0,0
299,1,2.99,1.4387707710266113,1
299,2,2.99,7.62714958190918,1
299,3,2.99,1.9523789882659912,1
299,4,2.99,0.0,0
299,5,2.99,5.36990213394165,1
299,6,2.99,2.5325329303741455,1
299,7,2.99,0.0,0
300,0,3.0,0.0,0
300,1,3.0,1.4387707710266113,1
300,2,3.0,0.0,0
300,3,3.0,1.9523789882659912,1
300,4,3.0,0.0,0
300,5,3.0,5.36990213394165,1
300,6,3.0,2.5325329303741455,1
300,7,3.0,0.0,0
301,0,3.01,0.0,0
301,1,3.01,1.4387707710266113,1
301,2,3.01,0.0,0
301,3,3.01,1.9523789882659912,1
301,4,3.01,0.0,0
301,5,3.01,0.0,0
301,6,3.01,2.5325329303741455,1
301,7,3.01,0.0,0
302,0,3.02,0.0,0
302,1,3.02,1.4387707710266113,1
302,2,3.02,0.0,0
302,3,3.02,1.9523789882659912,1
302,4,3.02,0.0,0
302,5,3.02,7.505497932434082,1
302,6,3.02,2.5325329303741455,1
302,7,3.02,0.0,0
303,0,3.03,0.0,0
303,1,3.03,1.4387707710266113,1
303,2,3.03,0.0,0
303,3,3.03,1.9523789882659912,1
303,4,3.03,0.0,0
303,5,3.03,7.505497932434082,1
303,6,3.03,2.5325329303741455,1
303,7,3.03,0.0,0
304,0,3.04,0.0,0
304,1,3.04,1.4387707710266113,1
304,2,3.04,0.0,0
304,3,3.04,1.9523789882659912,1
304,4,3.04,0.0,0
304,5,3.04,7.505497932434082,1
304,6,3.04,2.5325329303741455,1
304,7,3.04,0.0,0
305,0,3.05,0.0,0
305,1,3.05,1.4387707710266113,1
305,2,3.05,0.0,0
305,3,3.05,1.9523789882659912,1
305,4,3.05,0.0,0
305,5,3.05,7.505497932434082,1
305,6,3.05,2.5325329303741455,1
305,7,3.05,0.0,0
306,0,3.06,0.0,0
306,1,3.06,1.4387707710266113,1
306,2,3.06,0.0,0
306,3,3.06,1.9523789882659912,1
306,4,3.06,0.0,0
306,5,3.06,7.505497932434082,1
306,6,3.06,0.0,0
306,7,3.06,8.61575698852539,1
307,0,3.07,0.0,0
307,1,3.07,1.4387707710266113,1
307,2,3.07,0.0,0
307,3,3.07,1.9523789882659912,1
307,4,3.07,0.0,0
307,5,3.07,0.0,0
307,6,3.07,0.0,0
307,7,3.07,8.61575698852539,1
308,0,3.08,0.0,0
308,1,3.08,1.4387707710266113,1
308,2,3.08,0.0,0
308,3,3.08,1.9523789882659912,1
308,4,3.08,0.0,0
308,5,3.08,0.0,0
308,6,3.08,0.0,0
308,7,3.08,8.61575698852539,1
309,0,3.09,0.0,0
309,1,3.09,0.0,0
309,2,3.09,0.0,0
309,3,3.09,0.0,0
309,4,3.09,0.0,0
309,5,3.09,0.0,0
309,6,3.09,0.0,0
309,7,3.09,8.61575698852539,1
310,0,3.1,0.0,0
310,1,3.1,0.0,0
310,2,3.1,0.0,0
310,3,3.1,0.0,0
310,4,3.1,0.0,0
310,5,3.1,0.0,0
310,6,3.1,6.748591423034668,1
310,7,3.1,8.61575698852539,1
311,0,3.11,0.0,0
311,1,3.11,0.0,0
311,2,3.11,0.0,0
311,3,3.11,0.0,0
311,4,3.11,0.0,0
311,5,3.11,0.0,0
311,6,3.11,6.748591423034668,1
311,7,3.11,8.61575698852539,1
312,0,3.12,0.0,0
312,1,3.12,0.0,0
312,2,3.12,0.0,0
312,3,3.12,0.0,0
312,4,3.12,0.0,0
312,5,3.12,0.0,0
312,6,3.12,6.748591423034668,1
312,7,3.12,8.61575698852539,1
313,0,3.13,0.0,0
313,1,3.13,0.0,0
313,2,3.13,0.0,0
313,3,3.13,0.0,0
313,4,3.13,0.0,0
313,5,3.13,0.0,0
313,6,3.13,0.0,0
313,7,3.13,8.61575698852539,1
314,0,3.14,0.0,0
314,1,3.14,0.0,0
314,2,3.14,0.0,0
314,3,3.14,5.602497577667236,1
314,4,3.14,0.0,0
314,5,3.14,0.0,0
314,6,3.14,0.0,0
314,7,3.14,8.61575698852539,1
315,0,3.15,0.0,0
315,1,3.15,0.0,0
315,2,3.15,0.0,0
315,3,3.15,5.602497577667236,1
315,4,3.15,0.0,0
315,5,3.15,0.0,0
315,6,3.15,0.0,0
315,7,3.15,8.61575698852539,1
316,0,3.16,0.0,0
316,1,3.16,0.0,0
316,2,3.16,0.0,0
316,3,3.16,5.602497577667236,1
316,4,3.16,0.0,0
316,5,3.16,0.0,0
316,6,3.16,0.0,0
316,7,3.16,0.0,0
317,0,3.17,0.0,0
317,1,3.17,0.0,0
317,2,3.17,0.0,0
317,3,3.17,5.602497577667236,1
317,4,3.17,0.0,0
317,5,3.17,0.0,0
317,6,3.17,0.0,0
317,7,3.17,0.0,0
318,0,3.18,0.0,0
318,1,3.18,0.0,0
318,2,3.18,0.0,0
318,3,3.18,5.602497577667236,1
318,4,3.18,0.0,0
318,5,3.18,0.0,0
318,6,3.18,0.0,0
318,7,3.18,0.0,0
319,0,3.19,0.0,0
319,1,3.19,0.0,0
319,2,3.19,7.136388301849365,1
319,3,3.19,5.602497577667236,1
319,4,3.19,0.0,0
319,5,3.19,0.0,0
319,6,3.19,0.0,0
319,7,3.19,0.0,0
320,0,3.2,0.0,0
320,1,3.2,0.0,0
320,2,3.2,7.136388301849365,1
320,3,3.2,5.602497577667236,1
320,4,3.2,0.0,0
320,5,3.2,0.0,0
320,6,3.2,0.0,0
320,7,3.2,0.0,0
321,0,3.21,0.0,0
321,1,3.21,0.0,0
321,2,3.21,7.136388301849365,1
321,3,3.21,0.0,0
321,4,3.21,0.0,0
321,5,3.21,0.0,0
321,6,3.21,0.0,0
321,7,3.21,0.0,0
322,0,3.22,0.0,0
322,1,3.22,7.108656406402588,1
322,2,3.22,7.136388301849365,1
322,3,3.22,0.0,0
322,4,3.22,0.0,0
322,5,3.22,0.0,0
322,6,3.22,0.0,0
322,7,3.22,0.0,0
323,0,3.23,0.0,0
323,1,3.23,7.108656406402588,1
323,2,3.23,7.136388301849365,1
323,3,3.23,1.4713306427001953,1
323,4,3.23,0.0,0
323,5,3.23,0.0,0
323,6,3.23,0.0,0
323,7,3.23,0.0,0
324,0,3.24,0.0,0
324,1,3.24,7.108656406402588,1
324,2,3.24,7.136388301849365,1
324,3,3.24,1.4713306427001953,1
324,4,3.24,0.0,0
324,5,3.24,0.0,0
324,6,3.24,0.0,0
324,7,3.24,0.0,0
325,0,3.25,0.0,0
325,1,3.25,7.108656406402588,1
325,2,3.25,7.136388301849365,1
325,3,3.25,1.4713306427001953,1
325,4,3.25,0.0,0
325,5,3.25,0.0,0
325,6,3.25,0.0,0
325,7,3.25,9.048972129821777,1
326,0,3.26,0.0,0
326,1,3.26,7.108656406402588,1
326,2,3.26,7.136388301849365,1
326,3,3.26,1.4713306427001953,1
326,4,3.26,0.0,0
326,5,3.26,0.0,0
326,6,3.26,0.0,0
326,7,3.26,9.048972129821777,1
327,0,3.27,0.0,0
327,1,3.27,7.108656406402588,1
327,2,3.27,7.136388301849365,1
327,3,3.27,1.4713306427001953,1
327,4,3.27,0.0,0
327,5,3.27,0.0,0
327,6,3.27,0.0,0
327,7,3.27,9.048972129821777,1
328,0,3.28,4.296580791473389,1
328,1,3.28,7.108656406402588,1
328,2,3.28,7.136388301849365,1
328,3,3.28,0.0,0
328,4,3.28,0.0,0
328,5,3.28,0.0,0
328,6,3.28,0.0,0
328,7,3.28,9.048972129821777,1
329,0,3.29,4.296580791473389,1
329,1,3.29,7.108656406402588,1
329,2,3.29,7.136388301849365,1
329,3,3.29,0.0,0
329,4,3.29,0.0,0
329,5,3.29,6.6831231117248535,1
329,6,3.29,0.0,0
329,7,3.29,0.0,0
330,0,3.3,4.296580791473389,1
330,1,3.3,0.0,0
330,2,3.3,7.136388301849365,1
330,3,3.3,0.0,0
330,4,3.3,0.0,0
330,5,3.3,6.6831231117248535,1
330,6,3.3,0.0,0
330,7,3.3,0.0,0
331,0,3.31,4.296580791473389,1
331,1,3.31,0.0,0
331,2,3.31,7.136388301849365,1
331,3,3.31,0.0,0
331,4,3.31,0.0,0
331,5,3.31,6.6831231117248535,1
331,6,3.31,7.71328592300415,1
331,7,3.31,0.0,0
332,0,3.32,4.296580791473389,1
332,1,3.32,0.0,0
332,2,3.32,7.136388301849365,1
332,3,3.32,0.0,0
332,4,3.32,0.0,0
332,5,3.32,6.6831231117248535,1
332,6,3.32,7.71328592300415,1
332,7,3.32,0.0,0
333,0,3.33,4.296580791473389,1
333,1,3.33,0.0,0
333,2,3.33,7.136388301849365,1
333,3,3.33,0.0,0
333,4,3.33,0.0,0
333,5,3.33,6.6831231117248535,1
333,6,3.33,7.71328592300415,1
333,7,3.33,0.0,0
334,0,3.34,4.296580791473389,1
334,1,3.34,0.0,0
334,2,3.34,0.0,0
334,3,3.34,0.0,0
334,4,3.34,0.0,0
334,5,3.34,6.6831231117248535,1
334,6,3.34,7.71328592300415,1
334,7,3.34,0.0,0
335,0,3.35,4.296580791473389,1
335,1,3.35,0.0,0
335,2,3.35,0.0,0
335,3,3.35,0.0,0
335,4,3.35,0.0,0
335,5,3.35,0.0,0
335,6,3.35,7.71328592300415,1
335,7,3.35,0.0,0
336,0,3.36,0.0,0
336,1,3.36,0.0,0
336,2,3.36,0.0,0
336,3,3.36,0.0,0
336,4,3.36,0.0,0
336,5,3.36,0.0,0
336,6,3.36,7.71328592300415,1
336,7,3.36,0.0,0
337,0,3.37,0.0,0
337,1,3.37,0.0,0
337,2,3.37,0.0,0
337,3,3.37,0.0,0
337,4,3.37,0.0,0
337,5,3.37,0.0,0
337,6,3.37,7.71328592300415,1
337,7,3.37,0.0,0
338,0,3.38,0.0,0
338,1,3.38,0.0,0
338,2,3.38,0.0,0
338,3,3.38,0.0,0
338,4,3.38,7.025879383087158,1
338,5,3.38,0.0,0
338,6,3.38,7.71328592300415,1
338,7,3.38,0.0,0
339,0,3.39,0.0,0
339,1,3.39,0.0,0
339,2,3.39,0.0,0
339,3,3.39,0.0,0
339,4,3.39,7.025879383087158,1
339,5,3.39,0.0,0
339,6,3.39,7.71328592300415,1
339,7,3.39,0.0,0
340,0,3.4,0.0,0
340,1,3.4,0.0,0
340,2,3.4,0.0,0
340,3,3.4,4.528354644775391,1
340,4,3.4,7.025879383087158,1
340,5,3.4,0.0,0
340,6,3.4,7.71328592300415,1
340,7,3.4,0.0,0
341,0,3.41,0.0,0
341,1,3.41,0.0,0
341,2,3.41,0.0,0
341,3,3.41,4.528354644775391,1
341,4,3.41,7.025879383087158,1
341,5,3.41,0.0,0
341,6,3.41,0.0,0
341,7,3.41,0.0,0
342,0,3.42,0.0,0
342,1,3.42,0.0,0
342,2,3.42,0.0,0
342,3,3.42,4.528354644775391,1
342,4,3.42,0.0,0
342,5,3.42,0.0,0
342,6,3.42,0.0,0
342,7,3.42,0.0,0
343,0,3.43,0.0,0
343,1,3.43,1.239505648612976,1
343,2,3.43,0.0,0
343,3,3.43,4.528354644775391,1
343,4,3.43,0.0,0
343,5,3.43,0.0,0
343,6,3.43,0.0,0
343,7,3.43,0.0,0
344,0,3.44,0.0,0
344,1,3.44,1.239505648612976,1
344,2,3.44,0.0,0
344,3,3.44,4.528354644775391,1
344,4,3.44,6.3713178634643555,1
344,5,3.44,0.0,0
344,6,3.44,0.0,0
344,7,3.44,0.0,0
345,0,3.45,0.0,0
345,1,3.45,1.239505648612976,1
345,2,3.45,0.0,0
345,3,3.45,4.528354644775391,1
345,4,3.45,6.3713178634643555,1
345,5,3.45,0.0,0
345,6,3.45,0.0,0
345,7,3.45,0.0,0
346,0,3.46,0.0,0
346,1,3.46,1.239505648612976,1
346,2,3.46,0.0,0
346,3,3.46,4.528354644775391,1
346,4,3.46,6.3713178634643555,1
346,5,3.46,0.0,0
346,6,3.46,0.0,0
346,7,3.46,0.0,0
347,0,3.47,0.0,0
347,1,3.47,1.239505648612976,1
347,2,3.47,0.0,0
347,3,3.47,4.528354644775391,1
347,4,3.47,6.3713178634643555,1
347,5,3.47,0.0,0
347,6,3.47,0.0,0
347,7,3.47,0.0,0
348,0,3.48,0.0,0
348,1,3.48,1.239505648612976,1
348,2,3.48,9.893366813659668,1
348,3,3.48,4.528354644775391,1
348,4,3.48,6.3713178634643555,1
348,5,3.48,0.0,0
348,6,3.48,0.0,0
348,7,3.48,3.5622506141662598,1
349,0,3.49,0.0,0
349,1,3.49,1.239505648612976,1
349,2,3.49,9.893366813659668,1
349,3,3.49,4.528354644775391,1
349,4,3.49,6.3713178634643555,1
349,5,3.49,0.0,0
349,6,3.49,0.0,0
349,7,3.49,3.5622506141662598,1
350,0,3.5,1.7098369598388672,1
350,1,3.5,1.239505648612976,1
350,2,3.5,9.893366813659668,1
350,3,3.5,4.528354644775391,1
350,4,3.5,6.3713178634643555,1
350,5,3.5,5.384953498840332,1
350,6,3.5,0.0,0
350,7,3.5,3.5622506141662598,1
351,0,3.51,1.7098369598388672,1
351,1,3.51,1.239505648612976,1
351,2,3.51,9.893366813659668,1
351,3,3.51,4.528354644775391,1
351,4,3.51,6.3713178634643555,1
351,5,3.51,5.384953498840332,1
351,6,3.51,0.0,0
351,7,3.51,3.5622506141662598,1
352,0,3.52,1.7098369598388672,1
352,1,3.52,1.239505648612976,1
352,2,3.52,9.893366813659668,1
352,3,3.52,4.528354644775391,1
352,4,3.52,6.3713178634643555,1
352,5,3.52,5.384953498840332,1
352,6,3.52,0.0,0
352,7,3.52,3.5622506141662598,1
353,0,3.53,1.7098369598388672,1
353,1,3.53,0.0,0
353,2,3.53,9.893366813659668,1
353,3,3.53,4.528354644775391,1
353,4,3.53,0.0,0
353,5,3.53,5.384953498840332,1
353,6,3.53,0.0,0
353,7,3.53,3.5622506141662598,1
354,0,3.54,1.7098369598388672,1
354,1,3.54,0.0,0
354,2,3.54,9.893366813659668,1
354,3,3.54,0.0,0
354,4,3.54,0.0,0
354,5,3.54,5.384953498840332,1
354,6,3.54,0.0,0
354,7,3.54,0.0,0
355,0,3.55,1.7098369598388672,1
355,1,3.55,0.0,0
355,2,3.55,9.893366813659668,1
355,3,3.55,0.0,0
355,4,3.55,0.0,0
355,5,3.55,0.0,0
355,6,3.55,0.0,0
355,7,3.55,0.0,0
356,0,3.56,1.7098369598388672,1
356,1,3.56,0.0,0
356,2,3.56,9.893366813659668,1
356,3,3.56,0.0,0
356,4,3.56,0.0,0
356,5,3.56,0.0,0
356,6,3.56,0.0,0
356,7,3.56,0.0,0
357,0,3.57,1.7098369598388672,1
357,1,3.57,0.0,0
357,2,3.57,9.893366813659668,1
357,3,3.57,0.0,0
357,4,3.57,0.0,0
357,5,3.57,0.0,0
357,6,3.57,0.0,0
357,7,3.57,0.0,0
358,0,3.58,1.7098369598388672,1
358,1,3.58,0.0,0
358,2,3.58,9.893366813659668,1
358,3,3.58,0.0,0
358,4,3.58,0.0,0
358,5,3.58,0.0,0
358,6,3.58,0.0,0
358,7,3.58,0.0,0
359,0,3.59,1.7098369598388672,1
359,1,3.59,0.0,0
359,2,3.59,9.893366813659668,1
359,3,3.59,0.0,0
359,4,3.59,0.0,0
359,5,3.59,0.0,0
359,6,3.59,0.0,0
359,7,3.59,0.0,0
360,0,3.6,1.7098369598388672,1
360,1,3.6,0.0,0
360,2,3.6,9.893366813659668,1
360,3,3.6,9.096150398254395,1
360,4,3.6,0.0,0
360,5,3.6,0.0,0
360,6,3.6,0.0,0
360,7,3.6,0.0,0
361,0,3.61,1.7098369598388672,1
361,1,3.61,0.0,0
361,2,3.61,0.0,0
361,3,3.61,9.096150398254395,1
361,4,3.61,0.0,0
361,5,3.61,0.0,0
361,6,3.61,0.0,0
361,7,3.61,0.0,0
362,0,3.62,0.0,0
362,1,3.62,0.0,0
362,2,3.62,0.0,0
362,3,3.62,9.096150398254395,1
362,4,3.62,5.456175327301025,1
362,5,3.62,0.0,0
362,6,3.62,0.0,0
362,7,3.62,0.0,0
363,0,3.63,0.0,0
363,1,3.63,0.0,0
363,2,3.63,0.0,0
363,3,3.63,9.096150398254395,1
363,4,3.63,5.456175327301025,1
363,5,3.63,0.0,0
363,6,3.63,0.0,0
363,7,3.63,0.0,0
364,0,3.64,0.0,0
364,1,3.64,0.0,0
364,2,3.64,0.0,0
364,3,3.64,9.096150398254395,1
364,4,3.64,5.456175327301025,1
364,5,3.64,0.0,0
364,6,3.64,0.0,0
364,7,3.64,0.0,0
365,0,3.65,0.0,0
365,1,3.65,0.0,0
365,2,3.65,0.0,0
365,3,3.65,9.096150398254395,1
365,4,3.65,5.456175327301025,1
365,5,3.65,0.0,0
365,6,3.65,0.0,0
365,7,3.65,0.0,0
366,0,3.66,0.0,0
366,1,3.66,0.0,0
366,2,3.66,0.0,0
366,3,3.66,9.096150398254395,1
366,4,3.66,5.456175327301025,1
366,5,3.66,0.0,0
366,6,3.66,0.0,0
366,7,3.66,9.967880249023438,1
367,0,3.67,0.0,0
367,1,3.67,0.0,0
367,2,3.67,0.0,0
367,3,3.67,9.096150398254395,1
367,4,3.67,5.456175327301025,1
367,5,3.67,0.0,0
367,6,3.67,0.0,0
367,7,3.67,9.967880249023438,1
368,0,3.68,0.0,0
368,1,3.68,0.0,0
368,2,3.68,0.0,0
368,3,3.68,0.0,0
368,4,3.68,5.456175327301025,1
368,5,3.68,0.0,0
368,6,3.68,0.0,0
368,7,3.68,9.967880249023438,1
369,0,3.69,0.0,0
369,1,3.69,0.0,0
369,2,3.69,0.0,0
369,3,3.69,0.0,0
369,4,3.69,0.0,0
369,5,3.69,0.0,0
369,6,3.69,0.0,0
369,7,3.69,9.967880249023438,1
370,0,3.7,0.0,0
370,1,3.7,0.0,0
370,2,3.7,0.0,0
370,3,3.7,8.914844512939453,1
370,4,3.7,0.0,0
370,5,3.7,0.0,0
370,6,3.7,0.0,0
370,7,3.7,9.967880249023438,1
371,0,3.71,0.0,0
371,1,3.71,0.0,0
371,2,3.71,0.0,0
371,3,3.71,8.914844512939453,1
371,4,3.71,0.0,0
371,5,3.71,0.0,0
371,6,3.71,0.0,0
371,7,3.71,9.967880249023438,1
372,0,3.72,1.4968554973602295,1
372,1,3.72,5.117679119110107,1
372,2,3.72,0.0,0
372,3,3.72,8.914844512939453,1
372,4,3.72,0.0,0
372,5,3.72,0.0,0
372,6,3.72,0.0,0
372,7,3.72,9.967880249023438,1
373,0,3.73,1.4968554973602295,1
373,1,3.73,5.117679119110107,1
373,2,3.73,0.0,0
373,3,3.73,8.914844512939453,1
373,4,3.73,0.0,0
373,5,3.73,0.0,0
373,6,3.73,0.0,0
373,7,3.73,9.967880249023438,1
374,0,3.74,1.4968554973602295,1
374,1,3.74,5.117679119110107,1
374,2,3.74,0.0,0
374,3,3.74,8.914844512939453,1
374,4,3.74,0.0,0
374,5,3.74,0.0,0
374,6,3.74,0.0,0
374,7,3.74,9.967880249023438,1
375,0,3.75,1.4968554973602295,1
375,1,3.75,5.117679119110107,1
375,2,3.75,0.0,0
375,3,3.75,8.914844512939453,1
375,4,3.75,0.0,0
375,5,3.75,0.0,0
375,6,3.75,0.0,0
375,7,3.75,9.967880249023438,1
376,0,3.76,1.4968554973602295,1
376,1,3.76,5.117679119110107,1
376,2,3.76,0.0,0
376,3,3.76,8.914844512939453,1
376,4,3.76,0.0,0
376,5,3.76,0.0,0
376,6,3.76,0.0,0
376,7,3.76,0.0,0
377,0,3.77,1.4968554973602295,1
377,1,3.77,5.117679119110107,1
377,2,3.77,0.0,0
377,3,3.77,0.0,0
377,4,3.77,0.0,0
377,5,3.77,0.0,0
377,6,3.77,0.0,0
377,7,3.77,0.0,0
378,0,3.78,0.0,0
378,1,3.78,5.117679119110107,1
378,2,3.78,0.0,0
378,3,3.78,0.0,0
378,4,3.78,0.0,0
378,5,3.78,0.0,0
378,6,3.78,0.0,0
378,7,3.78,5.306853771209717,1
379,0,3.79,0.0,0
379,1,3.79,0.0,0
379,2,3.79,0.0,0
379,3,3.79,0.0,0
379,4,3.79,0.0,0
379,5,3.79,0.0,0
379,6,3.79,0.0,0
379,7,3.79,5.306853771209717,1
380,0,3.8,0.0,0
380,1,3.8,0.0,0
380,2,3.8,0.0,0
380,3,3.8,0.0,0
380,4,3.8,0.0,0
380,5,3.8,0.0,0
380,6,3.8,0.0,0
380,7,3.8,5.306853771209717,1
381,0,3.81,0.0,0
381,1,3.81,0.0,0
381,2,3.81,0.0,0
381,3,3.81,0.0,0
381,4,3.81,0.0,0
381,5,3.81,0.0,0
381,6,3.81,0.0,0
381,7,3.81,5.306853771209717,1
382,0,3.82,0.0,0
382,1,3.82,0.0,0
382,2,3.82,0.0,0
382,3,3.82,0.0,0
382,4,3.82,0.0,0
382,5,3.82,0.0,0
382,6,3.82,0.0,0
382,7,3.82,5.306853771209717,1
383,0,3.83,0.0,0
383,1,3.83,0.0,0
383,2,3.83,7.69609260559082,1
383,3,3.83,0.0,0
383,4,3.83,0.0,0
383,5,3.83,0.0,0
383,6,3.83,0.0,0
383,7,3.83,5.306853771209717,1
384,0,3.84,0.0,0
384,1,3.84,0.0,0
384,2,3.84,7.69609260559082,1
384,3,3.84,0.0,0
384,4,3.84,0.0,0
384,5,3.84,0.0,0
384,6,3.84,0.0,0
384,7,3.84,5.306853771209717,1
385,0,3.85,0.0,0
385,1,3.85,0.0,0
385,2,3.85,7.69609260559082,1
385,3,3.85,0.0,0
385,4,3.85,0.0,0
385,5,3.85,0.0,0
385,6,3.85,0.0,0
385,7,3.85,5.306853771209717,1
386,0,3.86,0.0,0
386,1,3.86,0.0,0
386,2,3.86,7.69609260559082,1
386,3,3.86,0.0,0
386,4,3.86,0.0,0
386,5,3.86,0.0,0
386,6,3.86,0.0,0
386,7,3.86,5.306853771209717,1
387,0,3.87,0.0,0
387,1,3.87,0.0,0
387,2,3.87,7.69609260559082,1
387,3,3.87,0.0,0
387,4,3.87,0.0,0
387,5,3.87,0.0,0
387,6,3.87,0.0,0
387,7,3.87,5.306853771209717,1
388,0,3.88,0.0,0
388,1,3.88,0.0,0
388,2,3.88,7.69609260559082,1
388,3,3.88,0.0,0
388,4,3.88,0.0,0
388,5,3.88,0.0,0
388,6,3.88,0.0,0
388,7,3.88,5.306853771209717,1
389,0,3.89,0.0,0
389,1,3.89,0.0,0
389,2,3.89,7.69609260559082,1
389,3,3.89,0.0,0
389,4,3.89,0.0,0
389,5,3.89,0.0,0
389,6,3.89,0.0,0
389,7,3.89,5.306853771209717,1
390,0,3.9,0.0,0
390,1,3.9,6.603127956390381,1
390,2,3.9,7.69609260559082,1
390,3,3.9,0.0,0
390,4,3.9,0.0,0
390,5,3.9,0.0,0
390,6,3.9,0.0,0
390,7,3.9,0.0,0
391,0,3.91,0.0,0
391,1,3.91,6.603127956390381,1
391,2,3.91,7.69609260559082,1
391,3,3.91,0.0,0
391,4,3.91,0.0,0
391,5,3.91,0.0,0
391,6,3.91,0.0,0
391,7,3.91,0.0,0
392,0,3.92,0.0,0
392,1,3.92,6.603127956390381,1
392,2,3.92,7.69609260559082,1
392,3,3.92,0.0,0
392,4,3.92,6.073087215423584,1
392,5,3.92,0.0,0
392,6,3.92,0.0,0
392,7,3.92,0.0,0
393,0,3.93,0.0,0
393,1,3.93,0.0,0
393,2,3.93,7.69609260559082,1
393,3,3.93,0.0,0
393,4,3.93,6.073087215423584,1
393,5,3.93,0.0,0
393,6,3.93,0.0,0
393,7,3.93,0.0,0
394,0,3.94,0.0,0
394,1,3.94,0.0,0
394,2,3.94,0.0,0
394,3,3.94,0.0,0
394,4,3.94,6.073087215423584,1
394,5,3.94,0.0,0
394,6,3.94,0.0,0
394,7,3.94,0.0,0
395,0,3.95,0.0,0
395,1,3.95,0.0,0
395,2,3.95,0.0,0
395,3,3.95,0.0,0
395,4,3.95,6.073087215423584,1
395,5,3.95,0.0,0
395,6,3.95,0.0,0
395,7,3.95,0.0,0
396,0,3.96,0.0,0
396,1,3.96,0.0,0
396,2,3.96,0.0,0
396,3,3.96,0.0,0
396,4,3.96,6.073087215423584,1
396,5,3.96,0.0,0
396,6,3.96,0.0,0
396,7,3.96,0.0,0
397,0,3.97,0.0,0
397,1,3.97,0.0,0
397,2,3.97,0.0,0
397,3,3.97,0.0,0
397,4,3.97,6.073087215423584,1
397,5,3.97,0.0,0
397,6,3.97,0.0,0
397,7,3.97,0.0,0
398,0,3.98,0.0,0
398,1,3.98,0.0,0
398,2,3.98,0.0,0
398,3,3.98,0.0,0
398,4,3.98,6.073087215423584,1
398,5,3.98,0.0,0
398,6,3.98,0.0,0
398,7,3.98,5.016661643981934,1
399,0,3.99,0.0,0
399,1,3.99,0.0,0
399,2,3.99,0.0,0
399,3,3.99,0.0,0
399,4,3.99,6.073087215423584,1
399,5,3.99,0.0,0
399,6,3.99,0.0,0
399,7,3.99,5.016661643981934,1
