step,env_id,time_s,theta_x_rad,theta_dot_x_rads
0,0,0.0,-0.003810989437624812,0.0004001498455181718
0,1,0.0,-0.06411906331777573,0.007668282836675644
0,2,0.0,0.0539541132748127,-0.007975835353136063
0,3,0.0,0.05607219785451889,-0.006641837768256664
1,0,0.01,-0.0038029905408620834,0.0007998800138011575
1,1,0.01,-0.06396578997373581,0.015327418223023415
1,2,0.01,0.05379471555352211,-0.01593990996479988
1,3,0.01,0.0559394396841526,-0.013275825418531895
2,0,0.02,-0.0037910027895122766,0.0011987711768597364
2,1,0.02,-0.06373611092567444,0.022968269884586334
2,2,0.02,0.05355590954422951,-0.023880477994680405
2,3,0.02,0.05574049800634384,-0.019894123077392578
3,0,0.03,-0.003775038756430149,0.0015964049380272627
3,1,0.03,-0.0634302943944931,0.030581723898649216
3,2,0.03,0.05323805287480354,-0.03178583085536957
3,3,0.03,0.05547560751438141,-0.026488907635211945
4,0,0.04,-0.003755115205422044,0.001992364414036274
4,1,0.04,-0.06304870545864105,0.03815869614481926
4,2,0.04,0.052841611206531525,-0.039644308388233185
4,3,0.04,0.055145084857940674,-0.03305238485336304
5,0,0.05,-0.003731252858415246,0.002386234002187848
5,1,0.05,-0.0625918060541153,0.0456901453435421
5,2,0.05,0.05236716940999031,-0.04744432121515274
5,3,0.05,0.05474931746721268,-0.03957679867744446
6,0,0.06,-0.0037034768611192703,0.002777600660920143
6,1,0.06,-0.06206013634800911,0.05316708981990814
6,2,0.06,0.051815424114465714,-0.055174365639686584
6,3,0.06,0.054288774728775024,-0.04605443403124809
7,0,0.07,-0.0036718163173645735,0.0031660539098083973
7,1,0.07,-0.06145432963967323,0.060580603778362274
7,2,0.07,0.051187194883823395,-0.06282304227352142
7,3,0.07,0.05376399680972099,-0.0524776317179203
8,0,0.08,-0.003636304521933198,0.00355118652805686
8,1,0.08,-0.060775112360715866,0.06792183965444565
8,2,0.08,0.05048340559005737,-0.07037906348705292
8,3,0.08,0.053175609558820724,-0.058838799595832825
9,0,0.09,-0.0035969784948974848,0.003932594321668148
9,1,0.09,-0.060023292899131775,0.07518204301595688
9,2,0.09,0.04970509186387062,-0.07783128321170807
9,3,0.09,0.05252430588006973,-0.06513042002916336
10,0,0.1,-0.0035538796801120043,0.004309877287596464
10,1,0.1,-0.05919976904988289,0.08235254138708115
10,2,0.1,0.04885340481996536,-0.08516870439052582
10,3,0.1,0.0518108569085598,-0.07134505361318588
11,0,0.11,-0.0035070532467216253,0.004682639613747597
11,1,0.11,-0.0583055205643177,0.08942477405071259
11,2,0.11,0.04792959988117218,-0.09238050132989883
11,3,0.11,0.051036104559898376,-0.07747534662485123
12,0,0.12,-0.003456548321992159,0.005050490610301495
12,1,0.12,-0.05734161660075188,0.09639029949903488
12,2,0.12,0.04693504050374031,-0.09945603460073471
12,3,0.12,0.050200965255498886,-0.08351404964923859
13,0,0.13,-0.003402417991310358,0.00541304424405098
13,1,0.13,-0.056309208273887634,0.10324079543352127
13,2,0.13,0.04587119072675705,-0.10638485103845596
13,3,0.13,0.04930642619729042,-0.08945401757955551
14,0,0.14,-0.0033447188325226307,0.005769920069724321
14,1,0.14,-0.055209528654813766,0.10996808111667633
14,2,0.14,0.04473962262272835,-0.11315672844648361
14,3,0.14,0.04835354536771774,-0.0952882319688797
15,0,0.15,-0.003283511381596327,0.006120743695646524
15,1,0.15,-0.05404388904571533,0.11656412482261658
15,2,0.15,0.043542005121707916,-0.11976166814565659
15,3,0.15,0.04734344780445099,-0.1010097861289978
16,0,0.16,-0.003218859899789095,0.006465147715061903
16,1,0.16,-0.05281367897987366,0.12302104383707047
16,2,0.16,0.042280107736587524,-0.1261899173259735
16,3,0.16,0.046277329325675964,-0.10661190748214722
17,0,0.17,-0.0031508321408182383,0.006802770309150219
17,1,0.17,-0.051520366221666336,0.12933112680912018
17,2,0.17,0.040955789387226105,-0.1324319839477539
17,3,0.17,0.04515644907951355,-0.11208796501159668
18,0,0.18,-0.0030794995836913586,0.0071332575753331184
18,1,0.18,-0.05016549676656723,0.13548682630062103
18,2,0.18,0.03957100212574005,-0.13847863674163818
18,3,0.18,0.04398213326931,-0.11743147671222687
19,0,0.19,-0.0030049369670450687,0.0074562630616128445
19,1,0.19,-0.04875068739056587,0.14148077368736267
19,2,0.19,0.03812779113650322,-0.14432094991207123
19,3,0.19,0.042755771428346634,-0.12263611704111099
20,0,0.2,-0.0029272225219756365,0.007771447766572237
20,1,0.2,-0.047277629375457764,0.14730581641197205
20,2,0.2,0.03662828728556633,-0.1499502956867218
20,3,0.2,0.04147881269454956,-0.1276957243680954
21,0,0.21,-0.0028464377392083406,0.008078481070697308
21,1,0.21,-0.04574808105826378,0.15295498073101044
21,2,0.21,0.03507470339536667,-0.15535834431648254
21,3,0.21,0.04015276953577995,-0.13260431587696075
22,0,0.22,-0.0027626673690974712,0.00837704073637724
22,1,0.22,-0.044163867831230164,0.15842151641845703
22,2,0.22,0.03346933424472809,-0.16053710877895355
22,3,0.22,0.038779210299253464,-0.13735605776309967
23,0,0.23,-0.0026759991887956858,0.008666814304888248
23,1,0.23,-0.04252687841653824,0.16369886696338654
23,2,0.23,0.03181454539299011,-0.1654789298772812
23,3,0.23,0.037359755486249924,-0.14194534718990326
24,0,0.24,-0.002586524235084653,0.008947497233748436
24,1,0.24,-0.040839072316884995,0.16878072917461395
24,2,0.24,0.03011278063058853,-0.17017650604248047
24,3,0.24,0.03589608892798424,-0.14636673033237457
25,0,0.25,-0.002494336338713765,0.009218795225024223
25,1,0.25,-0.0391024611890316,0.1736610233783722
25,2,0.25,0.02836655080318451,-0.17462289333343506
25,3,0.25,0.03438993915915489,-0.15061496198177338
26,0,0.26,-0.002399532124400139,0.009480423294007778
26,1,0.26,-0.0373191237449646,0.17833389341831207
26,2,0.26,0.02657843567430973,-0.17881150543689728
26,3,0.26,0.03284309059381485,-0.15468502044677734
27,0,0.27,-0.0023022110108286142,0.009732107631862164
27,1,0.27,-0.03549118712544441,0.1827937513589859
27,2,0.27,0.024751074612140656,-0.18273614346981049
27,3,0.27,0.03125736862421036,-0.15857207775115967
28,0,0.28,-0.0022024752106517553,0.009973583742976189
28,1,0.28,-0.03362083435058594,0.18703524768352509
28,2,0.28,0.02288716472685337,-0.18639101088047028
28,3,0.28,0.02963465265929699,-0.16227151453495026
29,0,0.29,-0.0021004292648285627,0.010204599238932133
29,1,0.29,-0.03171030059456825,0.19105331599712372
29,2,0.29,0.02098945714533329,-0.1897706836462021
29,3,0.29,0.027976863086223602,-0.1657789647579193
30,0,0.3,-0.0019961800426244736,0.010424911044538021
30,1,0.3,-0.029761869460344315,0.194843128323555
30,2,0.3,0.019060755148530006,-0.19287018477916718
30,3,0.3,0.026285961270332336,-0.16909025609493256
31,0,0.31,-0.0018898372072726488,0.010634288191795349
31,1,0.31,-0.027777867391705513,0.19840015470981598
31,2,0.31,0.017103906720876694,-0.19568490982055664
31,3,0.31,0.024563945829868317,-0.17220145463943481
32,0,0.32,-0.001781512051820755,0.010832510888576508
32,1,0.32,-0.02576066553592682,0.20172011852264404
32,2,0.32,0.015121799893677235,-0.1982106864452362
32,3,0.32,0.02281285636126995,-0.1751088798046112
33,0,0.33,-0.001671318314038217,0.011019372381269932
33,1,0.33,-0.023712676018476486,0.20479904115200043
33,2,0.33,0.013117361813783646,-0.2004437893629074
33,3,0.33,0.021034765988588333,-0.17780908942222595
34,0,0.34,-0.0015593715943396091,0.011194675229489803
34,1,0.34,-0.021636344492435455,0.20763324201107025
34,2,0.34,0.01109355315566063,-0.20238091051578522
34,3,0.34,0.019231777638196945,-0.18029886484146118
35,0,0.35,-0.0014457892393693328,0.011358235962688923
35,1,0.35,-0.019534152001142502,0.21021930873394012
35,2,0.35,0.009053361602127552,-0.20401917397975922
35,3,0.35,0.017406025901436806,-0.1825752556324005
36,0,0.36,-0.0013306904584169388,0.011509883217513561
36,1,0.36,-0.01740861125290394,0.21255414187908173
36,2,0.36,0.006999799981713295,-0.2053561508655548
36,3,0.36,0.015559670515358448,-0.18463556468486786
37,0,0.37,-0.0012141958577558398,0.01164945773780346
37,1,0.37,-0.015262261964380741,0.2146349549293518
37,2,0.37,0.004935901612043381,-0.2063898742198944
37,3,0.37,0.013694897294044495,-0.18647734820842743
38,0,0.38,-0.0010964276734739542,0.011776813305914402
38,1,0.38,-0.013097669929265976,0.2164592444896698
38,2,0.38,0.0028647135477513075,-0.20711880922317505
38,3,0.38,0.011813913471996784,-0.18809841573238373
39,0,0.39,-0.0009775095386430621,0.01189181674271822
39,1,0.39,-0.01091742143034935,0.21802480518817902
39,2,0.39,0.0007892949506640434,-0.20754186809062958
39,3,0.39,0.009918944910168648,-0.18949684500694275
40,0,0.4,-0.0008575660758651793,0.011994346976280212
40,1,0.4,-0.008724123239517212,0.21932977437973022
40,2,0.4,-0.001287289196625352,-0.20765842497348785
40,3,0.4,0.008012235164642334,-0.19067096710205078
41,0,0.41,-0.0007367231301032007,0.012084295973181725
41,1,0.41,-0.006520397495478392,0.22037258744239807
41,2,0.41,-0.0033619722817093134,-0.20746831595897675
41,3,0.41,0.0060960412956774235,-0.1916193962097168
42,0,0.42,-0.0006151074194349349,0.012161570601165295
42,1,0.42,-0.0043088775128126144,0.22115199267864227
42,2,0.42,-0.005431690253317356,-0.20697182416915894
42,3,0.42,0.004172631539404392,-0.19234099984169006
43,0,0.43,-0.0004928465350531042,0.012226088903844357
43,1,0.43,-0.00209220708347857,0.22166705131530762
43,2,0.43,-0.007493386976420879,-0.20616967976093292
43,3,0.43,0.002244282281026244,-0.19283492863178253
44,0,0.44,-0.00037006870843470097,0.012277782894670963
44,1,0.44,0.00012696417979896069,0.22191713750362396
44,2,0.44,-0.009544017724692822,-0.2050630748271942
44,3,0.44,0.00031327642500400543,-0.19310058653354645
45,0,0.45,-0.00024690269492566586,0.012316599488258362
45,1,0.45,0.0023459838703274727,0.22190196812152863
45,2,0.45,-0.011580553837120533,-0.20365363359451294
45,3,0.45,-0.001618100330233574,-0.19313767552375793
46,0,0.46,-0.00012347773008514196,0.012342496775090694
46,1,0.46,0.004562199115753174,0.2216215431690216
46,2,0.46,-0.01359998807311058,-0.20194345712661743
46,3,0.46,-0.0035475618205964565,-0.19294613599777222
47,0,0.47,7.674680091440678e-08,0.012355448678135872
47,1,0.47,0.006772961467504501,0.22107620537281036
47,2,0.47,-0.015599338337779045,-0.19993507862091064
47,3,0.47,-0.005472823977470398,-0.1925262063741684
48,0,0.48,0.00012363115092739463,0.0123554402962327
48,1,0.48,0.008975627832114697,0.22026661038398743
48,2,0.48,-0.01757565326988697,-0.19763146340847015
48,3,0.48,-0.007391607854515314,-0.19187837839126587
49,0,0.49,0.00024705586838535964,0.012342472560703754
49,1,0.49,0.011167565360665321,0.2191937416791916
49,2,0.49,-0.019526014104485512,-0.19503602385520935
49,3,0.49,-0.009301641955971718,-0.19100341200828552
50,0,0.5,0.0003702214453369379,0.012316559441387653
50,1,0.5,0.013346154242753983,0.21785886585712433
50,2,0.5,-0.02144753932952881,-0.19215260446071625
50,3,0.5,-0.01120066549628973,-0.18990236520767212
51,0,0.51,0.0004929987480863929,0.012277727015316486
51,1,0.51,0.01550878956913948,0.21626359224319458
51,2,0.51,-0.02333739399909973,-0.18898548185825348
51,3,0.51,-0.013086430728435516,-0.18857653439044952
52,0,0.52,0.0006152589339762926,0.012226017192006111
52,1,0.52,0.017652887850999832,0.21440984308719635
52,2,0.52,-0.025192787870764732,-0.1855393350124359
52,3,0.52,-0.014956705272197723,-0.1870274841785431
53,0,0.53,0.0007368737715296447,0.01216148305684328
53,1,0.53,0.019775886088609695,0.21229983866214752
53,2,0.53,-0.027010980993509293,-0.18181926012039185
53,3,0.53,-0.01680927537381649,-0.18525707721710205
54,0,0.54,0.0008577157277613878,0.012084193527698517
54,1,0.54,0.021875247359275818,0.20993611216545105
54,2,0.54,-0.02878928929567337,-0.177830770611763
54,3,0.54,-0.018641948699951172,-0.18326739966869354
55,0,0.55,0.0009776579681783915,0.011994228698313236
55,1,0.55,0.023948462679982185,0.20732149481773376
55,2,0.55,-0.03052508644759655,-0.17357975244522095
55,3,0.55,-0.020452557131648064,-0.1810608208179474
56,0,0.56,0.0010965748224407434,0.011891682632267475
56,1,0.56,0.02599305287003517,0.20445911586284637
56,2,0.56,-0.03221581131219864,-0.16907250881195068
56,3,0.56,-0.0222389567643404,-0.1786399483680725
57,0,0.57,0.0012143414933234453,0.011776664294302464
57,1,0.57,0.028006576001644135,0.20135241746902466
57,2,0.57,-0.03385896980762482,-0.16431570053100586
57,3,0.57,-0.023999033495783806,-0.17600765824317932
58,0,0.58,0.0013308344641700387,0.011649292893707752
58,1,0.58,0.029986627399921417,0.19800512492656708
58,2,0.58,-0.035452134907245636,-0.15931636095046997
58,3,0.58,-0.02573070488870144,-0.17316707968711853
59,0,0.59,0.0014459314988926053,0.011509702540934086
59,1,0.59,0.031930841505527496,0.19442124664783478
59,2,0.59,-0.03699295222759247,-0.15408189594745636
59,3,0.59,-0.027431920170783997,-0.17012158036231995
60,0,0.6,0.0015595118748024106,0.011358040384948254
60,1,0.6,0.03383689373731613,0.19060508906841278
60,2,0.6,-0.03847915306687355,-0.14862002432346344
60,3,0.6,-0.02910066768527031,-0.16687476634979248
61,0,0.61,0.0016714564990252256,0.01119446475058794
61,1,0.61,0.035702504217624664,0.1865612119436264
61,2,0.61,-0.03990853950381279,-0.14293882250785828
61,3,0.61,-0.030734973028302193,-0.16343049705028534
62,0,0.62,0.0017816480249166489,0.011019147001206875
62,1,0.62,0.03752544894814491,0.18229447305202484
62,2,0.62,-0.041279006749391556,-0.1370466947555542
62,3,0.62,-0.032332900911569595,-0.15979285538196564
63,0,0.63,0.0018899707356467843,0.010832271538674831
63,1,0.63,0.03930354863405228,0.1778099685907364
63,2,0.63,-0.04258853197097778,-0.13095234334468842
63,3,0.63,-0.03389256075024605,-0.1559661626815796
64,0,0.64,0.0019963111262768507,0.010634033940732479
64,1,0.64,0.04103467985987663,0.17311307787895203
64,2,0.64,-0.04383517801761627,-0.1246647760272026
64,3,0.64,-0.03541211038827896,-0.15195494890213013
65,0,0.65,0.002100557554513216,0.010424642823636532
65,1,0.65,0.042716775089502335,0.16820943355560303
65,2,0.65,-0.04501711204648018,-0.11819327622652054
65,3,0.65,-0.03688975051045418,-0.14776396751403809
66,0,0.66,0.0022026007063686848,0.010204317048192024
66,1,0.66,0.04434782266616821,0.16310489177703857
66,2,0.66,-0.046132586896419525,-0.11154739558696747
66,3,0.66,-0.03832373395562172,-0.14339818060398102
67,0,0.67,0.002302333479747176,0.009973288513720036
67,1,0.67,0.04592587798833847,0.15780557692050934
67,2,0.67,-0.04717995598912239,-0.10473695397377014
67,3,0.67,-0.03971236199140549,-0.13886277377605438
68,0,0.68,0.0023996515665203333,0.009731799364089966
68,1,0.68,0.047449056059122086,0.1523178219795227
68,2,0.68,-0.04815767705440521,-0.09777200222015381
68,3,0.68,-0.04105399176478386,-0.13416311144828796
69,0,0.69,0.0024944525212049484,0.009480101987719536
69,1,0.69,0.04891553893685341,0.14664819836616516
69,2,0.69,-0.04906430467963219,-0.09066282957792282
69,3,0.69,-0.04234704002737999,-0.12930476665496826
70,0,0.7,0.002586637157946825,0.009218461811542511
70,1,0.7,0.050323572009801865,0.1408034712076187
70,2,0.7,-0.049898505210876465,-0.08341992646455765
70,3,0.7,-0.04358997568488121,-0.1242934912443161
71,0,0.71,0.002676108619198203,0.008947151713073254
71,1,0.71,0.051671478897333145,0.13479064404964447
71,2,0.71,-0.050659045577049255,-0.07605397701263428
71,3,0.71,-0.04478132724761963,-0.11913522332906723
72,0,0.72,0.00276277307420969,0.00866645760834217
72,1,0.72,0.052957646548748016,0.12861691415309906
72,2,0.72,-0.05134480446577072,-0.06857585161924362
72,3,0.72,-0.04591968655586243,-0.11383607238531113
73,0,0.73,0.002846539719030261,0.008376672863960266
73,1,0.73,0.05418054386973381,0.12228965014219284
73,2,0.73,-0.05195476859807968,-0.060996584594249725
73,3,0.73,-0.04700370877981186,-0.1084023043513298
74,0,0.74,0.0029273207765072584,0.008078102022409439
74,1,0.74,0.05533870682120323,0.11581642180681229
74,2,0.74,-0.052488043904304504,-0.05332735925912857
74,3,0.74,-0.048032112419605255,-0.102840356528759
75,0,0.75,0.0030050312634557486,0.007771058473736048
75,1,0.75,0.05643075704574585,0.109204962849617
75,2,0.75,-0.052943840622901917,-0.04557948559522629
75,3,0.75,-0.04900367930531502,-0.09715680778026581
76,0,0.76,0.0030795899219810963,0.007455863989889622
76,1,0.76,0.057455386966466904,0.10246317088603973
76,2,0.76,-0.053321484476327896,-0.03776439651846886
76,3,0.76,-0.04991726204752922,-0.09135838598012924
77,0,0.77,0.003150918520987034,0.0071328491903841496
77,1,0.77,0.0584113784134388,0.09559909254312515
77,2,0.77,-0.05362042039632797,-0.02989361435174942
77,3,0.77,-0.05077178031206131,-0.08545195311307907
78,0,0.78,0.0032189420890063047,0.006802353076636791
78,1,0.78,0.0592975877225399,0.08862093836069107
78,2,0.78,-0.05384020879864693,-0.021978747099637985
78,3,0.78,-0.0515662245452404,-0.07944449782371521
79,0,0.79,0.003283589379861951,0.006464721634984016
79,1,0.79,0.060112956911325455,0.08153703063726425
79,2,0.79,-0.053980521857738495,-0.014031469821929932
79,3,0.79,-0.052299655973911285,-0.07334312796592712
80,0,0.8,0.0033447924070060253,0.006120309699326754
80,1,0.8,0.06085651367902756,0.0743558332324028
80,2,0.8,-0.05404115840792656,-0.006063501350581646
80,3,0.8,-0.05297120660543442,-0.06715505570173264
81,0,0.81,0.0034024871420115232,0.005769478157162666
81,1,0.81,0.061527371406555176,0.06708592176437378
81,2,0.81,-0.05402202531695366,0.001913408748805523
81,3,0.81,-0.05358008295297623,-0.060887597501277924
82,0,0.82,0.0034566130489110947,0.005412595346570015
82,1,0.82,0.06212473288178444,0.059735968708992004
82,2,0.82,-0.05392314866185188,0.009887497872114182
82,3,0.82,-0.05412556603550911,-0.05454816669225693
83,0,0.83,0.003507113317027688,0.005050035193562508
83,1,0.83,0.06264787912368774,0.052314747124910355
83,2,0.83,-0.05374467745423317,0.017847005277872086
83,3,0.83,-0.05460700765252113,-0.04814425855875015
84,0,0.84,0.003553935093805194,0.004682178143411875
84,1,0.84,0.06309618800878525,0.04483111575245857
84,2,0.84,-0.05348687618970871,0.025780195370316505
84,3,0.84,-0.05502384155988693,-0.041683442890644073
85,0,0.85,0.0035970292519778013,0.0043094102293252945
85,1,0.85,0.06346912682056427,0.03729400038719177
85,2,0.85,-0.05315012112259865,0.03367536514997482
85,3,0.85,-0.05537557601928711,-0.035173360258340836
86,0,0.86,0.003636350389569998,0.003932122141122818
86,1,0.86,0.063766248524189,0.02971239574253559
86,2,0.86,-0.05273491144180298,0.04152087867259979
86,3,0.86,-0.05566179379820824,-0.02862170711159706
87,0,0.87,0.0036718575283885,0.003550709690898657
87,1,0.87,0.06398720294237137,0.022095346823334694
87,2,0.87,-0.05224185809493065,0.049305155873298645
87,3,0.87,-0.055882155895233154,-0.022036224603652954
88,0,0.88,0.0037035131826996803,0.0031655728816986084
88,1,0.88,0.0641317218542099,0.01445193961262703
88,2,0.88,-0.05167169123888016,0.05701671913266182
88,3,0.88,-0.05603640154004097,-0.015424697659909725
89,0,0.89,0.0037312842905521393,0.002777115674689412
89,1,0.89,0.06419963389635086,0.00679129408672452
89,2,0.89,-0.05102524906396866,0.06464419513940811
89,3,0.89,-0.05612435191869736,-0.008794941008090973
90,0,0.9,0.0037551417481154203,0.002385745756328106
90,1,0.9,0.06419085711240768,-0.0008774525485932827
90,2,0.9,-0.05030348524451256,0.07217632979154587
90,3,0.9,-0.05614589899778366,-0.00215478939935565
91,0,0.91,0.003775060409680009,0.001991873374208808
91,1,0.91,0.06410540640354156,-0.008545152842998505
91,2,0.91,-0.049507465213537216,0.07960201054811478
91,3,0.91,-0.05610102042555809,0.004487908910959959
92,0,0.92,0.0037910195533186197,0.0015959118027240038
92,1,0.92,0.06394337862730026,-0.016202658414840698
92,2,0.92,-0.04863836243748665,0.08691028505563736
92,3,0.92,-0.055989768356084824,0.01112530380487442
93,0,0.93,0.0038030024152249098,0.0011982762953266501
93,1,0.93,0.0637049674987793,-0.02384083718061447
93,2,0.93,-0.047697458416223526,0.09409036487340927
93,3,0.93,-0.05581227317452431,0.017749549821019173
94,0,0.94,0.003810996189713478,0.0007993838516995311
94,1,0.94,0.06339046359062195,-0.031450577080249786
94,2,0.94,-0.046686142683029175,0.10113164782524109
94,3,0.94,-0.055568743497133255,0.024352816864848137
95,0,0.95,0.0038149927277117968,0.00039965298492461443
95,1,0.95,0.06300023198127747,-0.03902279585599899
95,2,0.95,-0.04560590535402298,0.1080237478017807
95,3,0.95,-0.05525946989655495,0.030927300453186035
96,0,0.96,0.00381498783826828,-4.970643203705549e-07
96,1,0.96,0.06253474950790405,-0.04654846340417862
96,2,0.96,-0.04445834085345268,0.11475648730993271
96,3,0.96,-0.05488481745123863,0.037465233355760574
97,0,0.97,0.0038109812885522842,-0.0004006466188002378
97,1,0.97,0.06199456378817558,-0.054018598049879074
97,2,0.97,-0.043245140463113785,0.12131992727518082
97,3,0.97,-0.05444522947072983,0.0439588837325573
98,0,0.98,0.003802977502346039,-0.0008003759430721402
98,1,0.98,0.06138031929731369,-0.061424288898706436
98,2,0.98,-0.04196809604763985,0.12770438194274902
98,3,0.98,-0.05394122377038002,0.05040057748556137
99,0,0.99,0.0037909848615527153,-0.0011992657091468573
99,1,0.99,0.06069275364279747,-0.06875669956207275
99,2,0.99,-0.04062909260392189,0.13390040397644043
99,3,0.99,-0.05337339639663696,0.05678269639611244
100,0,1.0,0.003775015939027071,-0.0015968976076692343
100,1,1.0,0.059932682663202286,-0.07600707560777664
100,2,1.0,-0.0392301045358181,0.1398988515138626
100,3,1.0,-0.05274241790175438,0.06309769302606583
101,0,1.01,0.003755087498575449,-0.0019928545225411654
101,1,1.01,0.05910101532936096,-0.08316676318645477
101,2,1.01,-0.037773195654153824,0.14569085836410522
101,3,1.01,-0.05204903706908226,0.0693381056189537
102,0,1.02,0.0037312202621251345,-0.0023867213167250156
102,1,1.02,0.05819874256849289,-0.09022720903158188
102,2,1.02,-0.036260515451431274,0.151267871260643
102,3,1.02,-0.05129406973719597,0.07549655437469482
103,0,1.03,0.003703439375385642,-0.0027780847158282995
103,1,1.03,0.057226940989494324,-0.09717999398708344
103,2,1.03,-0.03469429910182953,0.15662164986133575
103,3,1.03,-0.050478413701057434,0.0815657526254654
104,0,1.04,0.0036717739421874285,-0.0031665342394262552
104,1,1.04,0.056186772882938385,-0.10401681065559387
104,2,1.04,-0.03307685628533363,0.16174426674842834
104,3,1.04,-0.04960303008556366,0.08753852546215057
105,0,1.05,0.0036362572573125362,-0.0035516624338924885
105,1,1.05,0.05507947877049446,-0.11072948575019836
105,2,1.05,-0.0314105749130249,0.1666281670331955
105,3,1.05,-0.04866895079612732,0.09340780228376389
106,0,1.06,0.00359692657366395,-0.003933065105229616
106,1,1.06,0.05390637740492821,-0.11731000989675522
106,2,1.06,-0.02969791367650032,0.171266108751297
106,3,1.06,-0.047677285969257355,0.09916664659976959
107,0,1.07,0.0035538231022655964,-0.004310342483222485
107,1,1.07,0.052668873220682144,-0.12375051528215408
107,2,1.07,-0.027941402047872543,0.17565125226974487
107,3,1.07,-0.04662920534610748,0.10480824112892151
108,0,1.08,0.0035069920122623444,-0.004683098755776882
108,1,1.08,0.05136844143271446,-0.13004331290721893
108,2,1.08,-0.02614363096654415,0.1797771006822586
108,3,1.08,-0.04552594572305679,0.1103259027004242
109,0,1.09,0.0034564826637506485,-0.005050943233072758
109,1,1.09,0.05000663176178932,-0.13618087768554688
109,2,1.09,-0.0243072547018528,0.18363754451274872
109,3,1.09,-0.044368814677000046,0.11571311205625534
110,0,1.1,0.0034023476764559746,-0.005413489881902933
110,1,1.1,0.04858507215976715,-0.14215585589408875
110,2,1.1,-0.022434985265135765,0.18722689151763916
110,3,1.1,-0.043159179389476776,0.12096348404884338
111,0,1.11,0.003344644093886018,-0.005770358256995678
111,1,1.11,0.04710546135902405,-0.14796112477779388
111,2,1.11,-0.02052958682179451,0.19053980708122253
111,3,1.11,-0.041898470371961594,0.1260707974433899
112,0,1.12,0.003283432452008128,-0.006121174432337284
112,1,1.12,0.045569565147161484,-0.15358972549438477
112,2,1.12,-0.01859387196600437,0.19357140362262726
112,3,1.12,-0.04058818146586418,0.13102900981903076
113,0,1.13,0.0032187767792493105,-0.006465570069849491
113,1,1.13,0.0439792163670063,-0.15903493762016296
113,2,1.13,-0.01663069985806942,0.1963171809911728
113,3,1.13,-0.0392298586666584,0.1358322650194168
114,0,1.14,0.003150744829326868,-0.006803183816373348
114,1,1.14,0.04233631491661072,-0.16429023444652557
114,2,1.14,-0.014642968773841858,0.1987730860710144
114,3,1.14,-0.03782511129975319,0.1404748558998108
115,0,1.15,0.0030794083140790462,-0.0071336617693305016
115,1,1.15,0.04064282029867172,-0.16934934258460999
115,2,1.15,-0.012633614242076874,0.2009354829788208
115,3,1.15,-0.03637559711933136,0.14495128393173218
116,0,1.16,0.0030048417393118143,-0.007456657476723194
116,1,1.16,0.03890075907111168,-0.1742061972618103
116,2,1.16,-0.010605602525174618,0.2028011679649353
116,3,1.16,-0.034883033484220505,0.14925624430179596
117,0,1.17,0.00292712333612144,-0.007771831937134266
117,1,1.17,0.03711220994591713,-0.17885497212409973
117,2,1.17,-0.008561928756535053,0.20436736941337585
117,3,1.17,-0.033349186182022095,0.15338464081287384
118,0,1.18,0.0028463348280638456,-0.008078854531049728
118,1,1.18,0.03527930751442909,-0.18329010903835297
118,2,1.18,-0.006505611352622509,0.2056317776441574
118,3,1.18,-0.03177586942911148,0.15733157098293304
119,0,1.19,0.0027625607326626778,-0.00837740395218134
119,1,1.19,0.03340424597263336,-0.187506303191185
119,2,1.19,-0.0044396864250302315,0.20659251511096954
119,3,1.19,-0.030164945870637894,0.1610923558473587
120,0,1.2,0.0026758890599012375,-0.008667166344821453
120,1,1.2,0.031489260494709015,-0.19149848818778992
120,2,1.2,-0.0023672047536820173,0.20724816620349884
120,3,1.2,-0.028518320992588997,0.16466253995895386
121,0,1.21,0.00258641061373055,-0.00894783716648817
121,1,1.21,0.029536642134189606,-0.1952618956565857
121,2,1.21,-0.000291227363049984,0.2075977474451065
121,3,1.21,-0.026837941259145737,0.16803789138793945
122,0,1.22,0.002494219457730651,-0.009219123050570488
122,1,1.22,0.02754872292280197,-0.1987920105457306
122,2,1.22,0.001785180065780878,0.20764075219631195
122,3,1.22,-0.02512579783797264,0.17121441662311554
123,0,1.23,0.0023994119837880135,-0.009480739012360573
123,1,1.23,0.02552787773311138,-0.20208460092544556
123,2,1.23,0.0038589511532336473,0.2073771208524704
123,3,1.23,-0.023383915424346924,0.17418833076953888
124,0,1.24,0.0023020878434181213,-0.009732411243021488
124,1,1.24,0.02347652055323124,-0.20513570308685303
124,2,1.24,0.0059270234778523445,0.2068072259426117
124,3,1.24,-0.021614354103803635,0.17695611715316772
125,0,1.25,0.002202349016442895,-0.009973875246942043
125,1,1.25,0.021397104486823082,-0.2079416811466217
125,2,1.25,0.007986342534422874,0.20593193173408508
125,3,1.25,-0.019819209352135658,0.17951448261737823
126,0,1.26,0.0021003002766519785,-0.010204877704381943
126,1,1.26,0.019292112439870834,-0.21049916744232178
126,2,1.26,0.010033868253231049,0.20475251972675323
126,3,1.26,-0.018000604584813118,0.18186040222644806
127,0,1.27,0.001996048493310809,-0.010425176471471786
127,1,1.27,0.017164062708616257,-0.21280507743358612
127,2,1.27,0.012066575698554516,0.20327074825763702
127,3,1.27,-0.016160693019628525,0.18399108946323395
128,0,1.28,0.0018897030968219042,-0.010634539648890495
128,1,1.28,0.0150154959410429,-0.21485665440559387
128,2,1.28,0.01408146321773529,0.20148879289627075
128,3,1.28,-0.014301653020083904,0.18590401113033295
129,0,1.29,0.0017813756130635738,-0.010832748375833035
129,1,1.29,0.012848981656134129,-0.21665143966674805
129,2,1.29,0.016075555235147476,0.19940930604934692
129,3,1.29,-0.012425684370100498,0.1875968873500824
130,0,1.3,0.0016711796633899212,-0.011019594967365265
130,1,1.3,0.010667108930647373,-0.21818728744983673
130,2,1.3,0.018045909702777863,0.19703537225723267
130,3,1.3,-0.01053500734269619,0.18906772136688232
131,0,1.31,0.0015592308482155204,-0.011194882914423943
131,1,1.31,0.008472485467791557,-0.2194623351097107
131,2,1.31,0.0199896153062582,0.19437049329280853
131,3,1.31,-0.00863185990601778,0.19031476974487305
132,0,1.32,0.001445646514184773,-0.011358428746461868
132,1,1.32,0.006267734803259373,-0.22047507762908936
132,2,1.32,0.02190380170941353,0.1914186179637909
132,3,1.32,-0.006718494463711977,0.19133654236793518
133,0,1.33,0.0013305458705872297,-0.011510061100125313
133,1,1.33,0.004055492114275694,-0.22122427821159363
133,2,1.33,0.02378564327955246,0.18818412721157074
133,3,1.33,-0.004797176457941532,0.19213183224201202
134,0,1.34,0.0012140496401116252,-0.011649620719254017
134,1,1.34,0.0018384016584604979,-0.22170904278755188
134,2,1.34,0.025632360950112343,0.1846717894077301
134,3,1.34,-0.0028701797127723694,0.19269968569278717
135,0,1.35,0.0010962800588458776,-0.011776961386203766
135,1,1.35,-0.0003808862529695034,-0.22192879021167755
135,2,1.35,0.027441229671239853,0.18088681995868683
135,3,1.35,-0.0009397853864356875,0.1930394321680069
136,0,1.36,0.0009773605270311236,-0.011891948990523815
136,1,1.36,-0.0025997189804911613,-0.22188326716423035
136,2,1.36,0.029209578409790993,0.1768348067998886
136,3,1.36,0.0009917214047163725,0.19315068423748016
137,0,1.37,0.0008574159001000226,-0.01199446339160204
137,1,1.37,-0.004815444350242615,-0.22157251834869385
137,2,1.37,0.03093479573726654,0.17252175509929657
137,3,1.37,0.0029220543801784515,0.19303329288959503
138,0,1.38,0.0007365719648078084,-0.012084396556019783
138,1,1.38,-0.00702541321516037,-0.2209969162940979
138,2,1.38,0.0326143354177475,0.16795404255390167
138,3,1.38,0.004848928190767765,0.19268739223480225
139,0,1.39,0.0006149554392322898,-0.012161655351519585
139,1,1.39,-0.009226984344422817,-0.22015714645385742
139,2,1.39,0.03424571827054024,0.16313841938972473
139,3,1.39,0.006770062260329723,0.19211341440677643
140,0,1.4,0.0004926938563585281,-0.012226157821714878
140,1,1.4,-0.011417526751756668,-0.2190542221069336
140,2,1.4,0.035826537758111954,0.1580820083618164
140,3,1.4,0.008683182299137115,0.1913120299577713
141,0,1.41,0.0003699155058711767,-0.012277835980057716
141,1,1.41,-0.013594421558082104,-0.21768946945667267
141,2,1.41,0.03735446184873581,0.15279227495193481
141,3,1.41,0.010586024262011051,0.19028417766094208
142,0,1.42,0.00024674914311617613,-0.012316635809838772
142,1,1.42,-0.01575506664812565,-0.21606452763080597
142,2,1.42,0.038827233016490936,0.14727705717086792
142,3,1.42,0.012476335279643536,0.18903109431266785
143,0,1.43,0.00012332397454883903,-0.012342517264187336
143,1,1.43,-0.017896879464387894,-0.2141813486814499
143,2,1.43,0.04024267941713333,0.14154449105262756
143,3,1.43,0.014351878315210342,0.187554270029068
144,0,1.44,-2.3054599296301603e-07,-0.01235545240342617
144,1,1.44,-0.02001730166375637,-0.2120421826839447
144,2,1.44,0.04159871116280556,0.13560305535793304
144,3,1.44,0.016210433095693588,0.1858554482460022
145,0,1.45,-0.00012378481915220618,-0.01235542818903923
145,1,1.45,-0.022113798186182976,-0.20964960753917694
145,2,1.45,0.04289332777261734,0.12946152687072754
145,3,1.45,0.018049798905849457,0.18393664062023163
146,0,1.46,-0.0002472092746756971,-0.012342444621026516
146,1,1.46,-0.024183863773941994,-0.20700648427009583
146,2,1.46,0.04412461817264557,0.1231289878487587
146,3,1.46,0.019867800176143646,0.18180014193058014
147,0,1.47,-0.0003703744150698185,-0.012316514737904072
147,1,1.47,-0.026225022971630096,-0.20411598682403564
147,2,1.47,0.045290764421224594,0.11661478132009506
147,3,1.47,0.021662285551428795,0.1794484704732895
148,0,1.48,-0.0004931510775350034,-0.012277666479349136
148,1,1.48,-0.02823483943939209,-0.20098157227039337
148,2,1.48,0.046390049159526825,0.10992853343486786
148,3,1.48,0.02343112975358963,0.17688442766666412
149,0,1.49,-0.0006154105067253113,-0.012225939892232418
149,1,1.49,-0.030210908502340317,-0.19760701060295105
149,2,1.49,0.04742085188627243,0.10308010876178741
149,3,1.49,0.025172241032123566,0.17411105334758759
150,0,1.5,-0.0007370244129560888,-0.01216138992458582
150,1,1.5,-0.03215087205171585,-0.1939963400363922
150,2,1.5,0.04838164895772934,0.09607962518930435
150,3,1.5,0.026883557438850403,0.17113164067268372
151,0,1.51,-0.0008578652632422745,-0.012084084562957287
151,1,1.51,-0.03405240923166275,-0.19015389680862427
151,2,1.51,0.04927102476358414,0.0889374166727066
151,3,1.51,0.028563054278492928,0.16794972121715546
152,0,1.52,-0.000977806281298399,-0.011994103901088238
152,1,1.52,-0.03591325134038925,-0.18608427047729492
152,2,1.52,0.050087664276361465,0.08166401833295822
152,3,1.52,0.03020874410867691,0.16456906497478485
153,0,1.53,-0.001096721738576889,-0.011891542933881283
153,1,1.53,-0.03773117437958717,-0.18179234862327576
153,2,1.53,0.05083036422729492,0.07427016645669937
153,3,1.53,0.031818680465221405,0.16099369525909424
154,0,1.54,-0.0012144867796450853,-0.011776508763432503
154,1,1.54,-0.03950400650501251,-0.17728327214717865
154,2,1.54,0.05149803310632706,0.06676677614450455
154,3,1.54,0.03339095786213875,0.15722784399986267
155,0,1.55,-0.0013309780042618513,-0.011649122461676598
155,1,1.55,-0.04122963175177574,-0.17256243526935577
155,2,1.55,0.05208968371152878,0.05916491150856018
155,3,1.55,0.03492371737957001,0.1532759666442871
156,0,1.56,-0.0014460731763392687,-0.011509517207741737
156,1,1.56,-0.042905986309051514,-0.1676355004310608
156,2,1.56,0.05260444059967995,0.05147578939795494
156,3,1.56,0.03641514480113983,0.14914275705814362
157,0,1.57,-0.001559651573188603,-0.011357840150594711
157,1,1.57,-0.044531069695949554,-0.16250836849212646
157,2,1.57,0.053041547536849976,0.043710753321647644
157,3,1.57,0.03786347433924675,0.14483311772346497
158,0,1.58,-0.001671594101935625,-0.011194249615073204
158,1,1.58,-0.046102941036224365,-0.15718716382980347
158,2,1.58,0.05340036004781723,0.03588125482201576
158,3,1.58,0.03926699608564377,0.14035215973854065
159,0,1.59,-0.0017817832995206118,-0.01101891789585352
159,1,1.59,-0.04761972278356552,-0.15167826414108276
159,2,1.59,0.05368034914135933,0.027998842298984528
159,3,1.59,0.04062404856085777,0.13570517301559448
160,0,1.6,-0.0018901035655289888,-0.010832028463482857
160,1,1.6,-0.04907960444688797,-0.14598825573921204
160,2,1.6,0.05388110131025314,0.02007513865828514
160,3,1.6,0.041933026164770126,0.13089768588542938
161,0,1.61,-0.001996441278606653,-0.01063377782702446
161,1,1.61,-0.05048084259033203,-0.14012394845485687
161,2,1.61,0.054002318531274796,0.012121831066906452
161,3,1.61,0.04319237917661667,0.1259353756904602
162,0,1.62,-0.0021006849128752947,-0.010424372740089893
162,1,1.62,-0.051821764558553696,-0.13409234583377838
162,2,1.62,0.05404382571578026,0.0041506486013531685
162,3,1.62,0.044400621205568314,0.12082412838935852
163,0,1.63,-0.0022027252707630396,-0.010204033926129341
163,1,1.63,-0.05310077220201492,-0.12790067493915558
163,2,1.63,0.05400555953383446,-0.0038266554474830627
163,3,1.63,0.04555632174015045,0.11556999385356903
164,0,1.64,-0.002302455250173807,-0.009972992353141308
164,1,1.64,-0.054316334426403046,-0.12155632674694061
164,2,1.64,0.05388757586479187,-0.011798316612839699
164,3,1.64,0.04665811359882355,0.11017919331789017
165,0,1.65,-0.002399770077317953,-0.009731490164995193
165,1,1.65,-0.05546700209379196,-0.11506688594818115
165,2,1.65,0.053690049797296524,-0.01975257880985737
165,3,1.65,0.04770469292998314,0.1046581119298935
166,0,1.66,-0.002494567772373557,-0.009479780681431293
166,1,1.66,-0.05655140429735184,-0.1084401085972786
166,2,1.66,0.0534132719039917,-0.027677712962031364
166,3,1.66,0.048694826662540436,0.09901327639818192
167,0,1.67,-0.0025867491494864225,-0.009218128398060799
167,1,1.67,-0.05756824463605881,-0.10168391466140747
167,2,1.67,0.053057651966810226,-0.03556203097105026
167,3,1.67,0.04962734133005142,0.09325137734413147
168,0,1.68,-0.002676217118278146,-0.008946807123720646
168,1,1.68,-0.058516308665275574,-0.09480637311935425
168,2,1.68,0.05262371152639389,-0.04339390620589256
168,3,1.68,0.05050113424658775,0.08737922459840775
169,0,1.69,-0.002762878080829978,-0.008666101843118668
169,1,1.69,-0.059394463896751404,-0.08781569451093674
169,2,1.69,0.052112095057964325,-0.051161784678697586
169,3,1.69,0.051315173506736755,0.08140376955270767
170,0,1.7,-0.002846641233190894,-0.008376306854188442
170,1,1.7,-0.06020166724920273,-0.08072023093700409
170,2,1.7,0.05152355134487152,-0.05885421112179756
170,3,1.7,0.05206849426031113,0.07533207535743713
171,0,1.71,-0.002927418565377593,-0.008077725768089294
171,1,1.71,-0.06093695014715195,-0.07352845370769501
171,2,1.71,0.05085895210504532,-0.06645984202623367
171,3,1.71,0.052760206162929535,0.06917132437229156
172,0,1.72,-0.0030051253270357847,-0.007770671974867582
172,1,1.72,-0.06159944087266922,-0.06624894589185715
172,2,1.72,0.05011927708983421,-0.07396744936704636
172,3,1.72,0.05338949337601662,0.06292881071567535
173,0,1.73,-0.0030796800274401903,-0.007455467712134123
173,1,1.73,-0.062188345938920975,-0.05889039486646652
173,2,1.73,0.049305617809295654,-0.08136596530675888
173,3,1.73,0.05395561084151268,0.056611910462379456
174,0,1.74,-0.003151004435494542,-0.0071324435994029045
174,1,1.74,-0.0627029612660408,-0.051461584866046906
174,2,1.74,0.048419173806905746,-0.08864446729421616
174,3,1.74,0.0544578917324543,0.050228092819452286
175,0,1.75,-0.0032190238125622272,-0.0068019381724298
175,1,1.75,-0.06314267218112946,-0.043971382081508636
175,2,1.75,0.04746125265955925,-0.09579221159219742
175,3,1.75,0.05489574000239372,0.04378490522503853
176,0,1.76,-0.0032836669124662876,-0.006464298348873854
176,1,1.76,-0.06350696086883545,-0.03642871975898743
176,2,1.76,0.04643326625227928,-0.10279865562915802
176,3,1.76,0.05526863783597946,0.03728996589779854
177,0,1.77,-0.0033448657486587763,-0.006119878031313419
177,1,1.77,-0.06379538774490356,-0.02884260192513466
177,2,1.77,0.045336730778217316,-0.10965345054864883
177,3,1.77,0.0555761456489563,0.030750950798392296
178,0,1.78,-0.003402556059882045,-0.005769039038568735
178,1,1.78,-0.06400761008262634,-0.021222077310085297
178,2,1.78,0.04417326673865318,-0.11634647846221924
178,3,1.78,0.05581790208816528,0.02417559176683426
179,0,1.79,-0.003456677542999387,-0.005412148777395487
179,1,1.79,-0.06414337456226349,-0.013576237484812737
179,2,1.79,0.042944587767124176,-0.12286785989999771
179,3,1.79,0.05599362030625343,0.01757165789604187
180,0,1.8,-0.0035071733873337507,-0.00504958163946867
180,1,1.8,-0.06420251727104187,-0.005914201028645039
180,2,1.8,0.041652508080005646,-0.12920796871185303
180,3,1.8,0.056103091686964035,0.010946957394480705
181,0,1.81,-0.0035539905074983835,-0.004681718070060015
181,1,1.81,-0.06418497115373611,0.001754889264702797
181,2,1.81,0.040298935025930405,-0.13535742461681366
181,3,1.81,0.05614618584513664,0.0043093180283904076
182,0,1.82,-0.003597080009058118,-0.0043089441023766994
182,1,1.82,-0.06409075111150742,0.009421886876225471
182,2,1.82,0.03888586163520813,-0.14130716025829315
182,3,1.82,0.05612285062670708,-0.002333414275199175
183,0,1.83,-0.0036363964900374413,-0.003931650426238775
183,1,1.83,-0.06391997635364532,0.017077645286917686
183,2,1.83,0.03741537779569626,-0.14704836905002594
183,3,1.83,0.056033115833997726,-0.008973388001322746
184,0,1.84,-0.003671898739412427,-0.0035502330865710974
184,1,1.84,-0.06367284804582596,0.024713031947612762
184,2,1.84,0.035889651626348495,-0.15257258713245392
184,3,1.84,0.055877089500427246,-0.015602756291627884
185,0,1.85,-0.003703549737110734,-0.0031650918535888195
185,1,1.85,-0.0633496567606926,0.03231893852353096
185,2,1.85,0.03431093692779541,-0.15787163376808167
185,3,1.85,0.05565495416522026,-0.022213684394955635
186,0,1.86,-0.003731315955519676,-0.0027766309212893248
186,1,1.86,-0.06295079737901688,0.039886292070150375
186,2,1.86,0.03268156200647354,-0.16293767094612122
186,3,1.86,0.05536697059869766,-0.028798358514904976
187,0,1.87,-0.0037551685236394405,-0.0023852575104683638
187,1,1.87,-0.062476735562086105,0.04740606248378754
187,2,1.87,0.031003929674625397,-0.16776321828365326
187,3,1.87,0.05501348152756691,-0.03534899652004242
188,0,1.88,-0.0037750822957605124,-0.001991382334381342
188,1,1.88,-0.06192804127931595,0.05486927926540375
188,2,1.88,0.029280519112944603,-0.17234113812446594
188,3,1.88,0.05459490418434143,-0.04185785353183746
189,0,1.89,-0.0037910365499556065,-0.0015954184345901012
189,1,1.89,-0.061305370181798935,0.062267035245895386
189,2,1.89,0.02751387283205986,-0.17666466534137726
189,3,1.89,0.05411173030734062,-0.04831723868846893
190,0,1.9,-0.003803014289587736,-0.0011977810645475984
190,1,1.9,-0.06060946360230446,0.0695905014872551
190,2,1.9,0.025706598535180092,-0.18072739243507385
190,3,1.9,0.05356453359127045,-0.05471951141953468
191,0,1.91,-0.0038110031746327877,-0.0007988873403519392
191,1,1.91,-0.059841156005859375,0.07683093845844269
191,2,1.91,0.023861365392804146,-0.1845233291387558
191,3,1.91,0.05295396223664284,-0.06105710566043854
192,0,1.92,-0.0038149948231875896,-0.0003991557750850916
192,1,1.92,-0.05900136008858681,0.08397970348596573
192,2,1.92,0.021980896592140198,-0.18804684281349182
192,3,1.92,0.0522807352244854,-0.06732252240180969
193,0,1.93,-0.0038149848114699125,9.944778867065907e-07
193,1,1.93,-0.05809107795357704,0.09102825820446014
193,2,1.93,0.02006796933710575,-0.19129271805286407
193,3,1.93,0.051545649766922,-0.0735083594918251
194,0,1.94,-0.0038109733723104,0.00040114368312060833
194,1,1.94,-0.05711139738559723,0.097968190908432
194,2,1.94,0.01812540739774704,-0.19425615668296814
194,3,1.94,0.05074957758188248,-0.07960730046033859
195,0,1.95,-0.003802964696660638,0.0008008721051737666
195,1,1.95,-0.05606348440051079,0.10479121655225754
195,2,1.95,0.01615607924759388,-0.19693276286125183
195,3,1.95,0.04989345744252205,-0.08561213314533234
196,0,1.96,-0.0037909671664237976,0.0011997605906799436
196,1,1.96,-0.0549485944211483,0.1114891767501831
196,2,1.96,0.014162893407046795,-0.19931858777999878
196,3,1.96,0.0489782989025116,-0.09151574969291687
197,0,1.97,-0.0037749933544546366,0.0015973906265571713
197,1,1.97,-0.05376805365085602,0.11805407702922821
197,2,1.97,0.012148791924118996,-0.20141009986400604
197,3,1.97,0.04800518602132797,-0.09731116890907288
198,0,1.98,-0.003755059791728854,0.001993345096707344
198,1,1.98,-0.05252327397465706,0.12447807192802429
198,2,1.98,0.010116750374436378,-0.2032041847705841
198,3,1.98,0.0469752699136734,-0.10299152880907059
199,0,1.99,-0.003731187665835023,0.002387208864092827
199,1,1.99,-0.05121573805809021,0.13075348734855652
199,2,1.99,0.00806976854801178,-0.20469820499420166
199,3,1.99,0.04588976874947548,-0.10855011641979218
200,0,2.0,-0.0037034018896520138,0.002778568770736456
200,1,2.0,-0.049847010523080826,0.1368728131055832
200,2,2.0,0.006010869517922401,-0.20588994026184082
200,3,2.0,0.04474996402859688,-0.11398034542798996
201,0,2.01,-0.003671731799840927,0.0031670143362134695
201,1,2.01,-0.04841872304677963,0.14282874763011932
201,2,2.01,0.003943093121051788,-0.20677761733531952
201,3,2.01,0.04355720430612564,-0.11927579343318939
202,0,2.02,-0.003636210458353162,0.0035521381068974733
202,1,2.02,-0.046932581812143326,0.14861415326595306
202,2,2.02,0.0018694938626140356,-0.2073599249124527
202,3,2.02,0.042312901467084885,-0.12443018704652786
203,0,2.03,-0.0035968751180917025,0.003933535888791084
203,1,2.03,-0.04539036005735397,0.15422211587429047
203,2,2.03,-0.0002068663015961647,-0.2076360136270523
203,3,2.03,0.0410185270011425,-0.1294374167919159
204,0,2.04,-0.003553766990080476,0.004310808144509792
204,1,2.04,-0.043793901801109314,0.1596459299325943
204,2,2.04,-0.002282920992001891,-0.20760546624660492
204,3,2.04,0.03967561200261116,-0.13429155945777893
205,0,2.05,-0.0035069314762949944,0.004683558829128742
205,1,2.05,-0.04214511066675186,0.16487909853458405
205,2,2.05,-0.0043556042946875095,-0.20726832747459412
205,3,2.05,0.038285743445158005,-0.13898687064647675
206,0,2.06,-0.0034564174711704254,0.0050513967871665955
206,1,2.06,-0.0404459573328495,0.1699153631925583
206,2,2.06,-0.0064218551851809025,-0.2066250890493393
206,3,2.06,0.03685056418180466,-0.14351777732372284
207,0,2.07,-0.003402278060093522,0.005413936451077461
207,1,2.07,-0.0386984720826149,0.17474870383739471
207,2,2.07,-0.008478622883558273,-0.20567671954631805
207,3,2.07,0.035371776670217514,-0.14787891507148743
208,0,2.08,-0.003344570053741336,0.005770797375589609
208,1,2.08,-0.03690473735332489,0.17937332391738892
208,2,2.08,-0.010522868484258652,-0.20442460477352142
208,3,2.08,0.033851124346256256,-0.15206512808799744
209,0,2.09,-0.003283353988081217,0.006121605634689331
209,1,2.09,-0.03506689891219139,0.18378368020057678
209,2,2.09,-0.012551574967801571,-0.20287062227725983
209,3,2.09,0.03229041025042534,-0.15607143938541412
210,0,2.1,-0.0032186941243708134,0.0064659928902983665
210,1,2.1,-0.033187154680490494,0.1879744976758957
210,2,2.1,-0.014561745338141918,-0.20101705193519592
210,3,2.1,0.0306914784014225,-0.15989311039447784
211,0,2.11,-0.003150658216327429,0.006803598254919052
211,1,2.11,-0.03126774728298187,0.19194075465202332
211,2,2.11,-0.01655041240155697,-0.19886665046215057
211,3,2.11,0.02905622310936451,-0.16352559626102448
212,0,2.12,-0.0030793175101280212,0.007134067360311747
212,1,2.12,-0.02931096963584423,0.19567769765853882
212,2,2.12,-0.018514638766646385,-0.19642259180545807
212,3,2.12,0.027386577799916267,-0.1669646054506302
213,0,2.13,-0.003004746977239847,0.007457053754478693
213,1,2.13,-0.027319161221385002,0.19918084144592285
213,2,2.13,-0.02045152336359024,-0.1936885118484497
213,3,2.13,0.02568451687693596,-0.17020604014396667
214,0,2.14,-0.0029270248487591743,0.007772218436002731
214,1,2.14,-0.025294700637459755,0.20244599878787994
214,2,2.14,-0.022358207032084465,-0.19066844880580902
214,3,2.14,0.023952055722475052,-0.17324607074260712
215,0,2.15,-0.0028462326154112816,0.008079230785369873
215,1,2.15,-0.02324000746011734,0.2054692506790161
215,2,2.15,-0.02423187531530857,-0.18736687302589417
215,3,2.15,0.02219124510884285,-0.1760810911655426
216,0,2.16,-0.002762455027550459,0.008377769030630589
216,1,2.16,-0.021157538518309593,0.20824696123600006
216,2,2.16,-0.02606976218521595,-0.18378865718841553
216,3,2.16,0.020404167473316193,-0.17870773375034332
217,0,2.17,-0.002675779862329364,0.008667520247399807
217,1,2.17,-0.019049780443310738,0.21077580749988556
217,2,2.17,-0.027869153767824173,-0.17993910610675812
217,3,2.17,0.018592938780784607,-0.18112288415431976
218,0,2.18,-0.002586298156529665,0.008948179893195629
218,1,2.18,-0.016919253394007683,0.21305276453495026
218,2,2.18,-0.029627393931150436,-0.17582392692565918
218,3,2.18,0.016759702935814857,-0.1833236664533615
219,0,2.19,-0.002494103740900755,0.009219453670084476
219,1,2.19,-0.014768502674996853,0.21507509052753448
219,2,2.19,-0.03134188428521156,-0.1714491993188858
219,3,2.19,0.014906628057360649,-0.18530747294425964
220,0,2.2,-0.00239929324015975,0.009481057524681091
220,1,2.2,-0.012600099667906761,0.21684035658836365
220,2,2.2,-0.033010099083185196,-0.16682139039039612
220,3,2.2,0.013035908341407776,-0.18707196414470673
221,0,2.21,-0.0023019660729914904,0.009732716716825962
221,1,2.21,-0.010416635312139988,0.21834644675254822
221,2,2.21,-0.03462957218289375,-0.1619473397731781
221,3,2.21,0.011149758473038673,-0.18861502408981323
222,0,2.22,-0.00220222445204854,0.009974167682230473
222,1,2.22,-0.00822072010487318,0.21959155797958374
222,2,2.22,-0.03619791567325592,-0.15683427453041077
222,3,2.22,0.00925040990114212,-0.1899348348379135
223,0,2.23,-0.0021001729182899,0.010205157101154327
223,1,2.23,-0.006014978047460318,0.22057420015335083
223,2,2.23,-0.037712812423706055,-0.1514897346496582
223,3,2.23,0.007340111769735813,-0.19102981686592102
224,0,2.24,-0.0019959185738116503,0.010425441898405552
224,1,2.24,-0.0038020461797714233,0.22129318118095398
224,2,2.24,-0.03917202726006508,-0.14592163264751434
224,3,2.24,0.005421124864369631,-0.19189868867397308
225,0,2.25,-0.0018895706161856651,0.010634792037308216
225,1,2.25,-0.0015845696907490492,0.22174765169620514
225,2,2.25,-0.04057341068983078,-0.1401381939649582
225,3,2.25,0.0034957206808030605,-0.19254040718078613
226,0,2.26,-0.0017812408041208982,0.010832986794412136
226,1,2.26,0.0006348008755594492,0.22193706035614014
226,2,2.26,-0.041914891451597214,-0.13414795696735382
226,3,2.26,0.0015661786310374737,-0.19295421242713928
227,0,2.27,-0.0016710426425561309,0.011019819416105747
227,1,2.27,0.0028534126468002796,0.22186118364334106
227,2,2.27,-0.0431944876909256,-0.12795978784561157
227,3,2.27,-0.00036521744914352894,-0.19313961267471313
228,0,2.28,-0.0015590917319059372,0.011195093393325806
228,1,2.28,0.0050686136819422245,0.22152011096477509
228,2,2.28,-0.04441031441092491,-0.12158281356096268
228,3,2.28,-0.00229618139564991,-0.19309638440608978
229,0,2.29,-0.0014455055352300406,0.011358625255525112
229,1,2.29,0.007277755998075008,0.22091424465179443
229,2,2.29,-0.045560579746961594,-0.11502645909786224
229,3,2.29,-0.004224427044391632,-0.1928245723247528
230,0,2.3,-0.00133040314540267,0.011510242708027363
230,1,2.3,0.009478199295699596,0.2200443148612976
230,2,2.3,-0.046643584966659546,-0.10830040276050568
230,3,2.3,-0.006147672422230244,-0.19232451915740967
231,0,2.31,-0.0012139052851125598,0.011649787425994873
231,1,2.31,0.011667313054203987,0.21891136467456818
231,2,2.31,-0.04765773192048073,-0.10141457617282867
231,3,2.31,-0.00806364044547081,-0.19159680604934692
232,0,2.32,-0.0010961341904476285,0.011777113191783428
232,1,2.32,0.013842480257153511,0.21751676499843597
232,2,2.32,-0.04860152304172516,-0.09437914937734604
232,3,2.32,-0.009970063343644142,-0.19064229726791382
233,0,2.33,-0.0009772133780643344,0.011892085894942284
233,1,2.33,0.016001101583242416,0.21586216986179352
233,2,2.33,-0.04947356879711151,-0.08720450848340988
233,3,2.33,-0.011864684522151947,-0.18946212530136108
234,0,2.34,-0.0008572675287723541,0.01199458446353674
234,1,2.34,0.018140597268939018,0.21394957602024078
234,2,2.34,-0.05027258023619652,-0.07990123331546783
234,3,2.34,-0.01374526135623455,-0.18805769085884094
235,0,2.35,-0.0007364224875345826,0.01208450272679329
235,1,2.35,0.020258409902453423,0.21178127825260162
235,2,2.35,-0.050997380167245865,-0.07248011231422424
235,3,2.35,-0.015609567984938622,-0.1864306628704071
236,0,2.36,-0.0006148050306364894,0.012161745689809322
236,1,2.36,0.022352008149027824,0.20935988426208496
236,2,2.36,-0.05164689943194389,-0.06495209038257599
236,3,2.36,-0.01745539717376232,-0.18458297848701477
237,0,2.37,-0.0004925426910631359,0.012226232327520847
237,1,2.37,0.024418890476226807,0.2066882848739624
237,2,2.37,-0.0522201806306839,-0.05732826888561249
237,3,2.37,-0.01928056590259075,-0.18251682817935944
238,0,2.38,-0.0003697637584991753,0.012277894653379917
238,1,2.38,0.02645658701658249,0.20376969873905182
238,2,2.38,-0.05271637812256813,-0.049619901925325394
238,3,2.38,-0.021082911640405655,-0.1802346557378769
239,0,2.39,-0.0002465969882905483,0.012316678650677204
239,1,2.39,0.028462663292884827,0.20060761272907257
239,2,2.39,-0.05313476175069809,-0.041838355362415314
239,3,2.39,-0.02286030352115631,-0.1777391880750656
240,0,2.4,-0.0001231715432368219,0.012342544272542
240,1,2.4,0.03043472208082676,0.1972058266401291
240,2,2.4,-0.05347471311688423,-0.03399511054158211
240,3,2.4,-0.02461063675582409,-0.17503337562084198
241,0,2.41,3.8309372030198574e-07,0.012355463579297066
241,1,2.41,0.03237040713429451,0.1935684084892273
241,2,2.41,-0.053735729306936264,-0.0261017307639122
241,3,2.41,-0.026331840083003044,-0.17212042212486267
242,0,2.42,0.00012393732322379947,0.012355423532426357
242,1,2.42,0.034267403185367584,0.18969972431659698
242,2,2.42,-0.053917426615953445,-0.018169861286878586
242,3,2.42,-0.028021877631545067,-0.16900378465652466
243,0,2.43,0.0002473615459166467,0.012342424131929874
243,1,2.43,0.03612344712018967,0.18560442328453064
243,2,2.43,-0.054019536823034286,-0.010211196728050709
243,3,2.43,-0.029678748920559883,-0.1656871736049652
244,0,2.44,0.00037052633706480265,0.012316478416323662
244,1,2.44,0.03793632239103317,0.18128739297389984
244,2,2.44,-0.05404191091656685,-0.0022374745458364487
244,3,2.44,-0.03130049258470535,-0.1621745079755783
245,0,2.45,0.0004933024756610394,0.012277614325284958
245,1,2.45,0.0397038608789444,0.17675381898880005
245,2,2.45,-0.053984515368938446,0.0057395463809370995
245,3,2.45,-0.032885193824768066,-0.15846996009349823
246,0,2.46,0.0006155612063594162,0.012225871905684471
246,1,2.46,0.04142395034432411,0.17200911045074463
246,2,2.46,-0.05384743586182594,0.013708103448152542
246,3,2.46,-0.03443097323179245,-0.15457792580127716
247,0,2.47,0.00073717423947528,0.012161306105554104
247,1,2.47,0.043094538152217865,0.16705897450447083
247,2,2.47,-0.05363086983561516,0.021656446158885956
247,3,2.47,-0.03593600168824196,-0.150503009557724
248,0,2.48,0.0008580141002312303,0.012083984911441803
248,1,2.48,0.04471363127231598,0.1619093269109726
248,2,2.48,-0.05333514139056206,0.029572851955890656
248,3,2.48,-0.037398502230644226,-0.14625005424022675
249,0,2.49,0.0009779540123417974,0.011993988417088985
249,1,2.49,0.04627929627895355,0.156566321849823
249,2,2.49,-0.05296068638563156,0.03744564950466156
249,3,2.49,-0.03881674259901047,-0.14182409644126892
250,0,2.5,0.0010968680726364255,0.011891411617398262
250,1,2.5,0.04778965935111046,0.1510363668203354
250,2,2.5,-0.05250805243849754,0.045263223350048065
250,3,2.5,-0.040189046412706375,-0.13723038136959076
251,0,2.51,0.0012146317167207599,0.011776362545788288
251,1,2.51,0.04924292117357254,0.14532606303691864
251,2,2.51,-0.05197791010141373,0.05301404744386673
251,3,2.51,-0.04151378944516182,-0.13247434794902802
252,0,2.52,0.0013311213115230203,0.011648961342871189
252,1,2.52,0.050637342035770416,0.13944225013256073
252,2,2.52,-0.05137104168534279,0.060686685144901276
252,3,2.52,-0.04278940707445145,-0.12756162881851196
253,0,2.53,0.0014462147373706102,0.011509341187775135
253,1,2.53,0.05197126045823097,0.13339197635650635
253,2,2.53,-0.05068834498524666,0.06826981902122498
253,3,2.53,-0.04401438683271408,-0.1224980428814888
254,0,2.54,0.0015597912715747952,0.011357649229466915
254,1,2.54,0.053243085741996765,0.12718245387077332
254,2,2.54,-0.04993082210421562,0.07575226575136185
254,3,2.54,-0.04518728330731392,-0.11728958785533905
255,0,2.55,0.0016717317048460245,0.011194043792784214
255,1,2.55,0.05445129796862602,0.12082111835479736
255,2,2.55,-0.04909959062933922,0.08312298357486725
255,3,2.55,-0.046306706964969635,-0.11194242537021637
256,0,2.56,0.0017819186905398965,0.011018697172403336
256,1,2.56,0.05559445172548294,0.11431556940078735
256,2,2.56,-0.04819587990641594,0.09037109464406967
256,3,2.56,-0.047371335327625275,-0.10646289587020874
257,0,2.57,0.001890236628241837,0.010831793770194054
257,1,2.57,0.05667118728160858,0.10767358541488647
257,2,2.57,-0.047221019864082336,0.09748589992523193
257,3,2.57,-0.04837990924715996,-0.10085748136043549
258,0,2.58,0.001996571896597743,0.010633529163897038
258,1,2.58,0.057680219411849976,0.10090309381484985
258,2,2.58,-0.046176452189683914,0.10445690900087357
258,3,2.58,-0.04933123663067818,-0.09513281285762787
259,0,2.59,0.0021008129697293043,0.010424111038446426
259,1,2.59,0.05862034112215042,0.09401218593120575
259,2,2.59,-0.04506371542811394,0.11127381771802902
259,3,2.59,-0.050224192440509796,-0.08929567039012909
260,0,2.6,0.0022028505336493254,0.01020375918596983
260,1,2.6,0.05949043110013008,0.08700909465551376
260,2,2.6,-0.04388444870710373,0.11792656779289246
260,3,2.6,-0.05105772241950035,-0.0833529531955719
261,0,2.61,0.0023025774862617254,0.009972704574465752
261,1,2.61,0.06028945371508598,0.07990217953920364
261,2,2.61,-0.04264039546251297,0.12440533936023712
261,3,2.61,-0.05183083936572075,-0.0773116946220398
262,0,2.62,0.002399889286607504,0.009731189347803593
262,1,2.62,0.06101645156741142,0.07269992679357529
262,2,2.62,-0.0413333885371685,0.13070055842399597
262,3,2.62,-0.05254263058304787,-0.07117903977632523
263,0,2.63,0.0024946839548647404,0.009479467757046223
263,1,2.63,0.061670560389757156,0.06541093438863754
263,2,2.63,-0.03996535763144493,0.13680292665958405
263,3,2.63,-0.05319225415587425,-0.0649622455239296
264,0,2.64,0.0025868620723485947,0.009217803366482258
264,1,2.64,0.06225099787116051,0.05804389715194702
264,2,2.64,-0.03853832185268402,0.14270344376564026
264,3,2.64,-0.053778938949108124,-0.05866865813732147
265,0,2.65,0.0026763267815113068,0.008946469984948635
265,1,2.65,0.06275707483291626,0.05060761421918869
265,2,2.65,-0.0370543897151947,0.14839337766170502
265,3,2.65,-0.054301995784044266,-0.05230572074651718
266,0,2.66,0.002762984251603484,0.008665752597153187
266,1,2.66,0.06318818777799606,0.04311095550656319
266,2,2.66,-0.03551574796438217,0.1538643091917038
266,3,2.66,-0.054760806262493134,-0.04588095843791962
267,0,2.67,0.002846743678674102,0.008375946432352066
267,1,2.67,0.06354381889104843,0.03556286543607712
267,2,2.67,-0.03392466530203819,0.15910816192626953
267,3,2.67,-0.05515482649207115,-0.03940196707844734
268,0,2.68,0.0029275172855705023,0.008077354170382023
268,1,2.68,0.06382354348897934,0.027972349897027016
268,2,2.68,-0.032283492386341095,0.16411718726158142
268,3,2.68,-0.05548359081149101,-0.032876402139663696
269,0,2.69,0.003005220089107752,0.00777029013261199
269,1,2.69,0.06402702629566193,0.02034846693277359
269,2,2.69,-0.030594652518630028,0.16888397932052612
269,3,2.69,-0.055746711790561676,-0.026311980560421944
270,0,2.7,0.0030797708313912153,0.007455076090991497
270,1,2.7,0.06415402889251709,0.012700309976935387
270,2,2.7,-0.028860637918114662,0.17340148985385895
270,3,2.7,-0.05594387650489807,-0.01971646212041378
271,0,2.71,0.003151091281324625,0.007132042199373245
271,1,2.71,0.06420440226793289,0.005037002731114626
271,2,2.71,-0.02708400785923004,0.17766302824020386
271,3,2.71,-0.056074853986501694,-0.013097640126943588
272,0,2.72,0.0032191064674407244,0.006801527924835682
272,1,2.72,0.06417807936668396,-0.0026323129422962666
272,2,2.72,-0.025267384946346283,0.18166230618953705
272,3,2.72,-0.05613948777318001,-0.006463338155299425
273,0,2.73,0.0032837451435625553,0.006463879253715277
273,1,2.73,0.06407509744167328,-0.010298488661646843
273,2,2.73,-0.02341345138847828,0.18539339303970337
273,3,2.73,-0.056137703359127045,0.00017860205844044685
274,0,2.74,0.0033449395559728146,0.006119451019912958
274,1,2.74,0.0638955757021904,-0.01795237883925438
274,2,2.74,-0.02152494341135025,0.1888507753610611
274,3,2.74,-0.056069500744342804,0.006820331327617168
275,0,2.75,0.0034026256762444973,0.00576860411092639
275,1,2.75,0.06363973021507263,-0.025584856048226357
275,2,2.75,-0.019604649394750595,0.19202932715415955
275,3,2.75,-0.05593496188521385,0.01345400046557188
276,0,2.76,0.00345674273557961,0.0054117063991725445
276,1,2.76,0.06330785900354385,-0.033186811953783035
276,2,2.76,-0.017655406147241592,0.19492435455322266
276,3,2.76,-0.055734243243932724,0.020071769133210182
277,0,2.77,0.0035072341561317444,0.005049132741987705
277,1,2.77,0.0629003643989563,-0.04074917733669281
277,2,2.77,-0.015680089592933655,0.1975315660238266
277,3,2.77,-0.05546758323907852,0.026665814220905304
278,0,2.78,0.0035540468525141478,0.004681263118982315
278,1,2.78,0.062417734414339066,-0.048262931406497955
278,2,2.78,-0.013681618496775627,0.19984710216522217
278,3,2.78,-0.055135298520326614,0.03322834149003029
279,0,2.79,0.003597131697461009,0.004308483097702265
279,1,2.79,0.06186054274439812,-0.05571910738945007
279,2,2.79,-0.011662943288683891,0.20186753571033478
279,3,2.79,-0.05473778396844864,0.03975159674882889
280,0,2.8,0.0036364435218274593,0.00393118429929018
280,1,2.8,0.06122945621609688,-0.06310880929231644
280,2,2.8,-0.009627044200897217,0.20358988642692566
280,3,2.8,-0.0542755052447319,0.046227868646383286
281,0,2.81,0.003671941114589572,0.0035497620701789856
281,1,2.81,0.06052522361278534,-0.07042321562767029
281,2,2.81,-0.007576928474009037,0.20501159131526947
281,3,2.81,-0.05374900996685028,0.052649497985839844
282,0,2.82,0.0037035872228443623,0.0031646164134144783
282,1,2.82,0.05974868685007095,-0.07765360176563263
282,2,2.82,-0.005515622906386852,0.20613053441047668
282,3,2.82,-0.053158920258283615,0.059008896350860596
283,0,2.83,0.0037313487846404314,0.0027761515229940414
283,1,2.83,0.05890077352523804,-0.08479133248329163
283,2,2.83,-0.003446172224357724,0.20694507658481598
283,3,2.83,-0.05250593647360802,0.06529854238033295
284,0,2.84,0.003755196463316679,0.0023847748525440693
284,1,2.84,0.057982493191957474,-0.0918278843164444
284,2,2.84,-0.0013716320972889662,0.20745401084423065
284,3,2.84,-0.05179082602262497,0.07151100039482117
285,0,2.85,0.003775105345994234,0.00199089664965868
285,1,2.85,0.05699494481086731,-0.09875486046075821
285,2,2.85,0.0007049336563795805,0.20765657722949982
285,3,2.85,-0.05101443827152252,0.07763892412185669
286,0,2.86,0.0037910547107458115,0.001594930305145681
286,1,2.86,0.05593930557370186,-0.10556398332118988
286,2,2.86,0.0027804584242403507,0.2075524777173996
286,3,2.86,-0.0501776859164238,0.08367506414651871
287,0,2.87,0.0038030275609344244,0.0011972910724580288
287,1,2.87,0.054816834628582,-0.11224712431430817
287,2,2.87,0.004851876758038998,0.20714186131954193
287,3,2.87,-0.049281563609838486,0.08961228281259537
288,0,2.88,0.0038110115565359592,0.0007983960094861686
288,1,2.88,0.05362887308001518,-0.11879630386829376
288,2,2.88,0.00691612996160984,0.20642533898353577
288,3,2.88,-0.04832712933421135,0.09544355422258377
289,0,2.89,0.003814998082816601,0.00039866354200057685
289,1,2.89,0.05237683653831482,-0.1252036839723587
289,2,2.89,0.008970169350504875,0.20540396869182587
289,3,2.89,-0.047315508127212524,0.10116197913885117
290,0,2.9,0.003814983181655407,-1.4870602171868086e-06
290,1,2.9,0.051062218844890594,-0.13146162033081055
290,2,2.9,0.01101096160709858,0.204079270362854
290,3,2.9,-0.046247899532318115,0.10676079243421555
291,0,2.91,0.0038109668530523777,-0.0004016360908281058
291,1,2.91,0.04968659207224846,-0.1375626176595688
291,2,2.91,0.013035493902862072,0.20245321094989777
291,3,2.91,-0.0451255664229393,0.11223337054252625
292,0,2.92,0.003802953287959099,-0.0008013638434931636
292,1,2.92,0.048251599073410034,-0.14349938929080963
292,2,2.92,0.015040775761008263,0.20052818953990936
292,3,2.92,-0.04394983500242233,0.11757323145866394
293,0,2.93,0.003790950868278742,-0.0012002510484308004
293,1,2.93,0.046758949756622314,-0.1492648422718048
293,2,2.93,0.01702384650707245,0.19830705225467682
293,3,2.93,-0.04272209480404854,0.12277405709028244
294,0,2.94,0.003774972166866064,-0.0015978794544935226
294,1,2.94,0.04521042853593826,-0.15485207736492157
294,2,2.94,0.018981777131557465,0.19579309225082397
294,3,2.94,-0.04144379869103432,0.1278296858072281
295,0,2.95,0.0037550339475274086,-0.0019938317127525806
295,1,2.95,0.04360788315534592,-0.16025440394878387
295,2,2.95,0.020911676809191704,0.1929900348186493
295,3,2.95,-0.040116459131240845,0.13273413479328156
296,0,2.96,0.0037311569321900606,-0.0023876926861703396
296,1,2.96,0.041953228414058685,-0.1654653549194336
296,2,2.96,0.022810697555541992,0.18990202248096466
296,3,2.96,-0.038741644471883774,0.13748158514499664
297,0,2.97,0.0037033664993941784,-0.0027790493331849575
297,1,2.97,0.04024844244122505,-0.1704787015914917
297,2,2.97,0.024676034227013588,0.1865336298942566
297,3,2.97,-0.037320978939533234,0.14206641912460327
298,0,2.98,0.003671691520139575,-0.0031674911733716726
298,1,2.98,0.03849555924534798,-0.17528843879699707
298,2,2.98,0.02650493197143078,0.18288984894752502
298,3,2.98,-0.03585614636540413,0.14648321270942688
299,0,2.99,0.0036361655220389366,-0.003552610520273447
299,1,2.99,0.036696672439575195,-0.17988881468772888
299,2,2.99,0.028294691815972328,0.17897605895996094
299,3,2.99,-0.034348879009485245,0.15072672069072723
300,0,3.0,0.003596825525164604,-0.003934003878384829
300,1,3.0,0.03485392779111862,-0.1842743158340454
300,2,3.0,0.030042672529816628,0.17479805648326874
300,3,3.0,-0.032800961285829544,0.154791921377182
301,0,3.01,0.0035537127405405045,-0.004311270546168089
301,1,3.01,0.032969530671834946,-0.18843969702720642
301,2,3.01,0.03174629434943199,0.17036202549934387
301,3,3.01,-0.031214222311973572,0.1586739867925644
302,0,3.02,0.00350687257014215,-0.004684015177190304
302,1,3.02,0.031045731157064438,-0.19237995147705078
302,2,3.02,0.03340303897857666,0.16567452251911163
302,3,3.02,-0.029590539634227753,0.16236832737922668
303,0,3.03,0.0034563541412353516,-0.005051847081631422
303,1,3.03,0.02908482775092125,-0.19609037041664124
303,2,3.03,0.03501046448945999,0.16074247658252716
303,3,3.03,-0.027931833639740944,0.1658705472946167
304,0,3.04,0.003402210306376219,-0.0054143802262842655
304,1,3.04,0.027089163661003113,-0.19956649839878082
304,2,3.04,0.036566197872161865,0.15557318925857544
304,3,3.04,-0.026240069419145584,0.16917650401592255
305,0,3.05,0.003344497876241803,-0.005771234165877104
305,1,3.05,0.025061123073101044,-0.20280416309833527
305,2,3.05,0.03806794062256813,0.1501743048429489
305,3,3.05,-0.024517247453331947,0.17228227853775024
306,0,3.06,0.0032832776196300983,-0.006122034974396229
306,1,3.06,0.023003127425909042,-0.20579949021339417
306,2,3.06,0.0395134799182415,0.1445537954568863
306,3,3.06,-0.022765405476093292,0.17518417537212372
307,0,3.07,0.003218613564968109,-0.00646641431376338
307,1,3.07,0.020917639136314392,-0.2085488885641098
307,2,3.07,0.04090068116784096,0.13871996104717255
307,3,3.07,-0.020986618474125862,0.17787876725196838
308,0,3.08,0.003150573465973139,-0.006804011296480894
308,1,3.08,0.018807148560881615,-0.21104906499385834
308,2,3.08,0.04222749546170235,0.13268142938613892
308,3,3.08,-0.01918298937380314,0.18036285042762756
309,0,3.09,0.003079228801652789,-0.00713447155430913
309,1,3.09,0.01667417772114277,-0.2132970243692398
309,2,3.09,0.043491967022418976,0.12644712626934052
309,3,3.09,-0.01735665462911129,0.18263347446918488
310,0,3.1,0.003004654310643673,-0.00745744863525033
310,1,3.1,0.014521277509629726,-0.21529005467891693
310,2,3.1,0.044692229479551315,0.12002626061439514
310,3,3.1,-0.015509774908423424,0.18468794226646423
311,0,3.11,0.002926928224042058,-0.007772603537887335
311,1,3.11,0.012351019307971,-0.2170257717370987
311,2,3.11,0.045826513320207596,0.11342830955982208
311,3,3.11,-0.013644536957144737,0.18652381002902985
312,0,3.12,0.0028461322654038668,-0.008079606108367443
312,1,3.12,0.010165998712182045,-0.21850210428237915
312,2,3.12,0.04689314216375351,0.10666301846504211
312,3,3.12,-0.011763148009777069,0.1881389170885086
313,0,3.13,0.0027623509522527456,-0.008378134109079838
313,1,3.13,0.007968826219439507,-0.21971726417541504
313,2,3.13,0.047890547662973404,0.09974037855863571
313,3,3.13,-0.009867834858596325,0.1895313262939453
314,0,3.14,0.0026756722945719957,-0.00866787414997816
314,1,3.14,0.005762128159403801,-0.22066979110240936
314,2,3.14,0.04881725460290909,0.09267061203718185
314,3,3.14,-0.007960841059684753,0.19069939851760864
315,0,3.15,0.002586187096312642,-0.008948522619903088
315,1,3.15,0.0035485427360981703,-0.2213585525751114
315,2,3.15,0.04967189580202103,0.08546414971351624
315,3,3.15,-0.006044423673301935,0.19164174795150757
316,0,3.16,0.0024939891882240772,-0.00921978522092104
316,1,3.16,0.0013307156041264534,-0.22178272902965546
316,2,3.16,0.05045321211218834,0.07813162356615067
316,3,3.16,-0.0041208514012396336,0.19235724210739136
317,0,3.17,0.002399175427854061,-0.009481376968324184
317,1,3.17,-0.0008887022268027067,-0.22194179892539978
317,2,3.17,0.0511600524187088,0.07068385928869247
317,3,3.17,-0.002192400861531496,0.19284504652023315
318,0,3.18,0.002301845233887434,-0.009733024053275585
318,1,3.18,-0.003107057884335518,-0.22183556854724884
318,2,3.18,0.051791369915008545,0.06313183903694153
318,3,3.18,-0.00026135530788451433,0.1931045651435852
319,0,3.19,0.0022021005861461163,-0.009974461980164051
319,1,3.19,-0.005321699660271406,-0.22146417200565338
319,2,3.19,0.05234623700380325,0.055486712604761124
319,3,3.19,0.0016699996776878834,0.19313549995422363
320,0,3.2,0.002100046258419752,-0.010205438360571861
320,1,3.2,-0.007529980503022671,-0.22082805633544922
320,2,3.2,0.052823834121227264,0.047759752720594406
320,3,3.2,0.003599377814680338,0.19293782114982605
321,0,3.21,0.0019957891199737787,-0.010425710119307041
321,1,3.21,-0.009729260578751564,-0.21992798149585724
321,2,3.21,0.05322345718741417,0.03996235877275467
321,3,3.21,0.005524495150893927,0.19251175224781036
322,0,3.22,0.0018894386012107134,-0.010635046288371086
322,1,3.22,-0.011916911229491234,-0.2187650203704834
322,2,3.22,0.05354451760649681,0.03210603445768356
322,3,3.22,0.007443073205649853,0.19185779988765717
323,0,3.23,0.0017811063444241881,-0.010833228006958961
323,1,3.23,-0.01409031730145216,-0.2173405885696411
323,2,3.23,0.053786542266607285,0.024202361702919006
323,3,3.23,0.00935284048318863,0.19097673892974854
324,0,3.24,0.0016709058545529842,-0.011020046658813953
324,1,3.24,-0.01624688133597374,-0.2156563699245453
324,2,3.24,0.05394917353987694,0.016262998804450035
324,3,3.24,0.011251537129282951,0.18986962735652924
325,0,3.25,0.0015589527320116758,-0.011195306666195393
325,1,3.25,-0.018384024500846863,-0.21371440589427948
325,2,3.25,0.05403216928243637,0.00829965341836214
325,3,3.25,0.013136914931237698,0.18853777647018433
326,0,3.26,0.0014453644398599863,-0.011358823627233505
326,1,3.26,-0.02049919404089451,-0.21151702105998993
326,2,3.26,0.05403541028499603,0.0003240685909986496
326,3,3.26,0.01500674244016409,0.18698275089263916
327,0,3.27,0.0013302601873874664,-0.011510426178574562
327,1,3.27,-0.02258986234664917,-0.20906685292720795
327,2,3.27,0.05395888909697533,-0.007651994004845619
327,3,3.27,0.01685880683362484,0.18520641326904297
328,0,3.28,0.001213760580867529,-0.011649955995380878
328,1,3.28,-0.02465353161096573,-0.20636683702468872
328,2,3.28,0.053802721202373505,-0.015616772696375847
328,3,3.28,0.018690915778279305,0.18321086466312408
329,0,3.29,0.0010959879728034139,-0.011777265928685665
329,1,3.29,-0.026687733829021454,-0.20342020690441132
329,2,3.29,0.05356713756918907,-0.023558521643280983
329,3,3.29,0.020500900223851204,0.18099848926067352
330,0,3.3,0.0009770657634362578,-0.011892222799360752
330,1,3.3,-0.0286900382488966,-0.20023050904273987
330,2,3.3,0.053252480924129486,-0.03146553039550781
330,3,3.3,0.02228661999106407,0.1785718947649002
331,0,3.31,0.0008571186917833984,-0.011994706466794014
331,1,3.31,-0.03065805323421955,-0.19680155813694
331,2,3.31,0.052859220653772354,-0.03932613879442215
331,3,3.31,0.02404595911502838,0.17593397200107574
332,0,3.32,0.0007362726028077304,-0.012084608897566795
332,1,3.32,-0.03258942812681198,-0.19313746690750122
332,2,3.32,0.05238793417811394,-0.04712874814867973
332,3,3.32,0.025776837021112442,0.17308783531188965
333,0,3.33,0.0006146542727947235,-0.01216183602809906
333,1,3.33,-0.03448185324668884,-0.18924261629581451
333,2,3.33,0.05183931440114975,-0.05486185476183891
333,3,3.33,0.02747720666229725,0.17003688216209412
334,0,3.34,0.0004923911765217781,-0.012226306833326817
334,1,3.34,-0.03633306920528412,-0.18512168526649475
334,2,3.34,0.051214173436164856,-0.0625140517950058
334,3,3.34,0.029145054519176483,0.16678471863269806
335,0,3.35,0.0003696116618812084,-0.012277953326702118
335,1,3.35,-0.03814086690545082,-0.1807796210050583
335,2,3.35,0.050513431429862976,-0.07007405161857605
335,3,3.35,0.03077840618789196,0.16333520412445068
336,0,3.36,0.0002464444551151246,-0.012316721491515636
336,1,3.36,-0.03990308195352554,-0.17622160911560059
336,2,3.36,0.04973812401294708,-0.07753069698810577
336,3,3.36,0.03237533196806908,0.1596924364566803
337,0,3.37,0.00012301874812692404,-0.012342571280896664
337,1,3.37,-0.04161761328577995,-0.17145311832427979
337,2,3.37,0.0488893948495388,-0.08487299084663391
337,3,3.37,0.033933937549591064,0.15586072206497192
338,0,3.38,-5.359906936064363e-07,-0.012355474755167961
338,1,3.38,-0.043282411992549896,-0.16647985577583313
338,2,3.38,0.04796849563717842,-0.09209010004997253
338,3,3.38,0.03545238450169563,0.15184460580348969
339,0,3.39,-0.00012409017654135823,-0.012355418875813484
339,1,3.39,-0.044895488768815994,-0.16130776703357697
339,2,3.39,0.046976782381534576,-0.09917137026786804
339,3,3.39,0.036928873509168625,0.1476488560438156
340,0,3.4,-0.0002475141955073923,-0.012342402711510658
340,1,3.4,-0.04645491763949394,-0.15594305098056793
340,2,3.4,0.045915719121694565,-0.10610634833574295
340,3,3.4,0.03836165741086006,0.14327844977378845
341,0,3.41,-0.0003706786083057523,-0.012316441163420677
341,1,3.41,-0.04795883968472481,-0.15039211511611938
341,2,3.41,0.04478687047958374,-0.11288479715585709
341,3,3.41,0.03974904119968414,0.13873855769634247
342,0,3.42,-0.0004934542230330408,-0.012277561239898205
342,1,3.42,-0.049405455589294434,-0.14466162025928497
342,2,3.42,0.043591901659965515,-0.11949671059846878
342,3,3.42,0.041089385747909546,0.13403455913066864
343,0,3.43,-0.0006157122552394867,-0.01222580298781395
343,1,3.43,-0.05079304054379463,-0.13875840604305267
343,2,3.43,0.04233257845044136,-0.12593232095241547
343,3,3.43,0.042381107807159424,0.12917202711105347
344,0,3.44,-0.0007373244734480977,-0.012161221355199814
344,1,3.44,-0.05211993679404259,-0.13268953561782837
344,2,3.44,0.04101075604557991,-0.13218212127685547
344,3,3.44,0.04362267628312111,0.12415672838687897
345,0,3.45,-0.0008581633446738124,-0.012083884328603745
345,1,3.45,-0.05338456109166145,-0.12646226584911346
345,2,3.45,0.03962838649749756,-0.1382368952035904
345,3,3.45,0.04481262341141701,0.11899459362030029
346,0,3.46,-0.0009781020926311612,-0.011993872001767159
346,1,3.46,-0.054585400968790054,-0.12008404731750488
346,2,3.46,0.03818751126527786,-0.14408768713474274
346,3,3.46,0.0459495410323143,0.11369173973798752
347,0,3.47,-0.0010970148723572493,-0.011891279369592667
347,1,3.47,-0.05572102591395378,-0.11356249451637268
347,2,3.47,0.036690253764390945,-0.14972583949565887
347,3,3.47,0.047032084316015244,0.10825444012880325
348,0,3.48,-0.0012147770030423999,-0.011776214465498924
348,1,3.48,-0.056790079921483994,-0.10690540075302124
348,2,3.48,0.035138823091983795,-0.15514303743839264
348,3,3.48,0.048058975487947464,0.10268913954496384
349,0,3.49,-0.0013312649680301547,-0.011648797430098057
349,1,3.49,-0.05779128521680832,-0.10012072324752808
349,2,3.49,0.033535510301589966,-0.16033126413822174
349,3,3.49,0.04902900010347366,0.09700241684913635
350,0,3.5,-0.0014463565312325954,-0.011509162373840809
350,1,3.5,-0.05872344970703125,-0.09321656078100204
350,2,3.5,0.03188268095254898,-0.16528286039829254
350,3,3.5,0.049941010773181915,0.09120100736618042
351,0,3.51,-0.0015599310863763094,-0.011357455514371395
351,1,3.51,-0.059585459530353546,-0.08620116859674454
351,2,3.51,0.030182775110006332,-0.16999049484729767
351,3,3.51,0.050793927162885666,0.0852917730808258
352,0,3.52,-0.0016718694241717458,-0.011193836107850075
352,1,3.52,-0.06037629023194313,-0.0790829136967659
352,2,3.52,0.028438303619623184,-0.1744472086429596
352,3,3.52,0.05158674344420433,0.07928170263767242
353,0,3.53,-0.001782054197974503,-0.011018475517630577
353,1,3.53,-0.061094991862773895,-0.07187029719352722
353,2,3.53,0.026651838794350624,-0.17864641547203064
353,3,3.53,0.0523185208439827,0.07317790389060974
354,0,3.54,-0.001890369807370007,-0.010831557214260101
354,1,3.54,-0.06174071133136749,-0.06457193195819855
354,2,3.54,0.024826020002365112,-0.18258188664913177
354,3,3.54,0.05298839509487152,0.06698759645223618
355,0,3.55,-0.001996702514588833,-0.010633278638124466
355,1,3.55,-0.06231267750263214,-0.05719652771949768
355,2,3.55,0.022963542491197586,-0.1862478107213974
355,3,3.55,0.05359557643532753,0.0607181079685688
356,0,3.56,-0.002100941026583314,-0.010423846542835236
356,1,3.56,-0.06281020492315292,-0.04975288361310959
356,2,3.56,0.02106715552508831,-0.18963876366615295
356,3,3.56,0.05413934588432312,0.05437684804201126
357,0,3.57,-0.002202975796535611,-0.01020348072052002
357,1,3.57,-0.06323270499706268,-0.0422498844563961
357,2,3.57,0.01913965865969658,-0.1927497237920761
357,3,3.57,0.05461905896663666,0.04797131195664406
358,0,3.58,-0.0023026999551802874,-0.009972413070499897
358,1,3.58,-0.06357967108488083,-0.034696485847234726
358,2,3.58,0.017183898016810417,-0.19557610154151917
358,3,3.58,0.055034149438142776,0.04150907322764397
359,0,3.59,-0.0024000087287276983,-0.009730884805321693
359,1,3.59,-0.06385068595409393,-0.02710169367492199
359,2,3.59,0.015202760696411133,-0.19811369478702545
359,3,3.59,0.05538412556052208,0.03499777242541313
360,0,3.6,-0.0024948001373559237,-0.009479150176048279
360,1,3.6,-0.06404542922973633,-0.0194745734333992
360,2,3.6,0.013199172914028168,-0.20035874843597412
360,3,3.6,0.055668577551841736,0.028445107862353325
361,0,3.61,-0.002586974762380123,-0.00921747274696827
361,1,3.61,-0.06416366994380951,-0.011824220418930054
361,2,3.61,0.011176093481481075,-0.20230793952941895
361,3,3.61,0.055887166410684586,0.0218588225543499
362,0,3.62,-0.0026764359790831804,-0.008946127258241177
362,1,3.62,-0.06420526653528214,-0.00415976345539093
362,2,3.62,0.009136509150266647,-0.2039583921432495
362,3,3.62,0.056039635092020035,0.01524670235812664
363,0,3.63,-0.002763089956715703,-0.008665398694574833
363,1,3.63,-0.06417016685009003,0.0035096555948257446
363,2,3.63,0.007083432748913765,-0.20530764758586884
363,3,3.63,0.05612580105662346,0.008616562932729721
364,0,3.64,-0.0028468456584960222,-0.008375581353902817
364,1,3.64,-0.06405841559171677,0.011174887418746948
364,2,3.64,0.0050198957324028015,-0.20635372400283813
364,3,3.64,0.0561455637216568,0.001976240426301956
365,0,3.65,-0.002927615540102124,-0.008076978847384453
365,1,3.65,-0.0638701468706131,0.018826788291335106
365,2,3.65,0.002948945155367255,-0.20709505677223206
365,3,3.65,0.056098900735378265,-0.004666418302804232
366,0,3.66,-0.0030053146183490753,-0.007769904565066099
366,1,3.66,-0.06360558420419693,0.026456231251358986
366,2,3.66,0.0008736397139728069,-0.20753055810928345
366,3,3.66,0.055985864251852036,-0.011303562670946121
367,0,3.67,-0.0030798614025115967,-0.0074546802788972855
367,1,3.67,-0.06326504051685333,0.034054115414619446
367,2,3.67,-0.001202956074848771,-0.20765957236289978
367,3,3.67,0.05580659210681915,-0.017927346751093864
368,0,3.68,-0.0031511776614934206,-0.0071316370740532875
368,1,3.68,-0.06284892559051514,0.04161137342453003
368,2,3.68,-0.0032777751330286264,-0.20748192071914673
368,3,3.68,0.05556129291653633,-0.024529943242669106
369,0,3.69,-0.003219188889488578,-0.006801113486289978
369,1,3.69,-0.06235773488879204,0.04911899194121361
369,2,3.69,-0.0053477538749575615,-0.2069978564977646
369,3,3.69,0.05525025725364685,-0.031103547662496567
370,0,3.7,-0.003283823374658823,-0.006463456433266401
370,1,3.7,-0.061792053282260895,0.05656801164150238
370,2,3.7,-0.007409835234284401,-0.20620810985565186
370,3,3.7,0.05487385392189026,-0.03764038905501366
371,0,3.71,-0.0033450135961174965,-0.006119019817560911
371,1,3.71,-0.06115255877375603,0.06394954025745392
371,2,3.71,-0.009460973553359509,-0.20511384308338165
371,3,3.71,0.05443252623081207,-0.044132743030786514
372,0,3.72,-0.00340269529260695,-0.0057681649923324585
372,1,3.72,-0.06044001132249832,0.07125477492809296
372,2,3.72,-0.011498140171170235,-0.20371666550636292
372,3,3.72,0.05392679572105408,-0.05057293176651001
373,0,3.73,-0.003456807928159833,-0.005411260295659304
373,1,3.73,-0.05965526029467583,0.0784749910235405
373,2,3.73,-0.013518326915800571,-0.20201866328716278
373,3,3.73,0.053357262164354324,-0.056953344494104385
374,0,3.74,-0.0035072946920990944,-0.005048679653555155
374,1,3.74,-0.058799244463443756,0.0856015756726265
374,2,3.74,-0.01551854982972145,-0.20002233982086182
374,3,3.74,0.05272459611296654,-0.06326643377542496
375,0,3.75,-0.0035541027318686247,-0.004680803511291742
375,1,3.75,-0.05787298455834389,0.09262601286172867
375,2,3.75,-0.017495855689048767,-0.1977306604385376
375,3,3.75,0.052029550075531006,-0.0695047378540039
376,0,3.76,-0.003597182920202613,-0.004308017902076244
376,1,3.76,-0.056877586990594864,0.09953992068767548
376,2,3.76,-0.01944732666015625,-0.19514700770378113
376,3,3.76,0.05127293989062309,-0.07566088438034058
377,0,3.77,-0.00363649008795619,-0.003930713515728712
377,1,3.77,-0.0558142364025116,0.10633504390716553
377,2,3.77,-0.02137007936835289,-0.19227521121501923
377,3,3.77,0.05045566335320473,-0.08172758668661118
378,0,3.78,-0.0036719830241054296,-0.0035492863971740007
378,1,3.78,-0.05468420311808586,0.11300326138734818
378,2,3.78,-0.02326127514243126,-0.18911951780319214
378,3,3.78,0.04957868531346321,-0.08769766986370087
379,0,3.79,-0.003703624475747347,-0.003164136316627264
379,1,3.79,-0.0534888356924057,0.11953660845756531
379,2,3.79,-0.02511812187731266,-0.18568460643291473
379,3,3.79,0.048643045127391815,-0.09356407076120377
380,0,3.8,-0.0037313811480998993,-0.002775667468085885
380,1,3.8,-0.052229564636945724,0.12592726945877075
380,2,3.8,-0.026937877759337425,-0.1819755584001541
380,3,3.8,0.047649845480918884,-0.09931985288858414
381,0,3.81,-0.00375522393733263,-0.002384287305176258
381,1,3.81,-0.050907887518405914,0.13216762244701385
381,2,3.81,-0.028717856854200363,-0.17799785733222961
381,3,3.81,0.04660026356577873,-0.1049581989645958
382,0,3.82,-0.0037751279305666685,-0.001990406308323145
382,1,3.82,-0.04952538385987282,0.1382502019405365
382,2,3.82,-0.03045543096959591,-0.1737573891878128
382,3,3.82,0.04549553990364075,-0.11047244071960449
383,0,3.83,-0.003791072405874729,-0.0015944376355037093
383,1,3.83,-0.04808370769023895,0.1441677361726761
383,2,3.83,-0.03214803338050842,-0.1692604273557663
383,3,3.83,0.04433697834610939,-0.11585605144500732
384,0,3.84,-0.0038030403666198254,-0.001196796540170908
384,1,3.84,-0.04658457636833191,0.14991314709186554
384,2,3.84,-0.033793170005083084,-0.16451363265514374
384,3,3.84,0.043125953525304794,-0.12110266089439392
385,0,3.85,-0.0038110194727778435,-0.0007979001384228468
385,1,3.85,-0.04502978175878525,0.1554795652627945
385,2,3.85,-0.035388410091400146,-0.15952400863170624
385,3,3.85,0.04186389222741127,-0.12620605528354645
386,0,3.86,-0.0038150011096149683,-0.00039816685603000224
386,1,3.86,-0.0434211790561676,0.1608603149652481
386,2,3.86,-0.03693139925599098,-0.15429894626140594
386,3,3.86,0.0405522920191288,-0.1311601847410202
387,0,3.87,-0.0038149813190102577,1.98406632989645e-06
387,1,3.87,-0.04176069051027298,0.16604897379875183
387,2,3.87,-0.03841986134648323,-0.14884616434574127
387,3,3.87,0.039192698895931244,-0.135959193110466
388,0,3.88,-0.0038109601009637117,0.0004021329223178327
388,1,3.88,-0.04005029797554016,0.17103932797908783
388,2,3.88,-0.0398515984416008,-0.1431737244129181
388,3,3.88,0.03778672590851784,-0.1405973881483078
389,0,3.89,-0.0038029414135962725,0.00080186000559479
389,1,3.89,-0.038292042911052704,0.17582540214061737
389,2,3.89,-0.04122449830174446,-0.13729000091552734
389,3,3.89,0.036336034536361694,-0.14506927132606506
390,0,3.9,-0.003790933871641755,0.0012007460463792086
390,1,3.9,-0.03648802638053894,0.18040147423744202
390,2,3.9,-0.04253653436899185,-0.13120369613170624
390,3,3.9,0.03484233841300011,-0.14936955273151398
391,0,3.91,-0.003774950047954917,0.0015983725897967815
391,1,3.91,-0.03464040532708168,0.18476206064224243
391,2,3.91,-0.04378577321767807,-0.12492379546165466
391,3,3.91,0.033307407051324844,-0.15349313616752625
392,0,3.92,-0.0037550069391727448,0.001994322519749403
392,1,3.92,-0.03275138512253761,0.18890193104743958
392,2,3.92,-0.04497037082910538,-0.11845958232879639
392,3,3.92,0.03173305466771126,-0.1574351191520691
393,0,3.93,-0.00373112503439188,0.002388180699199438
393,1,3.93,-0.030823223292827606,0.1928161233663559
393,2,3.93,-0.046088576316833496,-0.11182060092687607
393,3,3.93,0.030121145769953728,-0.16119083762168884
394,0,3.94,-0.003703329712152481,0.002779534086585045
394,1,3.94,-0.02885822393000126,0.19649995863437653
394,2,3.94,-0.04713874310255051,-0.10501664876937866
394,3,3.94,0.028473587706685066,-0.16475585103034973
395,0,3.95,-0.0036716500762850046,0.003167971968650818
395,1,3.95,-0.026858733966946602,0.1999490112066269
395,2,3.95,-0.04811932146549225,-0.09805777668952942
395,3,3.95,0.02679232880473137,-0.1681259125471115
396,0,3.96,-0.0036361191887408495,0.0035530871246010065
396,1,3.96,-0.0248271431773901,0.2031591534614563
396,2,3.96,-0.04902886226773262,-0.0909542590379715
396,3,3.96,0.025079358369112015,-0.17129704356193542
397,0,3.97,-0.003596774535253644,0.003934475593268871
397,1,3.97,-0.022765878587961197,0.20612652599811554
397,2,3.97,-0.049866028130054474,-0.08371657878160477
397,3,3.97,0.023336702957749367,-0.17426545917987823
398,0,3.98,-0.003553657094016671,0.004311737138777971
398,1,3.98,-0.02067740261554718,0.20884758234024048
398,2,3.98,-0.05062958225607872,-0.07635542005300522
398,3,3.98,0.021566426381468773,-0.1770276576280594
399,0,3.99,-0.0035068122670054436,0.0046844761818647385
399,1,3.99,-0.018564213067293167,0.21131905913352966
399,2,3.99,-0.05131839960813522,-0.06888163834810257
399,3,3.99,0.01977062225341797,-0.17958036065101624
