step,env_id,input_action,output_action
0,0,0.0,-0.02411220222711563
0,1,0.0,0.029162811115384102
0,2,0.0,0.03181550279259682
0,3,0.0,-0.03533770889043808
1,0,0.0,0.0031038860324770212
1,1,0.0,-0.004578153602778912
1,2,0.0,0.0041673751547932625
1,3,0.0,-0.031067855656147003
2,0,0.0,-0.08098914474248886
2,1,0.0,0.0323152169585228
2,2,0.0,-0.009587513282895088
2,3,0.0,0.0025942865759134293
3,0,0.0,4.215396984363906e-05
3,1,0.0,0.08441401273012161
3,2,0.0,-0.008620652370154858
3,3,0.0,0.02361883595585823
4,0,0.0,-0.0026002333033829927
4,1,0.0,0.008412533439695835
4,2,0.0,0.05230594798922539
4,3,0.0,0.054320063441991806
5,0,0.0,-0.006201020907610655
5,1,0.0,0.015550605021417141
5,2,0.0,-0.020707610994577408
5,3,0.0,0.0001287589402636513
6,0,0.0,0.023766061291098595
6,1,0.0,-3.497489160508849e-05
6,2,0.0,0.008466629311442375
6,3,0.0,-0.008619308471679688
7,0,0.0,-0.07251150906085968
7,1,0.0,0.02412227727472782
7,2,0.0,-0.0008717933087609708
7,3,0.0,0.05339975655078888
8,0,0.0,-0.0074558681808412075
8,1,0.0,0.0848255380988121
8,2,0.0,-0.07786337286233902
8,3,0.0,0.054448578506708145
9,0,0.0,0.006819464731961489
9,1,0.0,0.006155100185424089
9,2,0.0,-0.042715948075056076
9,3,0.0,0.07171593606472015
10,0,0.0,-0.013060132041573524
10,1,0.0,0.12590155005455017
10,2,0.0,-0.016340289264917374
10,3,0.0,-0.00043371980427764356
11,0,0.0,0.007628967985510826
11,1,0.0,0.012649770826101303
11,2,0.0,-0.014994511380791664
11,3,0.0,-0.0004695557872764766
12,0,0.0,0.008978882804512978
12,1,0.0,0.0231054425239563
12,2,0.0,-0.07959232479333878
12,3,0.0,-0.02966797724366188
13,0,0.0,-0.00653189467266202
13,1,0.0,-0.035024493932724
13,2,0.0,0.017718596383929253
13,3,0.0,0.004269824828952551
14,0,0.0,-0.00347911287099123
14,1,0.0,-0.007292618043720722
14,2,0.0,0.0093472208827734
14,3,0.0,0.03753621131181717
15,0,0.0,0.0040068780072033405
15,1,0.0,-0.022665731608867645
15,2,0.0,-0.02385799027979374
15,3,0.0,0.036730192601680756
16,0,0.0,-0.04537514969706535
16,1,0.0,-0.006840365007519722
16,2,0.0,0.01151360385119915
16,3,0.0,-0.02256975695490837
17,0,0.0,-0.0029231638181954622
17,1,0.0,0.006210016552358866
17,2,0.0,0.016128458082675934
17,3,0.0,-0.005761834792792797
18,0,0.0,-0.0005827941931784153
18,1,0.0,0.004336040001362562
18,2,0.0,-0.00121677212882787
18,3,0.0,0.02050245925784111
19,0,0.0,0.014035137370228767
19,1,0.0,-0.027694467455148697
19,2,0.0,-0.01295411866158247
19,3,0.0,0.000566066475585103
20,0,0.0,0.00027877060347236693
20,1,0.0,-0.015402629040181637
20,2,0.0,-0.007759599015116692
20,3,0.0,0.000956308445893228
21,0,0.0,-0.07859941571950912
21,1,0.0,-0.011975293047726154
21,2,0.0,0.041077256202697754
21,3,0.0,-0.004687801003456116
22,0,0.0,0.008353815414011478
22,1,0.0,0.0002829717705026269
22,2,0.0,-0.041756171733140945
22,3,0.0,0.019261300563812256
23,0,0.0,0.0004351648676674813
23,1,0.0,0.007581294048577547
23,2,0.0,-0.0033435935620218515
23,3,0.0,0.0026181559078395367
24,0,0.0,-0.010757768526673317
24,1,0.0,0.06081756576895714
24,2,0.0,0.002309508388862014
24,3,0.0,-0.006833882536739111
25,0,0.0,-0.004937250167131424
25,1,0.0,-0.005971119739115238
25,2,0.0,0.03170190006494522
25,3,0.0,0.0018152091652154922
26,0,0.0,0.0292938482016325
26,1,0.0,-0.03303898498415947
26,2,0.0,-0.004124494269490242
26,3,0.0,-0.015102062374353409
27,0,0.0,0.05577961355447769
27,1,0.0,0.00978080090135336
27,2,0.0,-0.04016871377825737
27,3,0.0,0.01008053869009018
28,0,0.0,5.558354678214528e-05
28,1,0.0,-0.015624089166522026
28,2,0.0,0.03044162318110466
28,3,0.0,-0.0017935942159965634
29,0,0.0,-0.013337948359549046
29,1,0.0,-0.02492365799844265
29,2,0.0,-0.0035726535134017467
29,3,0.0,-0.024207012727856636
30,0,0.0,0.006476831156760454
30,1,0.0,-0.0067443507723510265
30,2,0.0,-0.0074269589968025684
30,3,0.0,0.020330756902694702
31,0,0.0,-0.026820488274097443
31,1,0.0,-0.0033585038036108017
31,2,0.0,-0.004757625050842762
31,3,0.0,0.027143562212586403
32,0,0.0,-0.04458148777484894
32,1,0.0,0.0039107599295675755
32,2,0.0,-0.01602601446211338
32,3,0.0,-0.02861880511045456
33,0,0.0,0.052993591874837875
33,1,0.0,0.06328810751438141
33,2,0.0,-0.07109803706407547
33,3,0.0,0.0003332210471853614
34,0,0.0,0.06405434757471085
34,1,0.0,-0.0017242770409211516
34,2,0.0,0.04949881136417389
34,3,0.0,0.015380019322037697
35,0,0.0,-0.11579350382089615
35,1,0.0,-4.4099297156208195e-06
35,2,0.0,-0.004819330759346485
35,3,0.0,-0.019267767667770386
36,0,0.0,0.0014684897614642978
36,1,0.0,-0.015130389481782913
36,2,0.0,-0.008502043783664703
36,3,0.0,-0.0005799284554086626
37,0,0.0,-0.021184425801038742
37,1,0.0,0.042683668434619904
37,2,0.0,-0.009472950361669064
37,3,0.0,-0.04692864790558815
38,0,0.0,-0.008883953094482422
38,1,0.0,0.050448767840862274
38,2,0.0,-0.00032075736089609563
38,3,0.0,-0.004324955400079489
39,0,0.0,0.07816606014966965
39,1,0.0,0.005177133250981569
39,2,0.0,-0.019181588664650917
39,3,0.0,-0.013144820928573608
40,0,0.0,0.01281250361353159
40,1,0.0,-0.016929451376199722
40,2,0.0,-0.027263041585683823
40,3,0.0,0.023982316255569458
41,0,0.0,0.03469730168581009
41,1,0.0,-0.007485455367714167
41,2,0.0,-0.026769712567329407
41,3,0.0,-0.0023396234028041363
42,0,0.0,-0.0042625353671610355
42,1,0.0,-0.03633301705121994
42,2,0.0,-0.009832537733018398
42,3,0.0,-0.0003007846244145185
43,0,0.0,-0.0002352528099436313
43,1,0.0,-0.008118783123791218
43,2,0.0,0.004587170202285051
43,3,0.0,-0.013359671458601952
44,0,0.0,-0.07347575575113297
44,1,0.0,-0.0024343435652554035
44,2,0.0,0.005605934653431177
44,3,0.0,0.0055294344201684
45,0,0.0,0.004688092973083258
45,1,0.0,0.028814541175961494
45,2,0.0,0.1633414477109909
45,3,0.0,0.003710829885676503
46,0,0.0,-0.03742034360766411
46,1,0.0,0.0033921494614332914
46,2,0.0,-0.03120005689561367
46,3,0.0,-0.01174625288695097
47,0,0.0,-0.016594646498560905
47,1,0.0,-0.009137213230133057
47,2,0.0,-0.016464347019791603
47,3,0.0,0.017621753737330437
48,0,0.0,-0.006274427752941847
48,1,0.0,0.0368211567401886
48,2,0.0,0.020615221932530403
48,3,0.0,0.03683006018400192
49,0,0.0,0.01483675092458725
49,1,0.0,-0.0007749615469947457
49,2,0.0,-4.8065659939311445e-05
49,3,0.0,0.017389360815286636
50,0,0.0,-0.0005493246717378497
50,1,0.0,0.04314851015806198
50,2,0.0,-0.0027973458636552095
50,3,0.0,-0.01616768352687359
51,0,0.0,0.0057528396137058735
51,1,0.0,-0.042942121624946594
51,2,0.0,0.0023625991307199
51,3,0.0,-0.01001073606312275
52,0,0.0,0.001914812484756112
52,1,0.0,0.0005218931473791599
52,2,0.0,0.014922590926289558
52,3,0.0,0.08818717300891876
53,0,0.0,0.008181375451385975
53,1,0.0,-0.025087587535381317
53,2,0.0,-0.0908883586525917
53,3,0.0,0.09532716125249863
54,0,0.0,0.0017128938343375921
54,1,0.0,-0.001465090666897595
54,2,0.0,0.006237836554646492
54,3,0.0,0.007344154641032219
55,0,0.0,0.062267519533634186
55,1,0.0,-0.024956854060292244
55,2,0.0,-0.05404207482933998
55,3,0.0,0.026523439213633537
56,0,0.0,-0.026705125346779823
56,1,0.0,0.024174531921744347
56,2,0.0,-0.023181868717074394
56,3,0.0,-0.005658990237861872
57,0,0.0,-0.0002085043233819306
57,1,0.0,-0.029385080561041832
57,2,0.0,0.005765559151768684
57,3,0.0,0.007206649053841829
58,0,0.0,0.001983985770493746
58,1,0.0,-0.0109019186347723
58,2,0.0,-0.001631030347198248
58,3,0.0,0.006077243946492672
59,0,0.0,0.0019710471387952566
59,1,0.0,0.04093925654888153
59,2,0.0,-0.020664149895310402
59,3,0.0,-0.0007835676078684628
60,0,0.0,0.00010860502516152337
60,1,0.0,-0.0057450407184660435
60,2,0.0,-0.02195320464670658
60,3,0.0,-0.050272874534130096
61,0,0.0,-0.021841511130332947
61,1,0.0,0.02407950535416603
61,2,0.0,-0.00549453916028142
61,3,0.0,-0.03542787581682205
62,0,0.0,0.060995765030384064
62,1,0.0,-0.03405868262052536
62,2,0.0,-0.00013760138244833797
62,3,0.0,0.0018208472756668925
63,0,0.0,-0.03812214359641075
63,1,0.0,-0.012014617212116718
63,2,0.0,0.06584157049655914
63,3,0.0,0.011694051325321198
64,0,0.0,-0.009099340066313744
64,1,0.0,0.028386812657117844
64,2,0.0,-0.01777563989162445
64,3,0.0,0.015893660485744476
65,0,0.0,-0.01889895088970661
65,1,0.0,0.034387316554784775
65,2,0.0,-0.04342224448919296
65,3,0.0,-0.013247589580714703
66,0,0.0,0.015438391827046871
66,1,0.0,-0.0036834455095231533
66,2,0.0,-0.025579536333680153
66,3,0.0,-0.0002375361800659448
67,0,0.0,0.001633864245377481
67,1,0.0,-0.017735151574015617
67,2,0.0,0.010388659313321114
67,3,0.0,0.03128552809357643
68,0,0.0,0.013977618888020515
68,1,0.0,-0.011477163061499596
68,2,0.0,0.013352948240935802
68,3,0.0,-0.0047250837087631226
69,0,0.0,-0.04545009881258011
69,1,0.0,-0.015682050958275795
69,2,0.0,-0.004628606606274843
69,3,0.0,0.0033490320201963186
70,0,0.0,-0.004136281553655863
70,1,0.0,0.008047345094382763
70,2,0.0,0.003289469052106142
70,3,0.0,0.010517754592001438
71,0,0.0,0.047127749770879745
71,1,0.0,-0.015664400532841682
71,2,0.0,-0.007231077644973993
71,3,0.0,0.002262615133076906
72,0,0.0,0.000695320253726095
72,1,0.0,-0.0034172844607383013
72,2,0.0,0.020704949274659157
72,3,0.0,-0.00044959349907003343
73,0,0.0,-0.04113246873021126
73,1,0.0,0.031253036111593246
73,2,0.0,-0.0026637243572622538
73,3,0.0,0.015501332469284534
74,0,0.0,0.008561674505472183
74,1,0.0,0.0008565154275856912
74,2,0.0,0.06541294604539871
74,3,0.0,-0.0022667446173727512
75,0,0.0,-0.001147645409218967
75,1,0.0,0.05486031621694565
75,2,0.0,0.026071369647979736
75,3,0.0,-0.05101475119590759
76,0,0.0,0.05560232326388359
76,1,0.0,-0.08509184420108795
76,2,0.0,-0.015355201438069344
76,3,0.0,0.00011155376705573872
77,0,0.0,0.007567829918116331
77,1,0.0,0.09788713604211807
77,2,0.0,0.041692718863487244
77,3,0.0,0.0032718328293412924
78,0,0.0,-0.016237961128354073
78,1,0.0,-0.006016336847096682
78,2,0.0,-0.014440607279539108
78,3,0.0,-0.01967543736100197
79,0,0.0,-0.0017726178048178554
79,1,0.0,-0.02117442525923252
79,2,0.0,-0.004506892524659634
79,3,0.0,-0.004240524955093861
80,0,0.0,-0.03546422719955444
80,1,0.0,0.05067892372608185
80,2,0.0,0.014367576688528061
80,3,0.0,-0.008769105188548565
81,0,0.0,-0.010183067061007023
81,1,0.0,0.0002516401873435825
81,2,0.0,-0.0010197397787123919
81,3,0.0,-0.025518296286463737
82,0,0.0,0.01664639078080654
82,1,0.0,-0.03330168500542641
82,2,0.0,0.025900764390826225
82,3,0.0,0.0017206878401339054
83,0,0.0,-0.0008212897228077054
83,1,0.0,0.004121996462345123
83,2,0.0,-0.018395205959677696
83,3,0.0,0.014784333296120167
84,0,0.0,0.06167647987604141
84,1,0.0,0.0005121607100591063
84,2,0.0,0.0321020670235157
84,3,0.0,-0.0032371035777032375
85,0,0.0,0.035534389317035675
85,1,0.0,-0.001422507339157164
85,2,0.0,-0.028924448415637016
85,3,0.0,0.029177313670516014
86,0,0.0,0.02388724684715271
86,1,0.0,-0.00018177038873545825
86,2,0.0,0.01164820697158575
86,3,0.0,-0.04031802713871002
87,0,0.0,0.032185349613428116
87,1,0.0,-0.0073340595699846745
87,2,0.0,-0.026700738817453384
87,3,0.0,-0.013877363875508308
88,0,0.0,-0.02710062637925148
88,1,0.0,-0.02315019629895687
88,2,0.0,0.0347491018474102
88,3,0.0,0.003575102426111698
89,0,0.0,-0.0007294114911928773
89,1,0.0,0.0007292558439075947
89,2,0.0,-0.03010326810181141
89,3,0.0,0.00643019936978817
90,0,0.0,0.0005273275310173631
90,1,0.0,-0.022973181679844856
90,2,0.0,-0.027612458914518356
90,3,0.0,-0.0006433528615161777
91,0,0.0,0.024677639827132225
91,1,0.0,-0.007989817298948765
91,2,0.0,0.012701215222477913
91,3,0.0,-0.001205653534270823
92,0,0.0,-0.051792584359645844
92,1,0.0,0.00037319192779250443
92,2,0.0,0.007658911403268576
92,3,0.0,-0.008109495975077152
93,0,0.0,-0.010253950953483582
93,1,0.0,0.006557648070156574
93,2,0.0,-0.00015928853827062994
93,3,0.0,-0.054439809173345566
94,0,0.0,0.02527294121682644
94,1,0.0,-0.003261957550421357
94,2,0.0,0.00391748221591115
94,3,0.0,0.006010456010699272
95,0,0.0,-0.008565401658415794
95,1,0.0,-0.040712788701057434
95,2,0.0,-0.031971726566553116
95,3,0.0,-0.03211059421300888
96,0,0.0,-0.003232840681448579
96,1,0.0,-0.059723224490880966
96,2,0.0,0.0042790258303284645
96,3,0.0,0.0020776076707988977
97,0,0.0,-0.0042586312629282475
97,1,0.0,-0.016609568148851395
97,2,0.0,0.003107836004346609
97,3,0.0,-0.0834156721830368
98,0,0.0,0.010376594960689545
98,1,0.0,-0.05493825301527977
98,2,0.0,0.011192986741662025
98,3,0.0,0.05972282961010933
99,0,0.0,0.04432421550154686
99,1,0.0,-0.00826223660260439
99,2,0.0,0.003126450115814805
99,3,0.0,0.015639834105968475
100,0,0.0,0.061728257685899734
100,1,0.0,0.010702249594032764
100,2,0.0,0.002467706333845854
100,3,0.0,0.04145867004990578
101,0,0.0,-0.01412765122950077
101,1,0.0,-0.00880601815879345
101,2,0.0,-0.036019232124090195
101,3,0.0,0.03178653493523598
102,0,0.0,0.007473174948245287
102,1,0.0,0.017569711431860924
102,2,0.0,0.004477857146412134
102,3,0.0,-0.0033718107733875513
103,0,0.0,0.0018859177362173796
103,1,0.0,-0.022887997329235077
103,2,0.0,-0.007724212482571602
103,3,0.0,0.016587529331445694
104,0,0.0,-0.011640006676316261
104,1,0.0,0.0018420275300741196
104,2,0.0,-0.027290550991892815
104,3,0.0,-0.006953448057174683
105,0,0.0,0.0119525957852602
105,1,0.0,-0.0023233024403452873
105,2,0.0,-0.01088828593492508
105,3,0.0,0.027710815891623497
106,0,0.0,-0.004069183021783829
106,1,0.0,-0.04724488779902458
106,2,0.0,0.005824364256113768
106,3,0.0,-0.011142974719405174
107,0,0.0,-0.012952081859111786
107,1,0.0,-0.0014477901859208941
107,2,0.0,0.04171597585082054
107,3,0.0,0.004504650365561247
108,0,0.0,0.017274530604481697
108,1,0.0,-0.03169342875480652
108,2,0.0,-0.022217806428670883
108,3,0.0,0.006449724081903696
109,0,0.0,0.0050219339318573475
109,1,0.0,0.032022904604673386
109,2,0.0,0.0019333141390234232
109,3,0.0,0.024520007893443108
110,0,0.0,0.07178277522325516
110,1,0.0,-0.008222757838666439
110,2,0.0,0.030423687770962715
110,3,0.0,0.07740768790245056
111,0,0.0,0.005665627308189869
111,1,0.0,-0.012424193322658539
111,2,0.0,-0.01736491732299328
111,3,0.0,0.019066687673330307
112,0,0.0,0.0010703459847718477
112,1,0.0,-0.07700089365243912
112,2,0.0,-0.010710560716688633
112,3,0.0,-0.035602811723947525
113,0,0.0,-0.004352739546447992
113,1,0.0,0.06552184373140335
113,2,0.0,-0.02470187284052372
113,3,0.0,0.018371157348155975
114,0,0.0,-0.025370314717292786
114,1,0.0,-0.012000903487205505
114,2,0.0,-0.034654371440410614
114,3,0.0,-0.05500856041908264
115,0,0.0,0.0004770958621520549
115,1,0.0,-0.030321042984724045
115,2,0.0,-0.023123545572161674
115,3,0.0,0.004124884493649006
116,0,0.0,-0.01579713262617588
116,1,0.0,0.004730238579213619
116,2,0.0,-0.009625870734453201
116,3,0.0,-0.013547873124480247
117,0,0.0,0.06815730035305023
117,1,0.0,0.008779572322964668
117,2,0.0,0.02270125411450863
117,3,0.0,0.01326827984303236
118,0,0.0,0.009863579645752907
118,1,0.0,-0.018185148015618324
118,2,0.0,0.004085836932063103
118,3,0.0,-0.042029254138469696
119,0,0.0,-0.0032572082709521055
119,1,0.0,-0.002079922240227461
119,2,0.0,0.010697615332901478
119,3,0.0,0.03709300607442856
120,0,0.0,0.013802500441670418
120,1,0.0,-0.004174433182924986
120,2,0.0,0.00859417300671339
120,3,0.0,0.0013165760319679976
121,0,0.0,-0.011522124521434307
121,1,0.0,-0.0012672849697992206
121,2,0.0,0.03150949254631996
121,3,0.0,-0.048326991498470306
122,0,0.0,0.014337193220853806
122,1,0.0,0.005645164754241705
122,2,0.0,0.004052013624459505
122,3,0.0,0.06569445133209229
123,0,0.0,-0.003315695794299245
123,1,0.0,-0.01912485435605049
123,2,0.0,0.02019212394952774
123,3,0.0,-0.04778456315398216
124,0,0.0,-0.0060022794641554356
124,1,0.0,-0.00437322398647666
124,2,0.0,-0.07523970305919647
124,3,0.0,0.03593291714787483
125,0,0.0,-0.009796141646802425
125,1,0.0,-0.00581784825772047
125,2,0.0,-0.061994463205337524
125,3,0.0,-0.0038926247507333755
126,0,0.0,-0.02924506738781929
126,1,0.0,0.047608859837055206
126,2,0.0,0.047496844083070755
126,3,0.0,0.05825323238968849
127,0,0.0,-0.0006941547617316246
127,1,0.0,0.0063097188249230385
127,2,0.0,0.045554619282484055
127,3,0.0,0.019228346645832062
128,0,0.0,-0.04337725415825844
128,1,0.0,0.01688619703054428
128,2,0.0,-0.038986001163721085
128,3,0.0,-0.023152628913521767
129,0,0.0,0.015947623178362846
129,1,0.0,-0.0013285581953823566
129,2,0.0,0.03286997601389885
129,3,0.0,-0.010623149573802948
130,0,0.0,0.003752008778974414
130,1,0.0,0.0002722322242334485
130,2,0.0,-0.02507336623966694
130,3,0.0,-0.08381538838148117
131,0,0.0,0.007461461704224348
131,1,0.0,-0.004998829215764999
131,2,0.0,-0.014891423285007477
131,3,0.0,-0.059134915471076965
132,0,0.0,-0.03735914081335068
132,1,0.0,-0.0037903604097664356
132,2,0.0,-0.0026719721499830484
132,3,0.0,0.005181189626455307
133,0,0.0,0.0045260777696967125
133,1,0.0,6.661105726379901e-05
133,2,0.0,0.007369031198322773
133,3,0.0,0.0005647839861921966
134,0,0.0,0.0014199456200003624
134,1,0.0,0.01650938019156456
134,2,0.0,-0.002414965070784092
134,3,0.0,-0.033867381513118744
135,0,0.0,0.02578563801944256
135,1,0.0,-0.025843778625130653
135,2,0.0,-9.781871995073743e-06
135,3,0.0,0.0023228556383401155
136,0,0.0,0.015988802537322044
136,1,0.0,-0.02994680218398571
136,2,0.0,0.02085752598941326
136,3,0.0,0.04302934929728508
137,0,0.0,0.019912244752049446
137,1,0.0,-0.022289544343948364
137,2,0.0,-0.002024638932198286
137,3,0.0,0.02582501992583275
138,0,0.0,-0.013006127439439297
138,1,0.0,0.004523131530731916
138,2,0.0,-0.0489758625626564
138,3,0.0,0.013690466992557049
139,0,0.0,-0.051054466515779495
139,1,0.0,-4.4018855987815186e-05
139,2,0.0,-0.028864523395895958
139,3,0.0,-0.025299854576587677
140,0,0.0,0.032998282462358475
140,1,0.0,-0.002997040282934904
140,2,0.0,0.007228520233184099
140,3,0.0,-0.0010273753432556987
141,0,0.0,0.0008216238929890096
141,1,0.0,0.0014799009077250957
141,2,0.0,-0.0037845985498279333
141,3,0.0,0.0070500983856618404
142,0,0.0,0.0034422725439071655
142,1,0.0,-0.006337507162243128
142,2,0.0,-0.017009209841489792
142,3,0.0,-0.08148862421512604
143,0,0.0,-0.002130772452801466
143,1,0.0,0.017816387116909027
143,2,0.0,0.06403066217899323
143,3,0.0,-0.0055965231731534
144,0,0.0,-0.002986601088196039
144,1,0.0,0.0028385438490659
144,2,0.0,-0.0014780617784708738
144,3,0.0,0.04007987305521965
145,0,0.0,0.004962981678545475
145,1,0.0,-0.030452176928520203
145,2,0.0,-0.012336703948676586
145,3,0.0,0.006325630471110344
146,0,0.0,-0.0546739362180233
146,1,0.0,-0.04686488211154938
146,2,0.0,-0.018945835530757904
146,3,0.0,-0.04352089762687683
147,0,0.0,-0.015011361800134182
147,1,0.0,0.0026800725609064102
147,2,0.0,-0.04593419283628464
147,3,0.0,-0.0501694455742836
148,0,0.0,0.01883373036980629
148,1,0.0,-0.002890352625399828
148,2,0.0,-0.004602598492056131
148,3,0.0,0.04505705460906029
149,0,0.0,-0.058528169989585876
149,1,0.0,0.011841944418847561
149,2,0.0,0.006428644526749849
149,3,0.0,-0.000337476609274745
150,0,0.0,0.0030904277227818966
150,1,0.0,0.0057375566102564335
150,2,0.0,-0.0288392286747694
150,3,0.0,-0.003692202502861619
151,0,0.0,-0.0080528873950243
151,1,0.0,-0.036963675171136856
151,2,0.0,-0.0676509365439415
151,3,0.0,-0.04216761514544487
152,0,0.0,-0.031091131269931793
152,1,0.0,0.03398735821247101
152,2,0.0,-0.029353829100728035
152,3,0.0,-0.019841374829411507
153,0,0.0,0.004962361417710781
153,1,0.0,-0.04613666981458664
153,2,0.0,-0.040468305349349976
153,3,0.0,-0.029822198674082756
154,0,0.0,0.023075107485055923
154,1,0.0,0.014675123617053032
154,2,0.0,0.0007213401258923113
154,3,0.0,-0.035224542021751404
155,0,0.0,0.0005792047013528645
155,1,0.0,0.00667536910623312
155,2,0.0,-0.01233324408531189
155,3,0.0,0.03636305034160614
156,0,0.0,0.007884846068918705
156,1,0.0,0.026819363236427307
156,2,0.0,0.06803512573242188
156,3,0.0,-0.004699703771620989
157,0,0.0,-0.04753151163458824
157,1,0.0,0.001658592838793993
157,2,0.0,0.010483858175575733
157,3,0.0,0.016811344772577286
158,0,0.0,-0.02658412605524063
158,1,0.0,-0.002251796191558242
158,2,0.0,-0.0004935514880344272
158,3,0.0,0.02001713216304779
159,0,0.0,0.05141041800379753
159,1,0.0,0.07049575448036194
159,2,0.0,0.015978455543518066
159,3,0.0,0.011744423769414425
160,0,0.0,0.03669020161032677
160,1,0.0,-0.042570505291223526
160,2,0.0,-0.07638676464557648
160,3,0.0,-0.011270648799836636
161,0,0.0,-0.006991221569478512
161,1,0.0,-0.03728528693318367
161,2,0.0,-0.034756533801555634
161,3,0.0,-0.010926184244453907
162,0,0.0,0.08431223034858704
162,1,0.0,0.006313088815659285
162,2,0.0,-0.0008481463883072138
162,3,0.0,0.033483006060123444
163,0,0.0,-0.0004273293598089367
163,1,0.0,0.023457344621419907
163,2,0.0,0.005826115608215332
163,3,0.0,-0.030110115185379982
164,0,0.0,-0.006614192854613066
164,1,0.0,0.012866193428635597
164,2,0.0,0.004265711642801762
164,3,0.0,-0.014568100683391094
165,0,0.0,-0.013352025300264359
165,1,0.0,0.04380485415458679
165,2,0.0,-0.0013448522659018636
165,3,0.0,-0.007663623429834843
166,0,0.0,-0.028307534754276276
166,1,0.0,-0.013143111951649189
166,2,0.0,0.00044739458826370537
166,3,0.0,0.015586860477924347
167,0,0.0,0.02640029601752758
167,1,0.0,-0.004076141398400068
167,2,0.0,0.004388094879686832
167,3,0.0,0.0471336729824543
168,0,0.0,0.04929663985967636
168,1,0.0,0.033007584512233734
168,2,0.0,-0.03115932270884514
168,3,0.0,0.027676168829202652
169,0,0.0,0.02244737558066845
169,1,0.0,0.0011544034350663424
169,2,0.0,-0.020318198949098587
169,3,0.0,-0.014707164838910103
170,0,0.0,0.0011903663398697972
170,1,0.0,0.004120605997741222
170,2,0.0,-0.007280360441654921
170,3,0.0,-0.02427179552614689
171,0,0.0,0.0038021556101739407
171,1,0.0,-0.007782209664583206
171,2,0.0,0.029196271672844887
171,3,0.0,0.017170127481222153
172,0,0.0,-0.09623419493436813
172,1,0.0,0.0347907654941082
172,2,0.0,0.0649103969335556
172,3,0.0,-0.010918136686086655
173,0,0.0,-0.013877443969249725
173,1,0.0,0.01616906002163887
173,2,0.0,0.0015246998518705368
173,3,0.0,0.00761991273611784
174,0,0.0,0.0025218429509550333
174,1,0.0,-0.021552929654717445
174,2,0.0,-0.037799619138240814
174,3,0.0,-0.002630408853292465
175,0,0.0,0.01734347641468048
175,1,0.0,-0.0017404857790097594
175,2,0.0,0.01626029796898365
175,3,0.0,0.013020411133766174
176,0,0.0,-0.054647788405418396
176,1,0.0,0.014032908715307713
176,2,0.0,-0.05264833942055702
176,3,0.0,0.009295014664530754
177,0,0.0,-5.471313852467574e-05
177,1,0.0,0.005182791035622358
177,2,0.0,-0.008794196881353855
177,3,0.0,0.004521384835243225
178,0,0.0,-0.002295316895470023
178,1,0.0,-0.011505498550832272
178,2,0.0,-0.020420996472239494
178,3,0.0,0.000851992575917393
179,0,0.0,0.015457181259989738
179,1,0.0,0.004309672396630049
179,2,0.0,0.004138129763305187
179,3,0.0,0.017111871391534805
180,0,0.0,0.01652948185801506
180,1,0.0,-0.025690030306577682
180,2,0.0,0.0013400791212916374
180,3,0.0,0.03174236789345741
181,0,0.0,0.002218079287558794
181,1,0.0,-0.02099847048521042
181,2,0.0,-0.011418171226978302
181,3,0.0,-0.02350451424717903
182,0,0.0,0.0013146850978955626
182,1,0.0,-0.02768353559076786
182,2,0.0,0.060052040964365005
182,3,0.0,-0.0013024316867813468
183,0,0.0,-0.016745982691645622
183,1,0.0,0.06051705777645111
183,2,0.0,0.003200496779754758
183,3,0.0,0.006118659395724535
184,0,0.0,-0.02158757857978344
184,1,0.0,0.009785046800971031
184,2,0.0,-0.007202676497399807
184,3,0.0,-0.0008962356951087713
185,0,0.0,0.018899064511060715
185,1,0.0,-0.0002669213281478733
185,2,0.0,0.008478092029690742
185,3,0.0,-0.033881865441799164
186,0,0.0,-0.01454771589487791
186,1,0.0,-0.09679736196994781
186,2,0.0,0.00038633006624877453
186,3,0.0,-0.0211689081043005
187,0,0.0,0.006237418856471777
187,1,0.0,0.034391481429338455
187,2,0.0,0.0009311081375926733
187,3,0.0,-0.01723211444914341
188,0,0.0,0.008845715783536434
188,1,0.0,-0.03194603696465492
188,2,0.0,0.00021472045045811683
188,3,0.0,0.004245304502546787
189,0,0.0,0.027837593108415604
189,1,0.0,-0.022611062973737717
189,2,0.0,0.035221368074417114
189,3,0.0,-0.012546985410153866
190,0,0.0,-0.0374499075114727
190,1,0.0,-0.04826081171631813
190,2,0.0,-0.009489431045949459
190,3,0.0,0.07018443197011948
191,0,0.0,-0.004270549863576889
191,1,0.0,0.0707152783870697
191,2,0.0,0.01583554781973362
191,3,0.0,-0.059250809252262115
192,0,0.0,-0.041331544518470764
192,1,0.0,-0.03012213110923767
192,2,0.0,-0.0437188483774662
192,3,0.0,-0.0019716087263077497
193,0,0.0,0.01839088648557663
193,1,0.0,0.020465021952986717
193,2,0.0,0.09014209359884262
193,3,0.0,-0.006310305558145046
194,0,0.0,0.033380359411239624
194,1,0.0,-0.029162580147385597
194,2,0.0,-0.07009488344192505
194,3,0.0,0.02357644960284233
195,0,0.0,-0.016336267814040184
195,1,0.0,0.04443018510937691
195,2,0.0,-0.003953249659389257
195,3,0.0,-0.004562542773783207
196,0,0.0,0.010761881247162819
196,1,0.0,-0.012909083627164364
196,2,0.0,-0.012966384179890156
196,3,0.0,0.01368265226483345
197,0,0.0,0.011022062972187996
197,1,0.0,-0.014031349681317806
197,2,0.0,0.011919468641281128
197,3,0.0,0.011027214117348194
198,0,0.0,-0.0001231597561854869
198,1,0.0,-0.07713254541158676
198,2,0.0,0.0041070422157645226
198,3,0.0,-0.020533306524157524
199,0,0.0,-0.0251220241189003
199,1,0.0,-0.00601841090247035
199,2,0.0,-0.006963280960917473
199,3,0.0,-0.01766059920191765
200,0,0.0,0.004860458429902792
200,1,0.0,0.00873688142746687
200,2,0.0,0.012652142904698849
200,3,0.0,0.0011639985023066401
201,0,0.0,0.010700380429625511
201,1,0.0,-0.05381632596254349
201,2,0.0,-0.043257128447294235
201,3,0.0,0.0024924983736127615
202,0,0.0,-0.0032435122411698103
202,1,0.0,-0.006542446091771126
202,2,0.0,0.0030863196589052677
202,3,0.0,0.0013158171204850078
203,0,0.0,0.04362083971500397
203,1,0.0,-0.0005349049461074173
203,2,0.0,-0.015848308801651
203,3,0.0,-0.0028755422681570053
204,0,0.0,0.01221268717199564
204,1,0.0,0.003700590692460537
204,2,0.0,0.012568341568112373
204,3,0.0,0.0026838069315999746
205,0,0.0,0.00039819712401367724
205,1,0.0,0.0598963238298893
205,2,0.0,0.0028833039104938507
205,3,0.0,-0.028276212513446808
206,0,0.0,-0.025225799530744553
206,1,0.0,0.009302577003836632
206,2,0.0,-0.019290301948785782
206,3,0.0,0.002156314440071583
207,0,0.0,-0.00030560287996195257
207,1,0.0,-0.009246895089745522
207,2,0.0,-0.030967578291893005
207,3,0.0,0.01936626248061657
208,0,0.0,-0.001598092494532466
208,1,0.0,0.0033401092514395714
208,2,0.0,0.00912824459373951
208,3,0.0,-0.08944264054298401
209,0,0.0,-0.00026656509726308286
209,1,0.0,-0.004512048792093992
209,2,0.0,-0.010705625638365746
209,3,0.0,-0.007471022661775351
210,0,0.0,-0.006796569097787142
210,1,0.0,-0.028273867443203926
210,2,0.0,0.04173024371266365
210,3,0.0,0.11649692803621292
211,0,0.0,-0.009765511378645897
211,1,0.0,0.033557433634996414
211,2,0.0,0.07624710351228714
211,3,0.0,0.008488421328365803
212,0,0.0,-0.020488476380705833
212,1,0.0,-0.017805270850658417
212,2,0.0,0.00013885050429962575
212,3,0.0,-0.0009150032419711351
213,0,0.0,0.001686052419245243
213,1,0.0,0.027580052614212036
213,2,0.0,0.01966997981071472
213,3,0.0,-0.015156865119934082
214,0,0.0,0.007109942380338907
214,1,0.0,0.004912731237709522
214,2,0.0,-0.02222178317606449
214,3,0.0,0.0276601891964674
215,0,0.0,-0.011777441948652267
215,1,0.0,0.0363164097070694
215,2,0.0,0.03748762607574463
215,3,0.0,0.040924765169620514
216,0,0.0,0.02285315841436386
216,1,0.0,-0.036023374646902084
216,2,0.0,0.04709937423467636
216,3,0.0,0.0030776048079133034
217,0,0.0,0.04113484174013138
217,1,0.0,-0.022947752848267555
217,2,0.0,0.0019488731632009149
217,3,0.0,-0.007882976904511452
218,0,0.0,0.014813262037932873
218,1,0.0,-0.00015546014765277505
218,2,0.0,-0.0020268901716917753
218,3,0.0,0.0040643103420734406
219,0,0.0,0.04596336930990219
219,1,0.0,0.008030345663428307
219,2,0.0,-0.06519804894924164
219,3,0.0,0.0002829233999364078
220,0,0.0,0.04512111470103264
220,1,0.0,0.004204617813229561
220,2,0.0,0.003941736649721861
220,3,0.0,9.121223411057144e-05
221,0,0.0,-0.03638041391968727
221,1,0.0,0.01700304076075554
221,2,0.0,-0.012911088764667511
221,3,0.0,0.04477160796523094
222,0,0.0,0.010341973043978214
222,1,0.0,-0.014911242760717869
222,2,0.0,-0.008219568990170956
222,3,0.0,-0.01224051509052515
223,0,0.0,-0.008242192678153515
223,1,0.0,-0.013780729845166206
223,2,0.0,0.01996440999209881
223,3,0.0,0.053418733179569244
224,0,0.0,-0.014792131260037422
224,1,0.0,0.03135386481881142
224,2,0.0,0.003643464297056198
224,3,0.0,0.0012575084110721946
225,0,0.0,-0.0514463447034359
225,1,0.0,0.0607021227478981
225,2,0.0,-0.025275738909840584
225,3,0.0,0.006355768069624901
226,0,0.0,-0.019551388919353485
226,1,0.0,-0.00921456329524517
226,2,0.0,-0.017941046506166458
226,3,0.0,0.04094765707850456
227,0,0.0,-0.03935825452208519
227,1,0.0,0.05088129639625549
227,2,0.0,-0.04152039438486099
227,3,0.0,-0.007302472833544016
228,0,0.0,-0.0019354636315256357
228,1,0.0,-0.0023849818389862776
228,2,0.0,-0.043941617012023926
228,3,0.0,-0.0033302900847047567
229,0,0.0,0.005869571585208178
229,1,0.0,-0.008980046957731247
229,2,0.0,-0.05260239914059639
229,3,0.0,-0.026758454740047455
230,0,0.0,0.00631283363327384
230,1,0.0,-0.007437510881572962
230,2,0.0,-0.015955908223986626
230,3,0.0,0.005155251361429691
231,0,0.0,-0.0005706364754587412
231,1,0.0,0.028060035780072212
231,2,0.0,0.007498927880078554
231,3,0.0,0.0006407513865269721
232,0,0.0,-0.000261091161519289
232,1,0.0,-0.035141587257385254
232,2,0.0,0.005623070057481527
232,3,0.0,-0.02596680447459221
233,0,0.0,-0.030705876648426056
233,1,0.0,-0.0034184008836746216
233,2,0.0,0.00865379348397255
233,3,0.0,-0.007209304254502058
234,0,0.0,-0.0066183689050376415
234,1,0.0,0.018154406920075417
234,2,0.0,-0.0023632936645299196
234,3,0.0,-0.0018792101182043552
235,0,0.0,-0.09066170454025269
235,1,0.0,0.030835535377264023
235,2,0.0,0.012771965004503727
235,3,0.0,0.011928238905966282
236,0,0.0,0.00642247823998332
236,1,0.0,-0.0029569307807832956
236,2,0.0,0.00415212893858552
236,3,0.0,-0.020770369097590446
237,0,0.0,-0.027291543781757355
237,1,0.0,-0.060091231018304825
237,2,0.0,-0.00710574584081769
237,3,0.0,0.001829274813644588
238,0,0.0,-0.07213614881038666
238,1,0.0,0.024438045918941498
238,2,0.0,0.022506989538669586
238,3,0.0,-0.00756251672282815
239,0,0.0,0.020330140367150307
239,1,0.0,-0.017468631267547607
239,2,0.0,-0.014341543428599834
239,3,0.0,0.015361363068223
240,0,0.0,0.024574415758252144
240,1,0.0,0.01999041996896267
240,2,0.0,-0.006466896738857031
240,3,0.0,-0.000984216807410121
241,0,0.0,-0.016607798635959625
241,1,0.0,0.005403835792094469
241,2,0.0,-0.009276109747588634
241,3,0.0,0.012425013817846775
242,0,0.0,-0.03203520178794861
242,1,0.0,0.0078694773837924
242,2,0.0,-0.001407176605425775
242,3,0.0,-0.0057100290432572365
243,0,0.0,-0.010547584854066372
243,1,0.0,0.0008571519865654409
243,2,0.0,-0.034662481397390366
243,3,0.0,-0.016562385484576225
244,0,0.0,0.021546918898820877
244,1,0.0,-0.04404716193675995
244,2,0.0,0.0030563613399863243
244,3,0.0,0.052633631974458694
245,0,0.0,-0.0018255910836160183
245,1,0.0,0.012302961200475693
245,2,0.0,-0.020853938534855843
245,3,0.0,-0.0476035550236702
246,0,0.0,-0.07710488140583038
246,1,0.0,-0.00116162549238652
246,2,0.0,0.009435972198843956
246,3,0.0,0.0010457149473950267
247,0,0.0,0.013038838282227516
247,1,0.0,-0.003997988533228636
247,2,0.0,-0.03636237978935242
247,3,0.0,0.00829361006617546
248,0,0.0,-0.015500619076192379
248,1,0.0,-0.0016545150429010391
248,2,0.0,-0.04540814086794853
248,3,0.0,-0.01397863682359457
249,0,0.0,0.023097163066267967
249,1,0.0,-0.004505523946136236
249,2,0.0,0.008210517466068268
249,3,0.0,-0.0010222699493169785
250,0,0.0,0.009930906817317009
250,1,0.0,-0.0885479524731636
250,2,0.0,-0.014780047349631786
250,3,0.0,0.0003243261016905308
251,0,0.0,-0.011311243288218975
251,1,0.0,-0.001523683313280344
251,2,0.0,-0.01200175192207098
251,3,0.0,0.05514094978570938
252,0,0.0,0.02098657935857773
252,1,0.0,-0.020491618663072586
252,2,0.0,-0.0009603241924196482
252,3,0.0,-0.012363863177597523
253,0,0.0,0.00037623447133228183
253,1,0.0,0.005152745172381401
253,2,0.0,0.03351577743887901
253,3,0.0,0.026772599667310715
254,0,0.0,0.008088386617600918
254,1,0.0,-0.01655452884733677
254,2,0.0,0.04803037270903587
254,3,0.0,0.052596017718315125
255,0,0.0,0.013681408949196339
255,1,0.0,-0.02032230608165264
255,2,0.0,0.02540496550500393
255,3,0.0,-0.00869871024042368
256,0,0.0,0.003671934362500906
256,1,0.0,-0.00045731206773780286
256,2,0.0,-0.05314580351114273
256,3,0.0,-0.022807806730270386
257,0,0.0,-0.010834937915205956
257,1,0.0,0.030968917533755302
257,2,0.0,-0.027110392227768898
257,3,0.0,0.012021239846944809
258,0,0.0,-0.00810615811496973
258,1,0.0,-0.02032090537250042
258,2,0.0,-0.009327048435807228
258,3,0.0,-0.003801965154707432
259,0,0.0,-0.011140057817101479
259,1,0.0,0.022071488201618195
259,2,0.0,0.008261562325060368
259,3,0.0,-0.035136330872774124
260,0,0.0,0.0012487525818869472
260,1,0.0,0.021332815289497375
260,2,0.0,0.012379642575979233
260,3,0.0,0.06075030565261841
261,0,0.0,-0.05735819786787033
261,1,0.0,-0.01800256036221981
261,2,0.0,0.011791878379881382
261,3,0.0,0.015449980273842812
262,0,0.0,-0.011537445709109306
262,1,0.0,0.0014664524933323264
262,2,0.0,0.01671900972723961
262,3,0.0,0.030869562178850174
263,0,0.0,0.05000014975667
263,1,0.0,-0.016016550362110138
263,2,0.0,-0.02919820137321949
263,3,0.0,-0.002815015148371458
264,0,0.0,-0.015323587693274021
264,1,0.0,0.002861780347302556
264,2,0.0,-0.0020103610586375
264,3,0.0,-0.03170616924762726
265,0,0.0,-0.0012850058265030384
265,1,0.0,-0.05378183722496033
265,2,0.0,0.04539711773395538
265,3,0.0,0.0005828645080327988
266,0,0.0,-0.030212538316845894
266,1,0.0,-0.03928361460566521
266,2,0.0,-0.007544646039605141
266,3,0.0,0.059147030115127563
267,0,0.0,0.01643712818622589
267,1,0.0,-0.053073711693286896
267,2,0.0,-0.012419074773788452
267,3,0.0,-0.038753632456064224
268,0,0.0,-0.012358060106635094
268,1,0.0,0.0005031442851759493
268,2,0.0,0.009918682277202606
268,3,0.0,-0.0030730583239346743
269,0,0.0,0.0004395470896270126
269,1,0.0,0.0011735798325389624
269,2,0.0,0.00530947046354413
269,3,0.0,-0.0016124437097460032
270,0,0.0,-0.02555665373802185
270,1,0.0,-0.004805964417755604
270,2,0.0,0.004275955259799957
270,3,0.0,0.015107226558029652
271,0,0.0,-0.004780036862939596
271,1,0.0,-0.03984083980321884
271,2,0.0,0.003974096849560738
271,3,0.0,0.04736713320016861
272,0,0.0,-0.015241221524775028
272,1,0.0,-0.0022345741745084524
272,2,0.0,0.0011157302651554346
272,3,0.0,-0.00888852123171091
273,0,0.0,-0.0018727172864601016
273,1,0.0,-0.04857189580798149
273,2,0.0,-0.058476295322179794
273,3,0.0,-0.03123902715742588
274,0,0.0,0.005775026045739651
274,1,0.0,-0.006950791925191879
274,2,0.0,-0.019904769957065582
274,3,0.0,0.03155161067843437
275,0,0.0,-0.01368227694183588
275,1,0.0,0.009367814287543297
275,2,0.0,-0.12286322563886642
275,3,0.0,-0.000583668879698962
276,0,0.0,-0.017614496871829033
276,1,0.0,-0.04571961984038353
276,2,0.0,0.002585422247648239
276,3,0.0,0.00840070005506277
277,0,0.0,-0.045639511197805405
277,1,0.0,0.09092655032873154
277,2,0.0,-0.0377175435423851
277,3,0.0,0.03160812705755234
278,0,0.0,0.018613312393426895
278,1,0.0,-0.03722399100661278
278,2,0.0,-0.007543738931417465
278,3,0.0,-0.03565974906086922
279,0,0.0,-0.006554295774549246
279,1,0.0,-0.00039718314656056464
279,2,0.0,0.020706919953227043
279,3,0.0,0.011944898404181004
280,0,0.0,-0.024991197511553764
280,1,0.0,-0.0038207252509891987
280,2,0.0,0.021282486617565155
280,3,0.0,-0.0093335947021842
281,0,0.0,-0.05972018465399742
281,1,0.0,-0.0029075006023049355
281,2,0.0,0.0035652644000947475
281,3,0.0,0.025214703753590584
282,0,0.0,0.03982388228178024
282,1,0.0,-0.008960939943790436
282,2,0.0,-0.03612848371267319
282,3,0.0,-0.018130866810679436
283,0,0.0,-0.047986626625061035
283,1,0.0,-0.001803725608624518
283,2,0.0,-0.01550245564430952
283,3,0.0,0.0018305245321244001
284,0,0.0,0.00946840737015009
284,1,0.0,-0.06136114150285721
284,2,0.0,-0.007312885019928217
284,3,0.0,-0.02301909774541855
285,0,0.0,0.01209140382707119
285,1,0.0,0.0030936538241803646
285,2,0.0,-0.000814479892142117
285,3,0.0,0.012757062911987305
286,0,0.0,0.0194468405097723
286,1,0.0,0.00230536051094532
286,2,0.0,-0.03690897673368454
286,3,0.0,-0.014041662216186523
287,0,0.0,0.024916529655456543
287,1,0.0,0.019347546622157097
287,2,0.0,0.024806344881653786
287,3,0.0,0.014345663599669933
288,0,0.0,-0.004860059358179569
288,1,0.0,-0.027914635837078094
288,2,0.0,0.023503633216023445
288,3,0.0,0.047344472259283066
289,0,0.0,-0.07240715622901917
289,1,0.0,-0.028406398370862007
289,2,0.0,0.019155681133270264
289,3,0.0,0.06301172822713852
290,0,0.0,-0.010584857314825058
290,1,0.0,0.07389547675848007
290,2,0.0,0.018924934789538383
290,3,0.0,-0.004825405776500702
291,0,0.0,0.025696352124214172
291,1,0.0,0.04282459244132042
291,2,0.0,-0.0012479082215577364
291,3,0.0,-0.004296572878956795
292,0,0.0,0.0065497057512402534
292,1,0.0,0.020551243796944618
292,2,0.0,-0.0013236094964668155
292,3,0.0,0.05372923985123634
293,0,0.0,-0.0357668399810791
293,1,0.0,0.014878697693347931
293,2,0.0,0.05036209896206856
293,3,0.0,-0.010974248871207237
294,0,0.0,0.022007228806614876
294,1,0.0,0.0018585218349471688
294,2,0.0,0.003554485971108079
294,3,0.0,0.02029358223080635
295,0,0.0,0.007019393611699343
295,1,0.0,-0.004170192405581474
295,2,0.0,-0.0011117981048300862
295,3,0.0,0.014001498930156231
296,0,0.0,0.0016239001415669918
296,1,0.0,0.06149604544043541
296,2,0.0,-0.0013713717926293612
296,3,0.0,0.03855249658226967
297,0,0.0,-0.004994336050003767
297,1,0.0,0.034556884318590164
297,2,0.0,0.007135585881769657
297,3,0.0,0.007229288574308157
298,0,0.0,0.007697699125856161
298,1,0.0,-0.0009825064335018396
298,2,0.0,0.06395761668682098
298,3,0.0,0.04588574543595314
299,0,0.0,-0.05984484776854515
299,1,0.0,0.05463398993015289
299,2,0.0,0.03349951282143593
299,3,0.0,0.010436512529850006
300,0,0.0,0.011261687614023685
300,1,0.0,-0.024409741163253784
300,2,0.0,-0.021638454869389534
300,3,0.0,-0.008975319564342499
301,0,0.0,0.057836972177028656
301,1,0.0,4.5663968194276094e-05
301,2,0.0,0.0029547589365392923
301,3,0.0,-0.00029895006446167827
302,0,0.0,0.02173544652760029
302,1,0.0,0.018540173768997192
302,2,0.0,-0.045183200389146805
302,3,0.0,-0.054067451506853104
303,0,0.0,-0.0024927444756031036
303,1,0.0,-0.019521279260516167
303,2,0.0,-0.013394865207374096
303,3,0.0,0.030423760414123535
304,0,0.0,-0.005013054236769676
304,1,0.0,-0.043702151626348495
304,2,0.0,-0.042025502771139145
304,3,0.0,0.08730703592300415
305,0,0.0,-0.008786249905824661
305,1,0.0,-0.002682302612811327
305,2,0.0,-0.043223898857831955
305,3,0.0,0.03900642693042755
306,0,0.0,0.010708292946219444
306,1,0.0,0.019019613042473793
306,2,0.0,-0.002499497262760997
306,3,0.0,-0.0021046644542366266
307,0,0.0,-0.03216150403022766
307,1,0.0,-0.032305680215358734
307,2,0.0,0.008049529045820236
307,3,0.0,-0.021589549258351326
308,0,0.0,0.001010107807815075
308,1,0.0,-0.04935314133763313
308,2,0.0,-0.041034989058971405
308,3,0.0,-0.03899584710597992
309,0,0.0,2.696692172321491e-05
309,1,0.0,-0.010148978792130947
309,2,0.0,0.01868733949959278
309,3,0.0,-0.09584643691778183
310,0,0.0,0.004558032378554344
310,1,0.0,0.004285735543817282
310,2,0.0,0.030728111043572426
310,3,0.0,0.017183834686875343
311,0,0.0,0.0012676827609539032
311,1,0.0,-0.010488169267773628
311,2,0.0,0.0045992485247552395
311,3,0.0,-0.03109441138803959
312,0,0.0,0.003917894326150417
312,1,0.0,-0.010850577615201473
312,2,0.0,-0.008688509464263916
312,3,0.0,-0.03334616497159004
313,0,0.0,-0.004031081218272448
313,1,0.0,-0.004962374456226826
313,2,0.0,-0.004005413968116045
313,3,0.0,-0.02579469047486782
314,0,0.0,0.00015108565276023
314,1,0.0,0.06172937899827957
314,2,0.0,0.0035878540948033333
314,3,0.0,-0.024129781872034073
315,0,0.0,0.02197449281811714
315,1,0.0,0.013623028993606567
315,2,0.0,0.06908667087554932
315,3,0.0,-0.0054491241462528706
316,0,0.0,-0.0005289285909384489
316,1,0.0,-0.0074607296846807
316,2,0.0,-0.0484527051448822
316,3,0.0,0.02369963936507702
317,0,0.0,0.007268849294632673
317,1,0.0,0.004801623057574034
317,2,0.0,0.12061195075511932
317,3,0.0,-0.017255384474992752
318,0,0.0,-0.0537705197930336
318,1,0.0,0.005156407598406076
318,2,0.0,0.0005314889131113887
318,3,0.0,-0.007372637279331684
319,0,0.0,0.028362048789858818
319,1,0.0,-0.0019256259547546506
319,2,0.0,9.727902215672657e-05
319,3,0.0,0.001704270951449871
320,0,0.0,-0.005887252744287252
320,1,0.0,0.023758642375469208
320,2,0.0,0.005004738923162222
320,3,0.0,0.007907336577773094
321,0,0.0,-0.0026438659988343716
321,1,0.0,-0.025873932987451553
321,2,0.0,-0.013533882796764374
321,3,0.0,-0.014983209781348705
322,0,0.0,-0.003340101335197687
322,1,0.0,-0.031017929315567017
322,2,0.0,0.045586392283439636
322,3,0.0,-0.025540005415678024
323,0,0.0,-0.018732132390141487
323,1,0.0,0.020992448553442955
323,2,0.0,0.06608868390321732
323,3,0.0,0.024115009233355522
324,0,0.0,0.10392743349075317
324,1,0.0,0.005042463541030884
324,2,0.0,0.0024929861538112164
324,3,0.0,-0.03440114110708237
325,0,0.0,0.0054799653589725494
325,1,0.0,-0.005449737422168255
325,2,0.0,0.00024581269826740026
325,3,0.0,0.008815155364573002
326,0,0.0,0.010161926038563251
326,1,0.0,0.004343531560152769
326,2,0.0,0.027542997151613235
326,3,0.0,-0.001713450183160603
327,0,0.0,0.06122767925262451
327,1,0.0,-0.004307206720113754
327,2,0.0,0.0013971891021355987
327,3,0.0,-0.00833851844072342
328,0,0.0,-0.02027708850800991
328,1,0.0,-0.09392396360635757
328,2,0.0,0.028530212119221687
328,3,0.0,0.012342497706413269
329,0,0.0,-0.08999498188495636
329,1,0.0,-0.008456944487988949
329,2,0.0,0.0029448659624904394
329,3,0.0,-0.019496602937579155
330,0,0.0,-0.002401430392637849
330,1,0.0,-0.003499781247228384
330,2,0.0,-0.016754595562815666
330,3,0.0,-0.008038043044507504
331,0,0.0,-0.00519350403919816
331,1,0.0,-0.02286684699356556
331,2,0.0,0.023737935349345207
331,3,0.0,-0.048426926136016846
332,0,0.0,-0.022366663441061974
332,1,0.0,-0.000694275600835681
332,2,0.0,-0.002710621803998947
332,3,0.0,0.037743061780929565
333,0,0.0,0.038952287286520004
333,1,0.0,-0.039165254682302475
333,2,0.0,-0.005714127328246832
333,3,0.0,0.0068883104249835014
334,0,0.0,-0.024394085630774498
334,1,0.0,0.01177970040589571
334,2,0.0,0.004626083187758923
334,3,0.0,0.009017419070005417
335,0,0.0,0.06849106401205063
335,1,0.0,0.017901761457324028
335,2,0.0,-0.08875318616628647
335,3,0.0,-0.012711639516055584
336,0,0.0,0.022680411115288734
336,1,0.0,0.0069855875335633755
336,2,0.0,-0.009183800779283047
336,3,0.0,0.06152472645044327
337,0,0.0,-0.009867599233984947
337,1,0.0,0.0497242733836174
337,2,0.0,0.004501937422901392
337,3,0.0,0.0009678134811110795
338,0,0.0,-0.002526375697925687
338,1,0.0,0.025404412299394608
338,2,0.0,0.003199988976120949
338,3,0.0,0.013454429805278778
339,0,0.0,-0.03337102755904198
339,1,0.0,0.01451121550053358
339,2,0.0,0.08180035650730133
339,3,0.0,-0.001803806982934475
340,0,0.0,-0.05333981290459633
340,1,0.0,-0.02143777348101139
340,2,0.0,0.03509668633341789
340,3,0.0,0.029886195436120033
341,0,0.0,0.01982523873448372
341,1,0.0,0.053293898701667786
341,2,0.0,0.0099018020555377
341,3,0.0,0.0033777542412281036
342,0,0.0,0.004502973053604364
342,1,0.0,0.006722891703248024
342,2,0.0,0.0018526302883401513
342,3,0.0,-0.020041339099407196
343,0,0.0,-0.06182970479130745
343,1,0.0,-0.022556092590093613
343,2,0.0,-0.022316336631774902
343,3,0.0,-0.03848229721188545
344,0,0.0,-0.049724653363227844
344,1,0.0,0.005423641763627529
344,2,0.0,0.020419767126441002
344,3,0.0,-0.003340704832226038
345,0,0.0,-0.0004729022621177137
345,1,0.0,0.039669547230005264
345,2,0.0,0.009034004993736744
345,3,0.0,-0.014622634276747704
346,0,0.0,0.0026753610000014305
346,1,0.0,-0.01568661257624626
346,2,0.0,0.0006687704590149224
346,3,0.0,-0.012484761886298656
347,0,0.0,-0.01021852158010006
347,1,0.0,0.01717371679842472
347,2,0.0,-0.006489361636340618
347,3,0.0,0.005704088136553764
348,0,0.0,0.011030914261937141
348,1,0.0,0.055441487580537796
348,2,0.0,-0.00450620474293828
348,3,0.0,0.07857963442802429
349,0,0.0,0.0024031486827880144
349,1,0.0,0.02404477261006832
349,2,0.0,-0.0011550107738003135
349,3,0.0,-0.004351294133812189
350,0,0.0,0.013031739741563797
350,1,0.0,-0.019292863085865974
350,2,0.0,-0.001702137291431427
350,3,0.0,0.000714781868737191
351,0,0.0,-0.016094490885734558
351,1,0.0,-0.0040277279913425446
351,2,0.0,-0.00044144908315502107
351,3,0.0,-0.00681948009878397
352,0,0.0,-0.01709676906466484
352,1,0.0,-0.020256971940398216
352,2,0.0,-0.024995949119329453
352,3,0.0,-0.006306827533990145
353,0,0.0,-0.044951241463422775
353,1,0.0,-0.0022660894319415092
353,2,0.0,0.015955524519085884
353,3,0.0,0.005703282542526722
354,0,0.0,0.01996997743844986
354,1,0.0,-0.0067542362958192825
354,2,0.0,0.027109036222100258
354,3,0.0,-0.05389237776398659
355,0,0.0,-0.025141529738903046
355,1,0.0,-0.025667229667305946
355,2,0.0,0.03652413189411163
355,3,0.0,0.03938250243663788
356,0,0.0,0.031623490154743195
356,1,0.0,-0.020894749090075493
356,2,0.0,-0.005471793934702873
356,3,0.0,0.00452912412583828
357,0,0.0,-0.01767825521528721
357,1,0.0,-0.05877379700541496
357,2,0.0,-0.0070015317760407925
357,3,0.0,0.015503201633691788
358,0,0.0,-0.0002421706885797903
358,1,0.0,0.002487058285623789
358,2,0.0,0.010181632824242115
358,3,0.0,-0.055061619728803635
359,0,0.0,-0.0001314550609095022
359,1,0.0,-0.011921525932848454
359,2,0.0,0.01885082572698593
359,3,0.0,-0.010272886604070663
360,0,0.0,-0.0005882956902496517
360,1,0.0,-0.009931731037795544
360,2,0.0,0.01521987747400999
360,3,0.0,0.027351582422852516
361,0,0.0,0.02971070073544979
361,1,0.0,0.025191808119416237
361,2,0.0,0.005583053454756737
361,3,0.0,0.010172502137720585
362,0,0.0,-0.004558107350021601
362,1,0.0,0.014023414812982082
362,2,0.0,0.014822340570390224
362,3,0.0,-0.02594919688999653
363,0,0.0,-0.040949515998363495
363,1,0.0,-0.0019490598933771253
363,2,0.0,0.013669740408658981
363,3,0.0,0.012850054539740086
364,0,0.0,0.01493612676858902
364,1,0.0,-0.000164852972375229
364,2,0.0,0.013999244198203087
364,3,0.0,0.005061625968664885
365,0,0.0,0.0010002260096371174
365,1,0.0,0.011720512062311172
365,2,0.0,-0.002051213290542364
365,3,0.0,0.004309614188969135
366,0,0.0,-0.008904889225959778
366,1,0.0,-0.003693344071507454
366,2,0.0,0.01846778206527233
366,3,0.0,-0.043095529079437256
367,0,0.0,-0.020131316035985947
367,1,0.0,-0.018441995605826378
367,2,0.0,0.007558481302112341
367,3,0.0,0.01368927676230669
368,0,0.0,-0.04375660419464111
368,1,0.0,0.004677249118685722
368,2,0.0,-0.05583440884947777
368,3,0.0,-0.017732856795191765
369,0,0.0,-0.0024463944137096405
369,1,0.0,-0.007058403920382261
369,2,0.0,-0.009070400148630142
369,3,0.0,0.012830310501158237
370,0,0.0,0.006297070998698473
370,1,0.0,-0.07412613183259964
370,2,0.0,-0.009108870290219784
370,3,0.0,-0.005159345455467701
371,0,0.0,0.07058509439229965
371,1,0.0,-0.00442568538710475
371,2,0.0,-0.004589611664414406
371,3,0.0,0.005692495498806238
372,0,0.0,0.014548270963132381
372,1,0.0,-0.011285829357802868
372,2,0.0,-0.008658191189169884
372,3,0.0,0.006143944803625345
373,0,0.0,-0.01739281229674816
373,1,0.0,-0.006056068930774927
373,2,0.0,0.01884828321635723
373,3,0.0,0.031196650117635727
374,0,0.0,0.01499252300709486
374,1,0.0,-0.00038716557901352644
374,2,0.0,-0.02445480413734913
374,3,0.0,0.0025544550735503435
375,0,0.0,0.06001102551817894
375,1,0.0,-0.011865009553730488
375,2,0.0,0.0021873158402740955
375,3,0.0,0.045885808765888214
376,0,0.0,0.016476621851325035
376,1,0.0,-0.017736785113811493
376,2,0.0,-0.04094575718045235
376,3,0.0,-0.0502610057592392
377,0,0.0,0.017369365319609642
377,1,0.0,-0.04067230224609375
377,2,0.0,-0.04823765158653259
377,3,0.0,-0.06431533396244049
378,0,0.0,0.020676108077168465
378,1,0.0,0.04581651836633682
378,2,0.0,-0.005726940929889679
378,3,0.0,-0.0029541112016886473
379,0,0.0,-0.00493388157337904
379,1,0.0,-0.0033341911621391773
379,2,0.0,0.007993151433765888
379,3,0.0,0.006973257288336754
380,0,0.0,0.014890172518789768
380,1,0.0,-0.006352916359901428
380,2,0.0,-0.04261805862188339
380,3,0.0,0.013098190538585186
381,0,0.0,-0.10137876868247986
381,1,0.0,-0.00019125567632727325
381,2,0.0,-0.00321917119435966
381,3,0.0,0.001489725662395358
382,0,0.0,0.057281699031591415
382,1,0.0,-0.014484346844255924
382,2,0.0,-0.001066954922862351
382,3,0.0,-0.02820609323680401
383,0,0.0,0.09203752875328064
383,1,0.0,-0.050652891397476196
383,2,0.0,-0.01460857130587101
383,3,0.0,-0.007742203772068024
384,0,0.0,-0.020784001797437668
384,1,0.0,0.0073676216416060925
384,2,0.0,0.0019362840102985501
384,3,0.0,-0.06536592543125153
385,0,0.0,-0.005434899590909481
385,1,0.0,0.008566836826503277
385,2,0.0,0.06406538933515549
385,3,0.0,0.0038267248310148716
386,0,0.0,0.009904169477522373
386,1,0.0,-0.02339928410947323
386,2,0.0,-0.0543353408575058
386,3,0.0,0.005338690709322691
387,0,0.0,-0.026765407994389534
387,1,0.0,0.011389882303774357
387,2,0.0,0.0003985195653513074
387,3,0.0,-0.046961285173892975
388,0,0.0,-0.016129719093441963
388,1,0.0,0.004868355114012957
388,2,0.0,-0.0006835219683125615
388,3,0.0,0.02050456963479519
389,0,0.0,-0.02566264197230339
389,1,0.0,-0.01409767847508192
389,2,0.0,0.006703580264002085
389,3,0.0,-0.0009714381885714829
390,0,0.0,0.021710705012083054
390,1,0.0,-0.018175188452005386
390,2,0.0,-0.0005662984913215041
390,3,0.0,-0.0021351368632167578
391,0,0.0,0.02164078876376152
391,1,0.0,-0.05386693775653839
391,2,0.0,-0.018968291580677032
391,3,0.0,0.005548734683543444
392,0,0.0,-0.008226944133639336
392,1,0.0,-0.008717063814401627
392,2,0.0,0.05777262523770332
392,3,0.0,-0.007404498290270567
393,0,0.0,-0.011968188919126987
393,1,0.0,-0.016396379098296165
393,2,0.0,-0.004380053840577602
393,3,0.0,0.03328891098499298
394,0,0.0,0.06067824736237526
394,1,0.0,-0.04077339172363281
394,2,0.0,0.07428412139415741
394,3,0.0,0.016580330207943916
395,0,0.0,0.010123011656105518
395,1,0.0,-0.0007723434828221798
395,2,0.0,0.019667375832796097
395,3,0.0,0.017711546272039413
396,0,0.0,0.017836429178714752
396,1,0.0,0.03500868007540703
396,2,0.0,-0.022948548197746277
396,3,0.0,-0.02045079879462719
397,0,0.0,0.001959024230018258
397,1,0.0,0.017292488366365433
397,2,0.0,0.007595340255647898
397,3,0.0,-0.013720543123781681
398,0,0.0,0.0015070639783516526
398,1,0.0,0.02382683753967285
398,2,0.0,0.01400617603212595
398,3,0.0,-0.0013394218403846025
399,0,0.0,-0.056942153722047806
399,1,0.0,-0.015765715390443802
399,2,0.0,0.04148136079311371
399,3,0.0,-0.03989848867058754
