step,env_id,cutoff_hz,input_action,output_action
0,0,2.0,0.0,0.0
0,1,5.0,0.0,0.0
0,2,10.0,0.0,0.0
0,3,20.0,0.0,0.0
1,0,2.0,0.0,0.0
1,1,5.0,0.0,0.0
1,2,10.0,0.0,0.0
1,3,20.0,0.0,0.0
2,0,2.0,0.0,0.0
2,1,5.0,0.0,0.0
2,2,10.0,0.0,0.0
2,3,20.0,0.0,0.0
3,0,2.0,0.0,0.0
3,1,5.0,0.0,0.0
3,2,10.0,0.0,0.0
3,3,20.0,0.0,0.0
4,0,2.0,0.0,0.0
4,1,5.0,0.0,0.0
4,2,10.0,0.0,0.0
4,3,20.0,0.0,0.0
5,0,2.0,0.0,0.0
5,1,5.0,0.0,0.0
5,2,10.0,0.0,0.0
5,3,20.0,0.0,0.0
6,0,2.0,0.0,0.0
6,1,5.0,0.0,0.0
6,2,10.0,0.0,0.0
6,3,20.0,0.0,0.0
7,0,2.0,0.0,0.0
7,1,5.0,0.0,0.0
7,2,10.0,0.0,0.0
7,3,20.0,0.0,0.0
8,0,2.0,0.0,0.0
8,1,5.0,0.0,0.0
8,2,10.0,0.0,0.0
8,3,20.0,0.0,0.0
9,0,2.0,0.0,0.0
9,1,5.0,0.0,0.0
9,2,10.0,0.0,0.0
9,3,20.0,0.0,0.0
10,0,2.0,0.0,0.0
10,1,5.0,0.0,0.0
10,2,10.0,0.0,0.0
10,3,20.0,0.0,0.0
11,0,2.0,0.0,0.0
11,1,5.0,0.0,0.0
11,2,10.0,0.0,0.0
11,3,20.0,0.0,0.0
12,0,2.0,0.0,0.0
12,1,5.0,0.0,0.0
12,2,10.0,0.0,0.0
12,3,20.0,0.0,0.0
13,0,2.0,0.0,0.0
13,1,5.0,0.0,0.0
13,2,10.0,0.0,0.0
13,3,20.0,0.0,0.0
14,0,2.0,0.0,0.0
14,1,5.0,0.0,0.0
14,2,10.0,0.0,0.0
14,3,20.0,0.0,0.0
15,0,2.0,0.0,0.0
15,1,5.0,0.0,0.0
15,2,10.0,0.0,0.0
15,3,20.0,0.0,0.0
16,0,2.0,0.0,0.0
16,1,5.0,0.0,0.0
16,2,10.0,0.0,0.0
16,3,20.0,0.0,0.0
17,0,2.0,0.0,0.0
17,1,5.0,0.0,0.0
17,2,10.0,0.0,0.0
17,3,20.0,0.0,0.0
18,0,2.0,0.0,0.0
18,1,5.0,0.0,0.0
18,2,10.0,0.0,0.0
18,3,20.0,0.0,0.0
19,0,2.0,0.0,0.0
19,1,5.0,0.0,0.0
19,2,10.0,0.0,0.0
19,3,20.0,0.0,0.0
20,0,2.0,0.0,0.0
20,1,5.0,0.0,0.0
20,2,10.0,0.0,0.0
20,3,20.0,0.0,0.0
21,0,2.0,0.0,0.0
21,1,5.0,0.0,0.0
21,2,10.0,0.0,0.0
21,3,20.0,0.0,0.0
22,0,2.0,0.0,0.0
22,1,5.0,0.0,0.0
22,2,10.0,0.0,0.0
22,3,20.0,0.0,0.0
23,0,2.0,0.0,0.0
23,1,5.0,0.0,0.0
23,2,10.0,0.0,0.0
23,3,20.0,0.0,0.0
24,0,2.0,0.0,0.0
24,1,5.0,0.0,0.0
24,2,10.0,0.0,0.0
24,3,20.0,0.0,0.0
25,0,2.0,0.0,0.0
25,1,5.0,0.0,0.0
25,2,10.0,0.0,0.0
25,3,20.0,0.0,0.0
26,0,2.0,0.0,0.0
26,1,5.0,0.0,0.0
26,2,10.0,0.0,0.0
26,3,20.0,0.0,0.0
27,0,2.0,0.0,0.0
27,1,5.0,0.0,0.0
27,2,10.0,0.0,0.0
27,3,20.0,0.0,0.0
28,0,2.0,0.0,0.0
28,1,5.0,0.0,0.0
28,2,10.0,0.0,0.0
28,3,20.0,0.0,0.0
29,0,2.0,0.0,0.0
29,1,5.0,0.0,0.0
29,2,10.0,0.0,0.0
29,3,20.0,0.0,0.0
30,0,2.0,0.0,0.0
30,1,5.0,0.0,0.0
30,2,10.0,0.0,0.0
30,3,20.0,0.0,0.0
31,0,2.0,0.0,0.0
31,1,5.0,0.0,0.0
31,2,10.0,0.0,0.0
31,3,20.0,0.0,0.0
32,0,2.0,0.0,0.0
32,1,5.0,0.0,0.0
32,2,10.0,0.0,0.0
32,3,20.0,0.0,0.0
33,0,2.0,0.0,0.0
33,1,5.0,0.0,0.0
33,2,10.0,0.0,0.0
33,3,20.0,0.0,0.0
34,0,2.0,0.0,0.0
34,1,5.0,0.0,0.0
34,2,10.0,0.0,0.0
34,3,20.0,0.0,0.0
35,0,2.0,0.0,0.0
35,1,5.0,0.0,0.0
35,2,10.0,0.0,0.0
35,3,20.0,0.0,0.0
36,0,2.0,0.0,0.0
36,1,5.0,0.0,0.0
36,2,10.0,0.0,0.0
36,3,20.0,0.0,0.0
37,0,2.0,0.0,0.0
37,1,5.0,0.0,0.0
37,2,10.0,0.0,0.0
37,3,20.0,0.0,0.0
38,0,2.0,0.0,0.0
38,1,5.0,0.0,0.0
38,2,10.0,0.0,0.0
38,3,20.0,0.0,0.0
39,0,2.0,0.0,0.0
39,1,5.0,0.0,0.0
39,2,10.0,0.0,0.0
39,3,20.0,0.0,0.0
40,0,2.0,0.0,0.0
40,1,5.0,0.0,0.0
40,2,10.0,0.0,0.0
40,3,20.0,0.0,0.0
41,0,2.0,0.0,0.0
41,1,5.0,0.0,0.0
41,2,10.0,0.0,0.0
41,3,20.0,0.0,0.0
42,0,2.0,0.0,0.0
42,1,5.0,0.0,0.0
42,2,10.0,0.0,0.0
42,3,20.0,0.0,0.0
43,0,2.0,0.0,0.0
43,1,5.0,0.0,0.0
43,2,10.0,0.0,0.0
43,3,20.0,0.0,0.0
44,0,2.0,0.0,0.0
44,1,5.0,0.0,0.0
44,2,10.0,0.0,0.0
44,3,20.0,0.0,0.0
45,0,2.0,0.0,0.0
45,1,5.0,0.0,0.0
45,2,10.0,0.0,0.0
45,3,20.0,0.0,0.0
46,0,2.0,0.0,0.0
46,1,5.0,0.0,0.0
46,2,10.0,0.0,0.0
46,3,20.0,0.0,0.0
47,0,2.0,0.0,0.0
47,1,5.0,0.0,0.0
47,2,10.0,0.0,0.0
47,3,20.0,0.0,0.0
48,0,2.0,0.0,0.0
48,1,5.0,0.0,0.0
48,2,10.0,0.0,0.0
48,3,20.0,0.0,0.0
49,0,2.0,0.0,0.0
49,1,5.0,0.0,0.0
49,2,10.0,0.0,0.0
49,3,20.0,0.0,0.0
50,0,2.0,1.0,0.12566371262073517
50,1,5.0,1.0,0.3141592741012573
50,2,10.0,1.0,0.6283185482025146
50,3,20.0,1.0,1.0
51,0,2.0,1.0,0.23553606867790222
51,1,5.0,1.0,0.529622495174408
51,2,10.0,1.0,0.8618528842926025
51,3,20.0,1.0,1.0
52,0,2.0,1.0,0.33160144090652466
52,1,5.0,1.0,0.6773959398269653
52,2,10.0,1.0,0.9486532807350159
52,3,20.0,1.0,1.0
53,0,2.0,1.0,0.4155948758125305
53,1,5.0,1.0,0.7787449955940247
53,2,10.0,1.0,0.980915367603302
53,3,20.0,1.0,1.0
54,0,2.0,1.0,0.48903340101242065
54,1,5.0,1.0,0.8482543230056763
54,2,10.0,1.0,0.9929065704345703
54,3,20.0,1.0,1.0
55,0,2.0,1.0,0.5532433390617371
55,1,5.0,1.0,0.8959266543388367
55,2,10.0,1.0,0.9973635077476501
55,3,20.0,1.0,1.0
56,0,2.0,1.0,0.6093844175338745
56,1,5.0,1.0,0.9286222457885742
56,2,10.0,1.0,0.9990200400352478
56,3,20.0,1.0,1.0
57,0,2.0,1.0,0.658470630645752
57,1,5.0,1.0,0.9510462284088135
57,2,10.0,1.0,0.9996357560157776
57,3,20.0,1.0,1.0
58,0,2.0,1.0,0.7013884782791138
58,1,5.0,1.0,0.9664255380630493
58,2,10.0,1.0,0.9998646378517151
58,3,20.0,1.0,1.0
59,0,2.0,1.0,0.7389131188392639
59,1,5.0,1.0,0.976973295211792
59,2,10.0,1.0,0.9999496936798096
59,3,20.0,1.0,1.0
60,0,2.0,1.0,0.7717222571372986
60,1,5.0,1.0,0.9842073321342468
60,2,10.0,1.0,0.9999812841415405
60,3,20.0,1.0,1.0
61,0,2.0,1.0,0.8004084825515747
61,1,5.0,1.0,0.9891687631607056
61,2,10.0,1.0,0.9999930262565613
61,3,20.0,1.0,1.0
62,0,2.0,1.0,0.82548987865448
62,1,5.0,1.0,0.9925714731216431
62,2,10.0,1.0,0.9999974370002747
62,3,20.0,1.0,1.0
63,0,2.0,1.0,0.8474194407463074
63,1,5.0,1.0,0.9949052333831787
63,2,10.0,1.0,0.9999990463256836
63,3,20.0,1.0,1.0
64,0,2.0,1.0,0.8665933012962341
64,1,5.0,1.0,0.9965057969093323
64,2,10.0,1.0,0.9999996423721313
64,3,20.0,1.0,1.0
65,0,2.0,1.0,0.8833577036857605
65,1,5.0,1.0,0.9976035356521606
65,2,10.0,1.0,0.9999998807907104
65,3,20.0,1.0,1.0
66,0,2.0,1.0,0.8980153799057007
66,1,5.0,1.0,0.9983564019203186
66,2,10.0,1.0,0.9999999403953552
66,3,20.0,1.0,1.0
67,0,2.0,1.0,0.9108311533927917
67,1,5.0,1.0,0.9988727569580078
67,2,10.0,1.0,1.0
67,3,20.0,1.0,1.0
68,0,2.0,1.0,0.9220364689826965
68,1,5.0,1.0,0.9992268681526184
68,2,10.0,1.0,1.0
68,3,20.0,1.0,1.0
69,0,2.0,1.0,0.9318336844444275
69,1,5.0,1.0,0.9994697570800781
69,2,10.0,1.0,1.0
69,3,20.0,1.0,1.0
70,0,2.0,1.0,0.940399706363678
70,1,5.0,1.0,0.9996363520622253
70,2,10.0,1.0,1.0
70,3,20.0,1.0,1.0
71,0,2.0,1.0,0.9478893280029297
71,1,5.0,1.0,0.9997506141662598
71,2,10.0,1.0,1.0
71,3,20.0,1.0,1.0
72,0,2.0,1.0,0.9544377326965332
72,1,5.0,1.0,0.9998289346694946
72,2,10.0,1.0,1.0
72,3,20.0,1.0,1.0
73,0,2.0,1.0,0.9601632356643677
73,1,5.0,1.0,0.999882698059082
73,2,10.0,1.0,1.0
73,3,20.0,1.0,1.0
74,0,2.0,1.0,0.9651692509651184
74,1,5.0,1.0,0.9999195337295532
74,2,10.0,1.0,1.0
74,3,20.0,1.0,1.0
75,0,2.0,1.0,0.9695461988449097
75,1,5.0,1.0,0.999944806098938
75,2,10.0,1.0,1.0
75,3,20.0,1.0,1.0
76,0,2.0,1.0,0.9733731150627136
76,1,5.0,1.0,0.9999621510505676
76,2,10.0,1.0,1.0
76,3,20.0,1.0,1.0
77,0,2.0,1.0,0.9767191410064697
77,1,5.0,1.0,0.9999740123748779
77,2,10.0,1.0,1.0
77,3,20.0,1.0,1.0
78,0,2.0,1.0,0.9796447157859802
78,1,5.0,1.0,0.9999821782112122
78,2,10.0,1.0,1.0
78,3,20.0,1.0,1.0
79,0,2.0,1.0,0.9822026491165161
79,1,5.0,1.0,0.999987781047821
79,2,10.0,1.0,1.0
79,3,20.0,1.0,1.0
80,0,2.0,1.0,0.9844391345977783
80,1,5.0,1.0,0.9999915957450867
80,2,10.0,1.0,1.0
80,3,20.0,1.0,1.0
81,0,2.0,1.0,0.9863945841789246
81,1,5.0,1.0,0.9999942183494568
81,2,10.0,1.0,1.0
81,3,20.0,1.0,1.0
82,0,2.0,1.0,0.9881042838096619
82,1,5.0,1.0,0.9999960064888
82,2,10.0,1.0,1.0
82,3,20.0,1.0,1.0
83,0,2.0,1.0,0.9895991683006287
83,1,5.0,1.0,0.9999972581863403
83,2,10.0,1.0,1.0
83,3,20.0,1.0,1.0
84,0,2.0,1.0,0.9909061789512634
84,1,5.0,1.0,0.9999980926513672
84,2,10.0,1.0,1.0
84,3,20.0,1.0,1.0
85,0,2.0,1.0,0.9920489192008972
85,1,5.0,1.0,0.9999986886978149
85,2,10.0,1.0,1.0
85,3,20.0,1.0,1.0
86,0,2.0,1.0,0.9930480718612671
86,1,5.0,1.0,0.9999991059303284
86,2,10.0,1.0,1.0
86,3,20.0,1.0,1.0
87,0,2.0,1.0,0.99392169713974
87,1,5.0,1.0,0.9999994039535522
87,2,10.0,1.0,1.0
87,3,20.0,1.0,1.0
88,0,2.0,1.0,0.9946855306625366
88,1,5.0,1.0,0.9999995827674866
88,2,10.0,1.0,1.0
88,3,20.0,1.0,1.0
89,0,2.0,1.0,0.9953533411026001
89,1,5.0,1.0,0.9999997019767761
89,2,10.0,1.0,1.0
89,3,20.0,1.0,1.0
90,0,2.0,1.0,0.9959372282028198
90,1,5.0,1.0,0.9999998211860657
90,2,10.0,1.0,1.0
90,3,20.0,1.0,1.0
91,0,2.0,1.0,0.996447741985321
91,1,5.0,1.0,0.9999998807907104
91,2,10.0,1.0,1.0
91,3,20.0,1.0,1.0
92,0,2.0,1.0,0.996894121170044
92,1,5.0,1.0,0.9999999403953552
92,2,10.0,1.0,1.0
92,3,20.0,1.0,1.0
93,0,2.0,1.0,0.9972844123840332
93,1,5.0,1.0,0.9999999403953552
93,2,10.0,1.0,1.0
93,3,20.0,1.0,1.0
94,0,2.0,1.0,0.9976256489753723
94,1,5.0,1.0,0.9999999403953552
94,2,10.0,1.0,1.0
94,3,20.0,1.0,1.0
95,0,2.0,1.0,0.9979240298271179
95,1,5.0,1.0,0.9999999403953552
95,2,10.0,1.0,1.0
95,3,20.0,1.0,1.0
96,0,2.0,1.0,0.9981849193572998
96,1,5.0,1.0,0.9999999403953552
96,2,10.0,1.0,1.0
96,3,20.0,1.0,1.0
97,0,2.0,1.0,0.9984130263328552
97,1,5.0,1.0,0.9999999403953552
97,2,10.0,1.0,1.0
97,3,20.0,1.0,1.0
98,0,2.0,1.0,0.9986124634742737
98,1,5.0,1.0,0.9999999403953552
98,2,10.0,1.0,1.0
98,3,20.0,1.0,1.0
99,0,2.0,1.0,0.9987868070602417
99,1,5.0,1.0,0.9999999403953552
99,2,10.0,1.0,1.0
99,3,20.0,1.0,1.0
100,0,2.0,1.0,0.9989392757415771
100,1,5.0,1.0,0.9999999403953552
100,2,10.0,1.0,1.0
100,3,20.0,1.0,1.0
101,0,2.0,1.0,0.9990725517272949
101,1,5.0,1.0,0.9999999403953552
101,2,10.0,1.0,1.0
101,3,20.0,1.0,1.0
102,0,2.0,1.0,0.9991890788078308
102,1,5.0,1.0,0.9999999403953552
102,2,10.0,1.0,1.0
102,3,20.0,1.0,1.0
103,0,2.0,1.0,0.9992910027503967
103,1,5.0,1.0,0.9999999403953552
103,2,10.0,1.0,1.0
103,3,20.0,1.0,1.0
104,0,2.0,1.0,0.9993801116943359
104,1,5.0,1.0,0.9999999403953552
104,2,10.0,1.0,1.0
104,3,20.0,1.0,1.0
105,0,2.0,1.0,0.9994580149650574
105,1,5.0,1.0,0.9999999403953552
105,2,10.0,1.0,1.0
105,3,20.0,1.0,1.0
106,0,2.0,1.0,0.9995261430740356
106,1,5.0,1.0,0.9999999403953552
106,2,10.0,1.0,1.0
106,3,20.0,1.0,1.0
107,0,2.0,1.0,0.9995856881141663
107,1,5.0,1.0,0.9999999403953552
107,2,10.0,1.0,1.0
107,3,20.0,1.0,1.0
108,0,2.0,1.0,0.9996377229690552
108,1,5.0,1.0,0.9999999403953552
108,2,10.0,1.0,1.0
108,3,20.0,1.0,1.0
109,0,2.0,1.0,0.9996832609176636
109,1,5.0,1.0,0.9999999403953552
109,2,10.0,1.0,1.0
109,3,20.0,1.0,1.0
110,0,2.0,1.0,0.9997230768203735
110,1,5.0,1.0,0.9999999403953552
110,2,10.0,1.0,1.0
110,3,20.0,1.0,1.0
111,0,2.0,1.0,0.9997578859329224
111,1,5.0,1.0,0.9999999403953552
111,2,10.0,1.0,1.0
111,3,20.0,1.0,1.0
112,0,2.0,1.0,0.9997882843017578
112,1,5.0,1.0,0.9999999403953552
112,2,10.0,1.0,1.0
112,3,20.0,1.0,1.0
113,0,2.0,1.0,0.9998148679733276
113,1,5.0,1.0,0.9999999403953552
113,2,10.0,1.0,1.0
113,3,20.0,1.0,1.0
114,0,2.0,1.0,0.99983811378479
114,1,5.0,1.0,0.9999999403953552
114,2,10.0,1.0,1.0
114,3,20.0,1.0,1.0
115,0,2.0,1.0,0.9998584389686584
115,1,5.0,1.0,0.9999999403953552
115,2,10.0,1.0,1.0
115,3,20.0,1.0,1.0
116,0,2.0,1.0,0.9998762011528015
116,1,5.0,1.0,0.9999999403953552
116,2,10.0,1.0,1.0
116,3,20.0,1.0,1.0
117,0,2.0,1.0,0.9998917579650879
117,1,5.0,1.0,0.9999999403953552
117,2,10.0,1.0,1.0
117,3,20.0,1.0,1.0
118,0,2.0,1.0,0.9999053478240967
118,1,5.0,1.0,0.9999999403953552
118,2,10.0,1.0,1.0
118,3,20.0,1.0,1.0
119,0,2.0,1.0,0.9999172687530518
119,1,5.0,1.0,0.9999999403953552
119,2,10.0,1.0,1.0
119,3,20.0,1.0,1.0
120,0,2.0,1.0,0.9999276399612427
120,1,5.0,1.0,0.9999999403953552
120,2,10.0,1.0,1.0
120,3,20.0,1.0,1.0
121,0,2.0,1.0,0.9999367594718933
121,1,5.0,1.0,0.9999999403953552
121,2,10.0,1.0,1.0
121,3,20.0,1.0,1.0
122,0,2.0,1.0,0.9999446868896484
122,1,5.0,1.0,0.9999999403953552
122,2,10.0,1.0,1.0
122,3,20.0,1.0,1.0
123,0,2.0,1.0,0.9999516606330872
123,1,5.0,1.0,0.9999999403953552
123,2,10.0,1.0,1.0
123,3,20.0,1.0,1.0
124,0,2.0,1.0,0.9999577403068542
124,1,5.0,1.0,0.9999999403953552
124,2,10.0,1.0,1.0
124,3,20.0,1.0,1.0
125,0,2.0,1.0,0.9999630451202393
125,1,5.0,1.0,0.9999999403953552
125,2,10.0,1.0,1.0
125,3,20.0,1.0,1.0
126,0,2.0,1.0,0.9999676942825317
126,1,5.0,1.0,0.9999999403953552
126,2,10.0,1.0,1.0
126,3,20.0,1.0,1.0
127,0,2.0,1.0,0.9999717473983765
127,1,5.0,1.0,0.9999999403953552
127,2,10.0,1.0,1.0
127,3,20.0,1.0,1.0
128,0,2.0,1.0,0.999975323677063
128,1,5.0,1.0,0.9999999403953552
128,2,10.0,1.0,1.0
128,3,20.0,1.0,1.0
129,0,2.0,1.0,0.9999784231185913
129,1,5.0,1.0,0.9999999403953552
129,2,10.0,1.0,1.0
129,3,20.0,1.0,1.0
130,0,2.0,1.0,0.9999811053276062
130,1,5.0,1.0,0.9999999403953552
130,2,10.0,1.0,1.0
130,3,20.0,1.0,1.0
131,0,2.0,1.0,0.9999834895133972
131,1,5.0,1.0,0.9999999403953552
131,2,10.0,1.0,1.0
131,3,20.0,1.0,1.0
132,0,2.0,1.0,0.9999855756759644
132,1,5.0,1.0,0.9999999403953552
132,2,10.0,1.0,1.0
132,3,20.0,1.0,1.0
133,0,2.0,1.0,0.9999873638153076
133,1,5.0,1.0,0.9999999403953552
133,2,10.0,1.0,1.0
133,3,20.0,1.0,1.0
134,0,2.0,1.0,0.9999889731407166
134,1,5.0,1.0,0.9999999403953552
134,2,10.0,1.0,1.0
134,3,20.0,1.0,1.0
135,0,2.0,1.0,0.9999903440475464
135,1,5.0,1.0,0.9999999403953552
135,2,10.0,1.0,1.0
135,3,20.0,1.0,1.0
136,0,2.0,1.0,0.9999915361404419
136,1,5.0,1.0,0.9999999403953552
136,2,10.0,1.0,1.0
136,3,20.0,1.0,1.0
137,0,2.0,1.0,0.9999926090240479
137,1,5.0,1.0,0.9999999403953552
137,2,10.0,1.0,1.0
137,3,20.0,1.0,1.0
138,0,2.0,1.0,0.9999935626983643
138,1,5.0,1.0,0.9999999403953552
138,2,10.0,1.0,1.0
138,3,20.0,1.0,1.0
139,0,2.0,1.0,0.9999943971633911
139,1,5.0,1.0,0.9999999403953552
139,2,10.0,1.0,1.0
139,3,20.0,1.0,1.0
140,0,2.0,1.0,0.9999951124191284
140,1,5.0,1.0,0.9999999403953552
140,2,10.0,1.0,1.0
140,3,20.0,1.0,1.0
141,0,2.0,1.0,0.9999957084655762
141,1,5.0,1.0,0.9999999403953552
141,2,10.0,1.0,1.0
141,3,20.0,1.0,1.0
142,0,2.0,1.0,0.9999962449073792
142,1,5.0,1.0,0.9999999403953552
142,2,10.0,1.0,1.0
142,3,20.0,1.0,1.0
143,0,2.0,1.0,0.9999967217445374
143,1,5.0,1.0,0.9999999403953552
143,2,10.0,1.0,1.0
143,3,20.0,1.0,1.0
144,0,2.0,1.0,0.9999971389770508
144,1,5.0,1.0,0.9999999403953552
144,2,10.0,1.0,1.0
144,3,20.0,1.0,1.0
145,0,2.0,1.0,0.9999974966049194
145,1,5.0,1.0,0.9999999403953552
145,2,10.0,1.0,1.0
145,3,20.0,1.0,1.0
146,0,2.0,1.0,0.9999977946281433
146,1,5.0,1.0,0.9999999403953552
146,2,10.0,1.0,1.0
146,3,20.0,1.0,1.0
147,0,2.0,1.0,0.9999980926513672
147,1,5.0,1.0,0.9999999403953552
147,2,10.0,1.0,1.0
147,3,20.0,1.0,1.0
148,0,2.0,1.0,0.9999983310699463
148,1,5.0,1.0,0.9999999403953552
148,2,10.0,1.0,1.0
148,3,20.0,1.0,1.0
149,0,2.0,1.0,0.9999985694885254
149,1,5.0,1.0,0.9999999403953552
149,2,10.0,1.0,1.0
149,3,20.0,1.0,1.0
150,0,2.0,1.0,0.9999987483024597
150,1,5.0,1.0,0.9999999403953552
150,2,10.0,1.0,1.0
150,3,20.0,1.0,1.0
151,0,2.0,1.0,0.999998927116394
151,1,5.0,1.0,0.9999999403953552
151,2,10.0,1.0,1.0
151,3,20.0,1.0,1.0
152,0,2.0,1.0,0.9999990463256836
152,1,5.0,1.0,0.9999999403953552
152,2,10.0,1.0,1.0
152,3,20.0,1.0,1.0
153,0,2.0,1.0,0.9999991655349731
153,1,5.0,1.0,0.9999999403953552
153,2,10.0,1.0,1.0
153,3,20.0,1.0,1.0
154,0,2.0,1.0,0.9999992847442627
154,1,5.0,1.0,0.9999999403953552
154,2,10.0,1.0,1.0
154,3,20.0,1.0,1.0
155,0,2.0,1.0,0.9999994039535522
155,1,5.0,1.0,0.9999999403953552
155,2,10.0,1.0,1.0
155,3,20.0,1.0,1.0
156,0,2.0,1.0,0.999999463558197
156,1,5.0,1.0,0.9999999403953552
156,2,10.0,1.0,1.0
156,3,20.0,1.0,1.0
157,0,2.0,1.0,0.9999995231628418
157,1,5.0,1.0,0.9999999403953552
157,2,10.0,1.0,1.0
157,3,20.0,1.0,1.0
158,0,2.0,1.0,0.9999995827674866
158,1,5.0,1.0,0.9999999403953552
158,2,10.0,1.0,1.0
158,3,20.0,1.0,1.0
159,0,2.0,1.0,0.9999996423721313
159,1,5.0,1.0,0.9999999403953552
159,2,10.0,1.0,1.0
159,3,20.0,1.0,1.0
160,0,2.0,1.0,0.9999997019767761
160,1,5.0,1.0,0.9999999403953552
160,2,10.0,1.0,1.0
160,3,20.0,1.0,1.0
161,0,2.0,1.0,0.9999997615814209
161,1,5.0,1.0,0.9999999403953552
161,2,10.0,1.0,1.0
161,3,20.0,1.0,1.0
162,0,2.0,1.0,0.9999998211860657
162,1,5.0,1.0,0.9999999403953552
162,2,10.0,1.0,1.0
162,3,20.0,1.0,1.0
163,0,2.0,1.0,0.9999998211860657
163,1,5.0,1.0,0.9999999403953552
163,2,10.0,1.0,1.0
163,3,20.0,1.0,1.0
164,0,2.0,1.0,0.9999998211860657
164,1,5.0,1.0,0.9999999403953552
164,2,10.0,1.0,1.0
164,3,20.0,1.0,1.0
165,0,2.0,1.0,0.9999998211860657
165,1,5.0,1.0,0.9999999403953552
165,2,10.0,1.0,1.0
165,3,20.0,1.0,1.0
166,0,2.0,1.0,0.9999998211860657
166,1,5.0,1.0,0.9999999403953552
166,2,10.0,1.0,1.0
166,3,20.0,1.0,1.0
167,0,2.0,1.0,0.9999998211860657
167,1,5.0,1.0,0.9999999403953552
167,2,10.0,1.0,1.0
167,3,20.0,1.0,1.0
168,0,2.0,1.0,0.9999998211860657
168,1,5.0,1.0,0.9999999403953552
168,2,10.0,1.0,1.0
168,3,20.0,1.0,1.0
169,0,2.0,1.0,0.9999998211860657
169,1,5.0,1.0,0.9999999403953552
169,2,10.0,1.0,1.0
169,3,20.0,1.0,1.0
170,0,2.0,1.0,0.9999998211860657
170,1,5.0,1.0,0.9999999403953552
170,2,10.0,1.0,1.0
170,3,20.0,1.0,1.0
171,0,2.0,1.0,0.9999998211860657
171,1,5.0,1.0,0.9999999403953552
171,2,10.0,1.0,1.0
171,3,20.0,1.0,1.0
172,0,2.0,1.0,0.9999998211860657
172,1,5.0,1.0,0.9999999403953552
172,2,10.0,1.0,1.0
172,3,20.0,1.0,1.0
173,0,2.0,1.0,0.9999998211860657
173,1,5.0,1.0,0.9999999403953552
173,2,10.0,1.0,1.0
173,3,20.0,1.0,1.0
174,0,2.0,1.0,0.9999998211860657
174,1,5.0,1.0,0.9999999403953552
174,2,10.0,1.0,1.0
174,3,20.0,1.0,1.0
175,0,2.0,1.0,0.9999998211860657
175,1,5.0,1.0,0.9999999403953552
175,2,10.0,1.0,1.0
175,3,20.0,1.0,1.0
176,0,2.0,1.0,0.9999998211860657
176,1,5.0,1.0,0.9999999403953552
176,2,10.0,1.0,1.0
176,3,20.0,1.0,1.0
177,0,2.0,1.0,0.9999998211860657
177,1,5.0,1.0,0.9999999403953552
177,2,10.0,1.0,1.0
177,3,20.0,1.0,1.0
178,0,2.0,1.0,0.9999998211860657
178,1,5.0,1.0,0.9999999403953552
178,2,10.0,1.0,1.0
178,3,20.0,1.0,1.0
179,0,2.0,1.0,0.9999998211860657
179,1,5.0,1.0,0.9999999403953552
179,2,10.0,1.0,1.0
179,3,20.0,1.0,1.0
180,0,2.0,1.0,0.9999998211860657
180,1,5.0,1.0,0.9999999403953552
180,2,10.0,1.0,1.0
180,3,20.0,1.0,1.0
181,0,2.0,1.0,0.9999998211860657
181,1,5.0,1.0,0.9999999403953552
181,2,10.0,1.0,1.0
181,3,20.0,1.0,1.0
182,0,2.0,1.0,0.9999998211860657
182,1,5.0,1.0,0.9999999403953552
182,2,10.0,1.0,1.0
182,3,20.0,1.0,1.0
183,0,2.0,1.0,0.9999998211860657
183,1,5.0,1.0,0.9999999403953552
183,2,10.0,1.0,1.0
183,3,20.0,1.0,1.0
184,0,2.0,1.0,0.9999998211860657
184,1,5.0,1.0,0.9999999403953552
184,2,10.0,1.0,1.0
184,3,20.0,1.0,1.0
185,0,2.0,1.0,0.9999998211860657
185,1,5.0,1.0,0.9999999403953552
185,2,10.0,1.0,1.0
185,3,20.0,1.0,1.0
186,0,2.0,1.0,0.9999998211860657
186,1,5.0,1.0,0.9999999403953552
186,2,10.0,1.0,1.0
186,3,20.0,1.0,1.0
187,0,2.0,1.0,0.9999998211860657
187,1,5.0,1.0,0.9999999403953552
187,2,10.0,1.0,1.0
187,3,20.0,1.0,1.0
188,0,2.0,1.0,0.9999998211860657
188,1,5.0,1.0,0.9999999403953552
188,2,10.0,1.0,1.0
188,3,20.0,1.0,1.0
189,0,2.0,1.0,0.9999998211860657
189,1,5.0,1.0,0.9999999403953552
189,2,10.0,1.0,1.0
189,3,20.0,1.0,1.0
190,0,2.0,1.0,0.9999998211860657
190,1,5.0,1.0,0.9999999403953552
190,2,10.0,1.0,1.0
190,3,20.0,1.0,1.0
191,0,2.0,1.0,0.9999998211860657
191,1,5.0,1.0,0.9999999403953552
191,2,10.0,1.0,1.0
191,3,20.0,1.0,1.0
192,0,2.0,1.0,0.9999998211860657
192,1,5.0,1.0,0.9999999403953552
192,2,10.0,1.0,1.0
192,3,20.0,1.0,1.0
193,0,2.0,1.0,0.9999998211860657
193,1,5.0,1.0,0.9999999403953552
193,2,10.0,1.0,1.0
193,3,20.0,1.0,1.0
194,0,2.0,1.0,0.9999998211860657
194,1,5.0,1.0,0.9999999403953552
194,2,10.0,1.0,1.0
194,3,20.0,1.0,1.0
195,0,2.0,1.0,0.9999998211860657
195,1,5.0,1.0,0.9999999403953552
195,2,10.0,1.0,1.0
195,3,20.0,1.0,1.0
196,0,2.0,1.0,0.9999998211860657
196,1,5.0,1.0,0.9999999403953552
196,2,10.0,1.0,1.0
196,3,20.0,1.0,1.0
197,0,2.0,1.0,0.9999998211860657
197,1,5.0,1.0,0.9999999403953552
197,2,10.0,1.0,1.0
197,3,20.0,1.0,1.0
198,0,2.0,1.0,0.9999998211860657
198,1,5.0,1.0,0.9999999403953552
198,2,10.0,1.0,1.0
198,3,20.0,1.0,1.0
199,0,2.0,1.0,0.9999998211860657
199,1,5.0,1.0,0.9999999403953552
199,2,10.0,1.0,1.0
199,3,20.0,1.0,1.0
200,0,2.0,1.0,0.9999998211860657
200,1,5.0,1.0,0.9999999403953552
200,2,10.0,1.0,1.0
200,3,20.0,1.0,1.0
201,0,2.0,1.0,0.9999998211860657
201,1,5.0,1.0,0.9999999403953552
201,2,10.0,1.0,1.0
201,3,20.0,1.0,1.0
202,0,2.0,1.0,0.9999998211860657
202,1,5.0,1.0,0.9999999403953552
202,2,10.0,1.0,1.0
202,3,20.0,1.0,1.0
203,0,2.0,1.0,0.9999998211860657
203,1,5.0,1.0,0.9999999403953552
203,2,10.0,1.0,1.0
203,3,20.0,1.0,1.0
204,0,2.0,1.0,0.9999998211860657
204,1,5.0,1.0,0.9999999403953552
204,2,10.0,1.0,1.0
204,3,20.0,1.0,1.0
205,0,2.0,1.0,0.9999998211860657
205,1,5.0,1.0,0.9999999403953552
205,2,10.0,1.0,1.0
205,3,20.0,1.0,1.0
206,0,2.0,1.0,0.9999998211860657
206,1,5.0,1.0,0.9999999403953552
206,2,10.0,1.0,1.0
206,3,20.0,1.0,1.0
207,0,2.0,1.0,0.9999998211860657
207,1,5.0,1.0,0.9999999403953552
207,2,10.0,1.0,1.0
207,3,20.0,1.0,1.0
208,0,2.0,1.0,0.9999998211860657
208,1,5.0,1.0,0.9999999403953552
208,2,10.0,1.0,1.0
208,3,20.0,1.0,1.0
209,0,2.0,1.0,0.9999998211860657
209,1,5.0,1.0,0.9999999403953552
209,2,10.0,1.0,1.0
209,3,20.0,1.0,1.0
210,0,2.0,1.0,0.9999998211860657
210,1,5.0,1.0,0.9999999403953552
210,2,10.0,1.0,1.0
210,3,20.0,1.0,1.0
211,0,2.0,1.0,0.9999998211860657
211,1,5.0,1.0,0.9999999403953552
211,2,10.0,1.0,1.0
211,3,20.0,1.0,1.0
212,0,2.0,1.0,0.9999998211860657
212,1,5.0,1.0,0.9999999403953552
212,2,10.0,1.0,1.0
212,3,20.0,1.0,1.0
213,0,2.0,1.0,0.9999998211860657
213,1,5.0,1.0,0.9999999403953552
213,2,10.0,1.0,1.0
213,3,20.0,1.0,1.0
214,0,2.0,1.0,0.9999998211860657
214,1,5.0,1.0,0.9999999403953552
214,2,10.0,1.0,1.0
214,3,20.0,1.0,1.0
215,0,2.0,1.0,0.9999998211860657
215,1,5.0,1.0,0.9999999403953552
215,2,10.0,1.0,1.0
215,3,20.0,1.0,1.0
216,0,2.0,1.0,0.9999998211860657
216,1,5.0,1.0,0.9999999403953552
216,2,10.0,1.0,1.0
216,3,20.0,1.0,1.0
217,0,2.0,1.0,0.9999998211860657
217,1,5.0,1.0,0.9999999403953552
217,2,10.0,1.0,1.0
217,3,20.0,1.0,1.0
218,0,2.0,1.0,0.9999998211860657
218,1,5.0,1.0,0.9999999403953552
218,2,10.0,1.0,1.0
218,3,20.0,1.0,1.0
219,0,2.0,1.0,0.9999998211860657
219,1,5.0,1.0,0.9999999403953552
219,2,10.0,1.0,1.0
219,3,20.0,1.0,1.0
220,0,2.0,1.0,0.9999998211860657
220,1,5.0,1.0,0.9999999403953552
220,2,10.0,1.0,1.0
220,3,20.0,1.0,1.0
221,0,2.0,1.0,0.9999998211860657
221,1,5.0,1.0,0.9999999403953552
221,2,10.0,1.0,1.0
221,3,20.0,1.0,1.0
222,0,2.0,1.0,0.9999998211860657
222,1,5.0,1.0,0.9999999403953552
222,2,10.0,1.0,1.0
222,3,20.0,1.0,1.0
223,0,2.0,1.0,0.9999998211860657
223,1,5.0,1.0,0.9999999403953552
223,2,10.0,1.0,1.0
223,3,20.0,1.0,1.0
224,0,2.0,1.0,0.9999998211860657
224,1,5.0,1.0,0.9999999403953552
224,2,10.0,1.0,1.0
224,3,20.0,1.0,1.0
225,0,2.0,1.0,0.9999998211860657
225,1,5.0,1.0,0.9999999403953552
225,2,10.0,1.0,1.0
225,3,20.0,1.0,1.0
226,0,2.0,1.0,0.9999998211860657
226,1,5.0,1.0,0.9999999403953552
226,2,10.0,1.0,1.0
226,3,20.0,1.0,1.0
227,0,2.0,1.0,0.9999998211860657
227,1,5.0,1.0,0.9999999403953552
227,2,10.0,1.0,1.0
227,3,20.0,1.0,1.0
228,0,2.0,1.0,0.9999998211860657
228,1,5.0,1.0,0.9999999403953552
228,2,10.0,1.0,1.0
228,3,20.0,1.0,1.0
229,0,2.0,1.0,0.9999998211860657
229,1,5.0,1.0,0.9999999403953552
229,2,10.0,1.0,1.0
229,3,20.0,1.0,1.0
230,0,2.0,1.0,0.9999998211860657
230,1,5.0,1.0,0.9999999403953552
230,2,10.0,1.0,1.0
230,3,20.0,1.0,1.0
231,0,2.0,1.0,0.9999998211860657
231,1,5.0,1.0,0.9999999403953552
231,2,10.0,1.0,1.0
231,3,20.0,1.0,1.0
232,0,2.0,1.0,0.9999998211860657
232,1,5.0,1.0,0.9999999403953552
232,2,10.0,1.0,1.0
232,3,20.0,1.0,1.0
233,0,2.0,1.0,0.9999998211860657
233,1,5.0,1.0,0.9999999403953552
233,2,10.0,1.0,1.0
233,3,20.0,1.0,1.0
234,0,2.0,1.0,0.9999998211860657
234,1,5.0,1.0,0.9999999403953552
234,2,10.0,1.0,1.0
234,3,20.0,1.0,1.0
235,0,2.0,1.0,0.9999998211860657
235,1,5.0,1.0,0.9999999403953552
235,2,10.0,1.0,1.0
235,3,20.0,1.0,1.0
236,0,2.0,1.0,0.9999998211860657
236,1,5.0,1.0,0.9999999403953552
236,2,10.0,1.0,1.0
236,3,20.0,1.0,1.0
237,0,2.0,1.0,0.9999998211860657
237,1,5.0,1.0,0.9999999403953552
237,2,10.0,1.0,1.0
237,3,20.0,1.0,1.0
238,0,2.0,1.0,0.9999998211860657
238,1,5.0,1.0,0.9999999403953552
238,2,10.0,1.0,1.0
238,3,20.0,1.0,1.0
239,0,2.0,1.0,0.9999998211860657
239,1,5.0,1.0,0.9999999403953552
239,2,10.0,1.0,1.0
239,3,20.0,1.0,1.0
240,0,2.0,1.0,0.9999998211860657
240,1,5.0,1.0,0.9999999403953552
240,2,10.0,1.0,1.0
240,3,20.0,1.0,1.0
241,0,2.0,1.0,0.9999998211860657
241,1,5.0,1.0,0.9999999403953552
241,2,10.0,1.0,1.0
241,3,20.0,1.0,1.0
242,0,2.0,1.0,0.9999998211860657
242,1,5.0,1.0,0.9999999403953552
242,2,10.0,1.0,1.0
242,3,20.0,1.0,1.0
243,0,2.0,1.0,0.9999998211860657
243,1,5.0,1.0,0.9999999403953552
243,2,10.0,1.0,1.0
243,3,20.0,1.0,1.0
244,0,2.0,1.0,0.9999998211860657
244,1,5.0,1.0,0.9999999403953552
244,2,10.0,1.0,1.0
244,3,20.0,1.0,1.0
245,0,2.0,1.0,0.9999998211860657
245,1,5.0,1.0,0.9999999403953552
245,2,10.0,1.0,1.0
245,3,20.0,1.0,1.0
246,0,2.0,1.0,0.9999998211860657
246,1,5.0,1.0,0.9999999403953552
246,2,10.0,1.0,1.0
246,3,20.0,1.0,1.0
247,0,2.0,1.0,0.9999998211860657
247,1,5.0,1.0,0.9999999403953552
247,2,10.0,1.0,1.0
247,3,20.0,1.0,1.0
248,0,2.0,1.0,0.9999998211860657
248,1,5.0,1.0,0.9999999403953552
248,2,10.0,1.0,1.0
248,3,20.0,1.0,1.0
249,0,2.0,1.0,0.9999998211860657
249,1,5.0,1.0,0.9999999403953552
249,2,10.0,1.0,1.0
249,3,20.0,1.0,1.0
250,0,2.0,1.0,0.9999998211860657
250,1,5.0,1.0,0.9999999403953552
250,2,10.0,1.0,1.0
250,3,20.0,1.0,1.0
251,0,2.0,1.0,0.9999998211860657
251,1,5.0,1.0,0.9999999403953552
251,2,10.0,1.0,1.0
251,3,20.0,1.0,1.0
252,0,2.0,1.0,0.9999998211860657
252,1,5.0,1.0,0.9999999403953552
252,2,10.0,1.0,1.0
252,3,20.0,1.0,1.0
253,0,2.0,1.0,0.9999998211860657
253,1,5.0,1.0,0.9999999403953552
253,2,10.0,1.0,1.0
253,3,20.0,1.0,1.0
254,0,2.0,1.0,0.9999998211860657
254,1,5.0,1.0,0.9999999403953552
254,2,10.0,1.0,1.0
254,3,20.0,1.0,1.0
255,0,2.0,1.0,0.9999998211860657
255,1,5.0,1.0,0.9999999403953552
255,2,10.0,1.0,1.0
255,3,20.0,1.0,1.0
256,0,2.0,1.0,0.9999998211860657
256,1,5.0,1.0,0.9999999403953552
256,2,10.0,1.0,1.0
256,3,20.0,1.0,1.0
257,0,2.0,1.0,0.9999998211860657
257,1,5.0,1.0,0.9999999403953552
257,2,10.0,1.0,1.0
257,3,20.0,1.0,1.0
258,0,2.0,1.0,0.9999998211860657
258,1,5.0,1.0,0.9999999403953552
258,2,10.0,1.0,1.0
258,3,20.0,1.0,1.0
259,0,2.0,1.0,0.9999998211860657
259,1,5.0,1.0,0.9999999403953552
259,2,10.0,1.0,1.0
259,3,20.0,1.0,1.0
260,0,2.0,1.0,0.9999998211860657
260,1,5.0,1.0,0.9999999403953552
260,2,10.0,1.0,1.0
260,3,20.0,1.0,1.0
261,0,2.0,1.0,0.9999998211860657
261,1,5.0,1.0,0.9999999403953552
261,2,10.0,1.0,1.0
261,3,20.0,1.0,1.0
262,0,2.0,1.0,0.9999998211860657
262,1,5.0,1.0,0.9999999403953552
262,2,10.0,1.0,1.0
262,3,20.0,1.0,1.0
263,0,2.0,1.0,0.9999998211860657
263,1,5.0,1.0,0.9999999403953552
263,2,10.0,1.0,1.0
263,3,20.0,1.0,1.0
264,0,2.0,1.0,0.9999998211860657
264,1,5.0,1.0,0.9999999403953552
264,2,10.0,1.0,1.0
264,3,20.0,1.0,1.0
265,0,2.0,1.0,0.9999998211860657
265,1,5.0,1.0,0.9999999403953552
265,2,10.0,1.0,1.0
265,3,20.0,1.0,1.0
266,0,2.0,1.0,0.9999998211860657
266,1,5.0,1.0,0.9999999403953552
266,2,10.0,1.0,1.0
266,3,20.0,1.0,1.0
267,0,2.0,1.0,0.9999998211860657
267,1,5.0,1.0,0.9999999403953552
267,2,10.0,1.0,1.0
267,3,20.0,1.0,1.0
268,0,2.0,1.0,0.9999998211860657
268,1,5.0,1.0,0.9999999403953552
268,2,10.0,1.0,1.0
268,3,20.0,1.0,1.0
269,0,2.0,1.0,0.9999998211860657
269,1,5.0,1.0,0.9999999403953552
269,2,10.0,1.0,1.0
269,3,20.0,1.0,1.0
270,0,2.0,1.0,0.9999998211860657
270,1,5.0,1.0,0.9999999403953552
270,2,10.0,1.0,1.0
270,3,20.0,1.0,1.0
271,0,2.0,1.0,0.9999998211860657
271,1,5.0,1.0,0.9999999403953552
271,2,10.0,1.0,1.0
271,3,20.0,1.0,1.0
272,0,2.0,1.0,0.9999998211860657
272,1,5.0,1.0,0.9999999403953552
272,2,10.0,1.0,1.0
272,3,20.0,1.0,1.0
273,0,2.0,1.0,0.9999998211860657
273,1,5.0,1.0,0.9999999403953552
273,2,10.0,1.0,1.0
273,3,20.0,1.0,1.0
274,0,2.0,1.0,0.9999998211860657
274,1,5.0,1.0,0.9999999403953552
274,2,10.0,1.0,1.0
274,3,20.0,1.0,1.0
275,0,2.0,1.0,0.9999998211860657
275,1,5.0,1.0,0.9999999403953552
275,2,10.0,1.0,1.0
275,3,20.0,1.0,1.0
276,0,2.0,1.0,0.9999998211860657
276,1,5.0,1.0,0.9999999403953552
276,2,10.0,1.0,1.0
276,3,20.0,1.0,1.0
277,0,2.0,1.0,0.9999998211860657
277,1,5.0,1.0,0.9999999403953552
277,2,10.0,1.0,1.0
277,3,20.0,1.0,1.0
278,0,2.0,1.0,0.9999998211860657
278,1,5.0,1.0,0.9999999403953552
278,2,10.0,1.0,1.0
278,3,20.0,1.0,1.0
279,0,2.0,1.0,0.9999998211860657
279,1,5.0,1.0,0.9999999403953552
279,2,10.0,1.0,1.0
279,3,20.0,1.0,1.0
280,0,2.0,1.0,0.9999998211860657
280,1,5.0,1.0,0.9999999403953552
280,2,10.0,1.0,1.0
280,3,20.0,1.0,1.0
281,0,2.0,1.0,0.9999998211860657
281,1,5.0,1.0,0.9999999403953552
281,2,10.0,1.0,1.0
281,3,20.0,1.0,1.0
282,0,2.0,1.0,0.9999998211860657
282,1,5.0,1.0,0.9999999403953552
282,2,10.0,1.0,1.0
282,3,20.0,1.0,1.0
283,0,2.0,1.0,0.9999998211860657
283,1,5.0,1.0,0.9999999403953552
283,2,10.0,1.0,1.0
283,3,20.0,1.0,1.0
284,0,2.0,1.0,0.9999998211860657
284,1,5.0,1.0,0.9999999403953552
284,2,10.0,1.0,1.0
284,3,20.0,1.0,1.0
285,0,2.0,1.0,0.9999998211860657
285,1,5.0,1.0,0.9999999403953552
285,2,10.0,1.0,1.0
285,3,20.0,1.0,1.0
286,0,2.0,1.0,0.9999998211860657
286,1,5.0,1.0,0.9999999403953552
286,2,10.0,1.0,1.0
286,3,20.0,1.0,1.0
287,0,2.0,1.0,0.9999998211860657
287,1,5.0,1.0,0.9999999403953552
287,2,10.0,1.0,1.0
287,3,20.0,1.0,1.0
288,0,2.0,1.0,0.9999998211860657
288,1,5.0,1.0,0.9999999403953552
288,2,10.0,1.0,1.0
288,3,20.0,1.0,1.0
289,0,2.0,1.0,0.9999998211860657
289,1,5.0,1.0,0.9999999403953552
289,2,10.0,1.0,1.0
289,3,20.0,1.0,1.0
290,0,2.0,1.0,0.9999998211860657
290,1,5.0,1.0,0.9999999403953552
290,2,10.0,1.0,1.0
290,3,20.0,1.0,1.0
291,0,2.0,1.0,0.9999998211860657
291,1,5.0,1.0,0.9999999403953552
291,2,10.0,1.0,1.0
291,3,20.0,1.0,1.0
292,0,2.0,1.0,0.9999998211860657
292,1,5.0,1.0,0.9999999403953552
292,2,10.0,1.0,1.0
292,3,20.0,1.0,1.0
293,0,2.0,1.0,0.9999998211860657
293,1,5.0,1.0,0.9999999403953552
293,2,10.0,1.0,1.0
293,3,20.0,1.0,1.0
294,0,2.0,1.0,0.9999998211860657
294,1,5.0,1.0,0.9999999403953552
294,2,10.0,1.0,1.0
294,3,20.0,1.0,1.0
295,0,2.0,1.0,0.9999998211860657
295,1,5.0,1.0,0.9999999403953552
295,2,10.0,1.0,1.0
295,3,20.0,1.0,1.0
296,0,2.0,1.0,0.9999998211860657
296,1,5.0,1.0,0.9999999403953552
296,2,10.0,1.0,1.0
296,3,20.0,1.0,1.0
297,0,2.0,1.0,0.9999998211860657
297,1,5.0,1.0,0.9999999403953552
297,2,10.0,1.0,1.0
297,3,20.0,1.0,1.0
298,0,2.0,1.0,0.9999998211860657
298,1,5.0,1.0,0.9999999403953552
298,2,10.0,1.0,1.0
298,3,20.0,1.0,1.0
299,0,2.0,1.0,0.9999998211860657
299,1,5.0,1.0,0.9999999403953552
299,2,10.0,1.0,1.0
299,3,20.0,1.0,1.0
300,0,2.0,1.0,0.9999998211860657
300,1,5.0,1.0,0.9999999403953552
300,2,10.0,1.0,1.0
300,3,20.0,1.0,1.0
301,0,2.0,1.0,0.9999998211860657
301,1,5.0,1.0,0.9999999403953552
301,2,10.0,1.0,1.0
301,3,20.0,1.0,1.0
302,0,2.0,1.0,0.9999998211860657
302,1,5.0,1.0,0.9999999403953552
302,2,10.0,1.0,1.0
302,3,20.0,1.0,1.0
303,0,2.0,1.0,0.9999998211860657
303,1,5.0,1.0,0.9999999403953552
303,2,10.0,1.0,1.0
303,3,20.0,1.0,1.0
304,0,2.0,1.0,0.9999998211860657
304,1,5.0,1.0,0.9999999403953552
304,2,10.0,1.0,1.0
304,3,20.0,1.0,1.0
305,0,2.0,1.0,0.9999998211860657
305,1,5.0,1.0,0.9999999403953552
305,2,10.0,1.0,1.0
305,3,20.0,1.0,1.0
306,0,2.0,1.0,0.9999998211860657
306,1,5.0,1.0,0.9999999403953552
306,2,10.0,1.0,1.0
306,3,20.0,1.0,1.0
307,0,2.0,1.0,0.9999998211860657
307,1,5.0,1.0,0.9999999403953552
307,2,10.0,1.0,1.0
307,3,20.0,1.0,1.0
308,0,2.0,1.0,0.9999998211860657
308,1,5.0,1.0,0.9999999403953552
308,2,10.0,1.0,1.0
308,3,20.0,1.0,1.0
309,0,2.0,1.0,0.9999998211860657
309,1,5.0,1.0,0.9999999403953552
309,2,10.0,1.0,1.0
309,3,20.0,1.0,1.0
310,0,2.0,1.0,0.9999998211860657
310,1,5.0,1.0,0.9999999403953552
310,2,10.0,1.0,1.0
310,3,20.0,1.0,1.0
311,0,2.0,1.0,0.9999998211860657
311,1,5.0,1.0,0.9999999403953552
311,2,10.0,1.0,1.0
311,3,20.0,1.0,1.0
312,0,2.0,1.0,0.9999998211860657
312,1,5.0,1.0,0.9999999403953552
312,2,10.0,1.0,1.0
312,3,20.0,1.0,1.0
313,0,2.0,1.0,0.9999998211860657
313,1,5.0,1.0,0.9999999403953552
313,2,10.0,1.0,1.0
313,3,20.0,1.0,1.0
314,0,2.0,1.0,0.9999998211860657
314,1,5.0,1.0,0.9999999403953552
314,2,10.0,1.0,1.0
314,3,20.0,1.0,1.0
315,0,2.0,1.0,0.9999998211860657
315,1,5.0,1.0,0.9999999403953552
315,2,10.0,1.0,1.0
315,3,20.0,1.0,1.0
316,0,2.0,1.0,0.9999998211860657
316,1,5.0,1.0,0.9999999403953552
316,2,10.0,1.0,1.0
316,3,20.0,1.0,1.0
317,0,2.0,1.0,0.9999998211860657
317,1,5.0,1.0,0.9999999403953552
317,2,10.0,1.0,1.0
317,3,20.0,1.0,1.0
318,0,2.0,1.0,0.9999998211860657
318,1,5.0,1.0,0.9999999403953552
318,2,10.0,1.0,1.0
318,3,20.0,1.0,1.0
319,0,2.0,1.0,0.9999998211860657
319,1,5.0,1.0,0.9999999403953552
319,2,10.0,1.0,1.0
319,3,20.0,1.0,1.0
320,0,2.0,1.0,0.9999998211860657
320,1,5.0,1.0,0.9999999403953552
320,2,10.0,1.0,1.0
320,3,20.0,1.0,1.0
321,0,2.0,1.0,0.9999998211860657
321,1,5.0,1.0,0.9999999403953552
321,2,10.0,1.0,1.0
321,3,20.0,1.0,1.0
322,0,2.0,1.0,0.9999998211860657
322,1,5.0,1.0,0.9999999403953552
322,2,10.0,1.0,1.0
322,3,20.0,1.0,1.0
323,0,2.0,1.0,0.9999998211860657
323,1,5.0,1.0,0.9999999403953552
323,2,10.0,1.0,1.0
323,3,20.0,1.0,1.0
324,0,2.0,1.0,0.9999998211860657
324,1,5.0,1.0,0.9999999403953552
324,2,10.0,1.0,1.0
324,3,20.0,1.0,1.0
325,0,2.0,1.0,0.9999998211860657
325,1,5.0,1.0,0.9999999403953552
325,2,10.0,1.0,1.0
325,3,20.0,1.0,1.0
326,0,2.0,1.0,0.9999998211860657
326,1,5.0,1.0,0.9999999403953552
326,2,10.0,1.0,1.0
326,3,20.0,1.0,1.0
327,0,2.0,1.0,0.9999998211860657
327,1,5.0,1.0,0.9999999403953552
327,2,10.0,1.0,1.0
327,3,20.0,1.0,1.0
328,0,2.0,1.0,0.9999998211860657
328,1,5.0,1.0,0.9999999403953552
328,2,10.0,1.0,1.0
328,3,20.0,1.0,1.0
329,0,2.0,1.0,0.9999998211860657
329,1,5.0,1.0,0.9999999403953552
329,2,10.0,1.0,1.0
329,3,20.0,1.0,1.0
330,0,2.0,1.0,0.9999998211860657
330,1,5.0,1.0,0.9999999403953552
330,2,10.0,1.0,1.0
330,3,20.0,1.0,1.0
331,0,2.0,1.0,0.9999998211860657
331,1,5.0,1.0,0.9999999403953552
331,2,10.0,1.0,1.0
331,3,20.0,1.0,1.0
332,0,2.0,1.0,0.9999998211860657
332,1,5.0,1.0,0.9999999403953552
332,2,10.0,1.0,1.0
332,3,20.0,1.0,1.0
333,0,2.0,1.0,0.9999998211860657
333,1,5.0,1.0,0.9999999403953552
333,2,10.0,1.0,1.0
333,3,20.0,1.0,1.0
334,0,2.0,1.0,0.9999998211860657
334,1,5.0,1.0,0.9999999403953552
334,2,10.0,1.0,1.0
334,3,20.0,1.0,1.0
335,0,2.0,1.0,0.9999998211860657
335,1,5.0,1.0,0.9999999403953552
335,2,10.0,1.0,1.0
335,3,20.0,1.0,1.0
336,0,2.0,1.0,0.9999998211860657
336,1,5.0,1.0,0.9999999403953552
336,2,10.0,1.0,1.0
336,3,20.0,1.0,1.0
337,0,2.0,1.0,0.9999998211860657
337,1,5.0,1.0,0.9999999403953552
337,2,10.0,1.0,1.0
337,3,20.0,1.0,1.0
338,0,2.0,1.0,0.9999998211860657
338,1,5.0,1.0,0.9999999403953552
338,2,10.0,1.0,1.0
338,3,20.0,1.0,1.0
339,0,2.0,1.0,0.9999998211860657
339,1,5.0,1.0,0.9999999403953552
339,2,10.0,1.0,1.0
339,3,20.0,1.0,1.0
340,0,2.0,1.0,0.9999998211860657
340,1,5.0,1.0,0.9999999403953552
340,2,10.0,1.0,1.0
340,3,20.0,1.0,1.0
341,0,2.0,1.0,0.9999998211860657
341,1,5.0,1.0,0.9999999403953552
341,2,10.0,1.0,1.0
341,3,20.0,1.0,1.0
342,0,2.0,1.0,0.9999998211860657
342,1,5.0,1.0,0.9999999403953552
342,2,10.0,1.0,1.0
342,3,20.0,1.0,1.0
343,0,2.0,1.0,0.9999998211860657
343,1,5.0,1.0,0.9999999403953552
343,2,10.0,1.0,1.0
343,3,20.0,1.0,1.0
344,0,2.0,1.0,0.9999998211860657
344,1,5.0,1.0,0.9999999403953552
344,2,10.0,1.0,1.0
344,3,20.0,1.0,1.0
345,0,2.0,1.0,0.9999998211860657
345,1,5.0,1.0,0.9999999403953552
345,2,10.0,1.0,1.0
345,3,20.0,1.0,1.0
346,0,2.0,1.0,0.9999998211860657
346,1,5.0,1.0,0.9999999403953552
346,2,10.0,1.0,1.0
346,3,20.0,1.0,1.0
347,0,2.0,1.0,0.9999998211860657
347,1,5.0,1.0,0.9999999403953552
347,2,10.0,1.0,1.0
347,3,20.0,1.0,1.0
348,0,2.0,1.0,0.9999998211860657
348,1,5.0,1.0,0.9999999403953552
348,2,10.0,1.0,1.0
348,3,20.0,1.0,1.0
349,0,2.0,1.0,0.9999998211860657
349,1,5.0,1.0,0.9999999403953552
349,2,10.0,1.0,1.0
349,3,20.0,1.0,1.0
350,0,2.0,1.0,0.9999998211860657
350,1,5.0,1.0,0.9999999403953552
350,2,10.0,1.0,1.0
350,3,20.0,1.0,1.0
351,0,2.0,1.0,0.9999998211860657
351,1,5.0,1.0,0.9999999403953552
351,2,10.0,1.0,1.0
351,3,20.0,1.0,1.0
352,0,2.0,1.0,0.9999998211860657
352,1,5.0,1.0,0.9999999403953552
352,2,10.0,1.0,1.0
352,3,20.0,1.0,1.0
353,0,2.0,1.0,0.9999998211860657
353,1,5.0,1.0,0.9999999403953552
353,2,10.0,1.0,1.0
353,3,20.0,1.0,1.0
354,0,2.0,1.0,0.9999998211860657
354,1,5.0,1.0,0.9999999403953552
354,2,10.0,1.0,1.0
354,3,20.0,1.0,1.0
355,0,2.0,1.0,0.9999998211860657
355,1,5.0,1.0,0.9999999403953552
355,2,10.0,1.0,1.0
355,3,20.0,1.0,1.0
356,0,2.0,1.0,0.9999998211860657
356,1,5.0,1.0,0.9999999403953552
356,2,10.0,1.0,1.0
356,3,20.0,1.0,1.0
357,0,2.0,1.0,0.9999998211860657
357,1,5.0,1.0,0.9999999403953552
357,2,10.0,1.0,1.0
357,3,20.0,1.0,1.0
358,0,2.0,1.0,0.9999998211860657
358,1,5.0,1.0,0.9999999403953552
358,2,10.0,1.0,1.0
358,3,20.0,1.0,1.0
359,0,2.0,1.0,0.9999998211860657
359,1,5.0,1.0,0.9999999403953552
359,2,10.0,1.0,1.0
359,3,20.0,1.0,1.0
360,0,2.0,1.0,0.9999998211860657
360,1,5.0,1.0,0.9999999403953552
360,2,10.0,1.0,1.0
360,3,20.0,1.0,1.0
361,0,2.0,1.0,0.9999998211860657
361,1,5.0,1.0,0.9999999403953552
361,2,10.0,1.0,1.0
361,3,20.0,1.0,1.0
362,0,2.0,1.0,0.9999998211860657
362,1,5.0,1.0,0.9999999403953552
362,2,10.0,1.0,1.0
362,3,20.0,1.0,1.0
363,0,2.0,1.0,0.9999998211860657
363,1,5.0,1.0,0.9999999403953552
363,2,10.0,1.0,1.0
363,3,20.0,1.0,1.0
364,0,2.0,1.0,0.9999998211860657
364,1,5.0,1.0,0.9999999403953552
364,2,10.0,1.0,1.0
364,3,20.0,1.0,1.0
365,0,2.0,1.0,0.9999998211860657
365,1,5.0,1.0,0.9999999403953552
365,2,10.0,1.0,1.0
365,3,20.0,1.0,1.0
366,0,2.0,1.0,0.9999998211860657
366,1,5.0,1.0,0.9999999403953552
366,2,10.0,1.0,1.0
366,3,20.0,1.0,1.0
367,0,2.0,1.0,0.9999998211860657
367,1,5.0,1.0,0.9999999403953552
367,2,10.0,1.0,1.0
367,3,20.0,1.0,1.0
368,0,2.0,1.0,0.9999998211860657
368,1,5.0,1.0,0.9999999403953552
368,2,10.0,1.0,1.0
368,3,20.0,1.0,1.0
369,0,2.0,1.0,0.9999998211860657
369,1,5.0,1.0,0.9999999403953552
369,2,10.0,1.0,1.0
369,3,20.0,1.0,1.0
370,0,2.0,1.0,0.9999998211860657
370,1,5.0,1.0,0.9999999403953552
370,2,10.0,1.0,1.0
370,3,20.0,1.0,1.0
371,0,2.0,1.0,0.9999998211860657
371,1,5.0,1.0,0.9999999403953552
371,2,10.0,1.0,1.0
371,3,20.0,1.0,1.0
372,0,2.0,1.0,0.9999998211860657
372,1,5.0,1.0,0.9999999403953552
372,2,10.0,1.0,1.0
372,3,20.0,1.0,1.0
373,0,2.0,1.0,0.9999998211860657
373,1,5.0,1.0,0.9999999403953552
373,2,10.0,1.0,1.0
373,3,20.0,1.0,1.0
374,0,2.0,1.0,0.9999998211860657
374,1,5.0,1.0,0.9999999403953552
374,2,10.0,1.0,1.0
374,3,20.0,1.0,1.0
375,0,2.0,1.0,0.9999998211860657
375,1,5.0,1.0,0.9999999403953552
375,2,10.0,1.0,1.0
375,3,20.0,1.0,1.0
376,0,2.0,1.0,0.9999998211860657
376,1,5.0,1.0,0.9999999403953552
376,2,10.0,1.0,1.0
376,3,20.0,1.0,1.0
377,0,2.0,1.0,0.9999998211860657
377,1,5.0,1.0,0.9999999403953552
377,2,10.0,1.0,1.0
377,3,20.0,1.0,1.0
378,0,2.0,1.0,0.9999998211860657
378,1,5.0,1.0,0.9999999403953552
378,2,10.0,1.0,1.0
378,3,20.0,1.0,1.0
379,0,2.0,1.0,0.9999998211860657
379,1,5.0,1.0,0.9999999403953552
379,2,10.0,1.0,1.0
379,3,20.0,1.0,1.0
380,0,2.0,1.0,0.9999998211860657
380,1,5.0,1.0,0.9999999403953552
380,2,10.0,1.0,1.0
380,3,20.0,1.0,1.0
381,0,2.0,1.0,0.9999998211860657
381,1,5.0,1.0,0.9999999403953552
381,2,10.0,1.0,1.0
381,3,20.0,1.0,1.0
382,0,2.0,1.0,0.9999998211860657
382,1,5.0,1.0,0.9999999403953552
382,2,10.0,1.0,1.0
382,3,20.0,1.0,1.0
383,0,2.0,1.0,0.9999998211860657
383,1,5.0,1.0,0.9999999403953552
383,2,10.0,1.0,1.0
383,3,20.0,1.0,1.0
384,0,2.0,1.0,0.9999998211860657
384,1,5.0,1.0,0.9999999403953552
384,2,10.0,1.0,1.0
384,3,20.0,1.0,1.0
385,0,2.0,1.0,0.9999998211860657
385,1,5.0,1.0,0.9999999403953552
385,2,10.0,1.0,1.0
385,3,20.0,1.0,1.0
386,0,2.0,1.0,0.9999998211860657
386,1,5.0,1.0,0.9999999403953552
386,2,10.0,1.0,1.0
386,3,20.0,1.0,1.0
387,0,2.0,1.0,0.9999998211860657
387,1,5.0,1.0,0.9999999403953552
387,2,10.0,1.0,1.0
387,3,20.0,1.0,1.0
388,0,2.0,1.0,0.9999998211860657
388,1,5.0,1.0,0.9999999403953552
388,2,10.0,1.0,1.0
388,3,20.0,1.0,1.0
389,0,2.0,1.0,0.9999998211860657
389,1,5.0,1.0,0.9999999403953552
389,2,10.0,1.0,1.0
389,3,20.0,1.0,1.0
390,0,2.0,1.0,0.9999998211860657
390,1,5.0,1.0,0.9999999403953552
390,2,10.0,1.0,1.0
390,3,20.0,1.0,1.0
391,0,2.0,1.0,0.9999998211860657
391,1,5.0,1.0,0.9999999403953552
391,2,10.0,1.0,1.0
391,3,20.0,1.0,1.0
392,0,2.0,1.0,0.9999998211860657
392,1,5.0,1.0,0.9999999403953552
392,2,10.0,1.0,1.0
392,3,20.0,1.0,1.0
393,0,2.0,1.0,0.9999998211860657
393,1,5.0,1.0,0.9999999403953552
393,2,10.0,1.0,1.0
393,3,20.0,1.0,1.0
394,0,2.0,1.0,0.9999998211860657
394,1,5.0,1.0,0.9999999403953552
394,2,10.0,1.0,1.0
394,3,20.0,1.0,1.0
395,0,2.0,1.0,0.9999998211860657
395,1,5.0,1.0,0.9999999403953552
395,2,10.0,1.0,1.0
395,3,20.0,1.0,1.0
396,0,2.0,1.0,0.9999998211860657
396,1,5.0,1.0,0.9999999403953552
396,2,10.0,1.0,1.0
396,3,20.0,1.0,1.0
397,0,2.0,1.0,0.9999998211860657
397,1,5.0,1.0,0.9999999403953552
397,2,10.0,1.0,1.0
397,3,20.0,1.0,1.0
398,0,2.0,1.0,0.9999998211860657
398,1,5.0,1.0,0.9999999403953552
398,2,10.0,1.0,1.0
398,3,20.0,1.0,1.0
399,0,2.0,1.0,0.9999998211860657
399,1,5.0,1.0,0.9999999403953552
399,2,10.0,1.0,1.0
399,3,20.0,1.0,1.0
