step,env_id,limit,input_action,output_action
0,0,0.5,-1.2000000476837158,-0.5
0,1,0.699999988079071,-1.2000000476837158,-0.699999988079071
0,2,0.8500000238418579,-1.2000000476837158,-0.8500000238418579
0,3,1.0,-1.2000000476837158,-1.0
1,0,0.5,-1.1939849853515625,-0.5
1,1,0.699999988079071,-1.1939849853515625,-0.699999988079071
1,2,0.8500000238418579,-1.1939849853515625,-0.8500000238418579
1,3,1.0,-1.1939849853515625,-1.0
2,0,0.5,-1.1879699230194092,-0.5
2,1,0.699999988079071,-1.1879699230194092,-0.699999988079071
2,2,0.8500000238418579,-1.1879699230194092,-0.8500000238418579
2,3,1.0,-1.1879699230194092,-1.0
3,0,0.5,-1.1819549798965454,-0.5
3,1,0.699999988079071,-1.1819549798965454,-0.699999988079071
3,2,0.8500000238418579,-1.1819549798965454,-0.8500000238418579
3,3,1.0,-1.1819549798965454,-1.0
4,0,0.5,-1.175939917564392,-0.5
4,1,0.699999988079071,-1.175939917564392,-0.699999988079071
4,2,0.8500000238418579,-1.175939917564392,-0.8500000238418579
4,3,1.0,-1.175939917564392,-1.0
5,0,0.5,-1.1699248552322388,-0.5
5,1,0.699999988079071,-1.1699248552322388,-0.699999988079071
5,2,0.8500000238418579,-1.1699248552322388,-0.8500000238418579
5,3,1.0,-1.1699248552322388,-1.0
6,0,0.5,-1.1639097929000854,-0.5
6,1,0.699999988079071,-1.1639097929000854,-0.699999988079071
6,2,0.8500000238418579,-1.1639097929000854,-0.8500000238418579
6,3,1.0,-1.1639097929000854,-1.0
7,0,0.5,-1.1578947305679321,-0.5
7,1,0.699999988079071,-1.1578947305679321,-0.699999988079071
7,2,0.8500000238418579,-1.1578947305679321,-0.8500000238418579
7,3,1.0,-1.1578947305679321,-1.0
8,0,0.5,-1.1518797874450684,-0.5
8,1,0.699999988079071,-1.1518797874450684,-0.699999988079071
8,2,0.8500000238418579,-1.1518797874450684,-0.8500000238418579
8,3,1.0,-1.1518797874450684,-1.0
9,0,0.5,-1.145864725112915,-0.5
9,1,0.699999988079071,-1.145864725112915,-0.699999988079071
9,2,0.8500000238418579,-1.145864725112915,-0.8500000238418579
9,3,1.0,-1.145864725112915,-1.0
10,0,0.5,-1.1398496627807617,-0.5
10,1,0.699999988079071,-1.1398496627807617,-0.699999988079071
10,2,0.8500000238418579,-1.1398496627807617,-0.8500000238418579
10,3,1.0,-1.1398496627807617,-1.0
11,0,0.5,-1.1338346004486084,-0.5
11,1,0.699999988079071,-1.1338346004486084,-0.699999988079071
11,2,0.8500000238418579,-1.1338346004486084,-0.8500000238418579
11,3,1.0,-1.1338346004486084,-1.0
12,0,0.5,-1.127819538116455,-0.5
12,1,0.699999988079071,-1.127819538116455,-0.699999988079071
12,2,0.8500000238418579,-1.127819538116455,-0.8500000238418579
12,3,1.0,-1.127819538116455,-1.0
13,0,0.5,-1.1218045949935913,-0.5
13,1,0.699999988079071,-1.1218045949935913,-0.699999988079071
13,2,0.8500000238418579,-1.1218045949935913,-0.8500000238418579
13,3,1.0,-1.1218045949935913,-1.0
14,0,0.5,-1.115789532661438,-0.5
14,1,0.699999988079071,-1.115789532661438,-0.699999988079071
14,2,0.8500000238418579,-1.115789532661438,-0.8500000238418579
14,3,1.0,-1.115789532661438,-1.0
15,0,0.5,-1.1097744703292847,-0.5
15,1,0.699999988079071,-1.1097744703292847,-0.699999988079071
15,2,0.8500000238418579,-1.1097744703292847,-0.8500000238418579
15,3,1.0,-1.1097744703292847,-1.0
16,0,0.5,-1.1037594079971313,-0.5
16,1,0.699999988079071,-1.1037594079971313,-0.699999988079071
16,2,0.8500000238418579,-1.1037594079971313,-0.8500000238418579
16,3,1.0,-1.1037594079971313,-1.0
17,0,0.5,-1.0977444648742676,-0.5
17,1,0.699999988079071,-1.0977444648742676,-0.699999988079071
17,2,0.8500000238418579,-1.0977444648742676,-0.8500000238418579
17,3,1.0,-1.0977444648742676,-1.0
18,0,0.5,-1.0917294025421143,-0.5
18,1,0.699999988079071,-1.0917294025421143,-0.699999988079071
18,2,0.8500000238418579,-1.0917294025421143,-0.8500000238418579
18,3,1.0,-1.0917294025421143,-1.0
19,0,0.5,-1.085714340209961,-0.5
19,1,0.699999988079071,-1.085714340209961,-0.699999988079071
19,2,0.8500000238418579,-1.085714340209961,-0.8500000238418579
19,3,1.0,-1.085714340209961,-1.0
20,0,0.5,-1.0796992778778076,-0.5
20,1,0.699999988079071,-1.0796992778778076,-0.699999988079071
20,2,0.8500000238418579,-1.0796992778778076,-0.8500000238418579
20,3,1.0,-1.0796992778778076,-1.0
21,0,0.5,-1.0736842155456543,-0.5
21,1,0.699999988079071,-1.0736842155456543,-0.699999988079071
21,2,0.8500000238418579,-1.0736842155456543,-0.8500000238418579
21,3,1.0,-1.0736842155456543,-1.0
22,0,0.5,-1.0676692724227905,-0.5
22,1,0.699999988079071,-1.0676692724227905,-0.699999988079071
22,2,0.8500000238418579,-1.0676692724227905,-0.8500000238418579
22,3,1.0,-1.0676692724227905,-1.0
23,0,0.5,-1.0616542100906372,-0.5
23,1,0.699999988079071,-1.0616542100906372,-0.699999988079071
23,2,0.8500000238418579,-1.0616542100906372,-0.8500000238418579
23,3,1.0,-1.0616542100906372,-1.0
24,0,0.5,-1.0556391477584839,-0.5
24,1,0.699999988079071,-1.0556391477584839,-0.699999988079071
24,2,0.8500000238418579,-1.0556391477584839,-0.8500000238418579
24,3,1.0,-1.0556391477584839,-1.0
25,0,0.5,-1.0496240854263306,-0.5
25,1,0.699999988079071,-1.0496240854263306,-0.699999988079071
25,2,0.8500000238418579,-1.0496240854263306,-0.8500000238418579
25,3,1.0,-1.0496240854263306,-1.0
26,0,0.5,-1.0436090230941772,-0.5
26,1,0.699999988079071,-1.0436090230941772,-0.699999988079071
26,2,0.8500000238418579,-1.0436090230941772,-0.8500000238418579
26,3,1.0,-1.0436090230941772,-1.0
27,0,0.5,-1.0375940799713135,-0.5
27,1,0.699999988079071,-1.0375940799713135,-0.699999988079071
27,2,0.8500000238418579,-1.0375940799713135,-0.8500000238418579
27,3,1.0,-1.0375940799713135,-1.0
28,0,0.5,-1.0315790176391602,-0.5
28,1,0.699999988079071,-1.0315790176391602,-0.699999988079071
28,2,0.8500000238418579,-1.0315790176391602,-0.8500000238418579
28,3,1.0,-1.0315790176391602,-1.0
29,0,0.5,-1.0255639553070068,-0.5
29,1,0.699999988079071,-1.0255639553070068,-0.699999988079071
29,2,0.8500000238418579,-1.0255639553070068,-0.8500000238418579
29,3,1.0,-1.0255639553070068,-1.0
30,0,0.5,-1.0195488929748535,-0.5
30,1,0.699999988079071,-1.0195488929748535,-0.699999988079071
30,2,0.8500000238418579,-1.0195488929748535,-0.8500000238418579
30,3,1.0,-1.0195488929748535,-1.0
31,0,0.5,-1.0135338306427002,-0.5
31,1,0.699999988079071,-1.0135338306427002,-0.699999988079071
31,2,0.8500000238418579,-1.0135338306427002,-0.8500000238418579
31,3,1.0,-1.0135338306427002,-1.0
32,0,0.5,-1.0075188875198364,-0.5
32,1,0.699999988079071,-1.0075188875198364,-0.699999988079071
32,2,0.8500000238418579,-1.0075188875198364,-0.8500000238418579
32,3,1.0,-1.0075188875198364,-1.0
33,0,0.5,-1.001503825187683,-0.5
33,1,0.699999988079071,-1.001503825187683,-0.699999988079071
33,2,0.8500000238418579,-1.001503825187683,-0.8500000238418579
33,3,1.0,-1.001503825187683,-1.0
34,0,0.5,-0.9954887628555298,-0.5
34,1,0.699999988079071,-0.9954887628555298,-0.699999988079071
34,2,0.8500000238418579,-0.9954887628555298,-0.8500000238418579
34,3,1.0,-0.9954887628555298,-0.9954887628555298
35,0,0.5,-0.9894737005233765,-0.5
35,1,0.699999988079071,-0.9894737005233765,-0.699999988079071
35,2,0.8500000238418579,-0.9894737005233765,-0.8500000238418579
35,3,1.0,-0.9894737005233765,-0.9894737005233765
36,0,0.5,-0.9834586977958679,-0.5
36,1,0.699999988079071,-0.9834586977958679,-0.699999988079071
36,2,0.8500000238418579,-0.9834586977958679,-0.8500000238418579
36,3,1.0,-0.9834586977958679,-0.9834586977958679
37,0,0.5,-0.9774436354637146,-0.5
37,1,0.699999988079071,-0.9774436354637146,-0.699999988079071
37,2,0.8500000238418579,-0.9774436354637146,-0.8500000238418579
37,3,1.0,-0.9774436354637146,-0.9774436354637146
38,0,0.5,-0.971428632736206,-0.5
38,1,0.699999988079071,-0.971428632736206,-0.699999988079071
38,2,0.8500000238418579,-0.971428632736206,-0.8500000238418579
38,3,1.0,-0.971428632736206,-0.971428632736206
39,0,0.5,-0.9654135704040527,-0.5
39,1,0.699999988079071,-0.9654135704040527,-0.699999988079071
39,2,0.8500000238418579,-0.9654135704040527,-0.8500000238418579
39,3,1.0,-0.9654135704040527,-0.9654135704040527
40,0,0.5,-0.9593985676765442,-0.5
40,1,0.699999988079071,-0.9593985676765442,-0.699999988079071
40,2,0.8500000238418579,-0.9593985676765442,-0.8500000238418579
40,3,1.0,-0.9593985676765442,-0.9593985676765442
41,0,0.5,-0.9533835053443909,-0.5
41,1,0.699999988079071,-0.9533835053443909,-0.699999988079071
41,2,0.8500000238418579,-0.9533835053443909,-0.8500000238418579
41,3,1.0,-0.9533835053443909,-0.9533835053443909
42,0,0.5,-0.9473684430122375,-0.5
42,1,0.699999988079071,-0.9473684430122375,-0.699999988079071
42,2,0.8500000238418579,-0.9473684430122375,-0.8500000238418579
42,3,1.0,-0.9473684430122375,-0.9473684430122375
43,0,0.5,-0.941353440284729,-0.5
43,1,0.699999988079071,-0.941353440284729,-0.699999988079071
43,2,0.8500000238418579,-0.941353440284729,-0.8500000238418579
43,3,1.0,-0.941353440284729,-0.941353440284729
44,0,0.5,-0.9353383779525757,-0.5
44,1,0.699999988079071,-0.9353383779525757,-0.699999988079071
44,2,0.8500000238418579,-0.9353383779525757,-0.8500000238418579
44,3,1.0,-0.9353383779525757,-0.9353383779525757
45,0,0.5,-0.9293233752250671,-0.5
45,1,0.699999988079071,-0.9293233752250671,-0.699999988079071
45,2,0.8500000238418579,-0.9293233752250671,-0.8500000238418579
45,3,1.0,-0.9293233752250671,-0.9293233752250671
46,0,0.5,-0.9233083128929138,-0.5
46,1,0.699999988079071,-0.9233083128929138,-0.699999988079071
46,2,0.8500000238418579,-0.9233083128929138,-0.8500000238418579
46,3,1.0,-0.9233083128929138,-0.9233083128929138
47,0,0.5,-0.9172932505607605,-0.5
47,1,0.699999988079071,-0.9172932505607605,-0.699999988079071
47,2,0.8500000238418579,-0.9172932505607605,-0.8500000238418579
47,3,1.0,-0.9172932505607605,-0.9172932505607605
48,0,0.5,-0.911278247833252,-0.5
48,1,0.699999988079071,-0.911278247833252,-0.699999988079071
48,2,0.8500000238418579,-0.911278247833252,-0.8500000238418579
48,3,1.0,-0.911278247833252,-0.911278247833252
49,0,0.5,-0.9052631855010986,-0.5
49,1,0.699999988079071,-0.9052631855010986,-0.699999988079071
49,2,0.8500000238418579,-0.9052631855010986,-0.8500000238418579
49,3,1.0,-0.9052631855010986,-0.9052631855010986
50,0,0.5,-0.8992481827735901,-0.5
50,1,0.699999988079071,-0.8992481827735901,-0.699999988079071
50,2,0.8500000238418579,-0.8992481827735901,-0.8500000238418579
50,3,1.0,-0.8992481827735901,-0.8992481827735901
51,0,0.5,-0.8932331204414368,-0.5
51,1,0.699999988079071,-0.8932331204414368,-0.699999988079071
51,2,0.8500000238418579,-0.8932331204414368,-0.8500000238418579
51,3,1.0,-0.8932331204414368,-0.8932331204414368
52,0,0.5,-0.8872181177139282,-0.5
52,1,0.699999988079071,-0.8872181177139282,-0.699999988079071
52,2,0.8500000238418579,-0.8872181177139282,-0.8500000238418579
52,3,1.0,-0.8872181177139282,-0.8872181177139282
53,0,0.5,-0.8812030553817749,-0.5
53,1,0.699999988079071,-0.8812030553817749,-0.699999988079071
53,2,0.8500000238418579,-0.8812030553817749,-0.8500000238418579
53,3,1.0,-0.8812030553817749,-0.8812030553817749
54,0,0.5,-0.8751879930496216,-0.5
54,1,0.699999988079071,-0.8751879930496216,-0.699999988079071
54,2,0.8500000238418579,-0.8751879930496216,-0.8500000238418579
54,3,1.0,-0.8751879930496216,-0.8751879930496216
55,0,0.5,-0.869172990322113,-0.5
55,1,0.699999988079071,-0.869172990322113,-0.699999988079071
55,2,0.8500000238418579,-0.869172990322113,-0.8500000238418579
55,3,1.0,-0.869172990322113,-0.869172990322113
56,0,0.5,-0.8631579279899597,-0.5
56,1,0.699999988079071,-0.8631579279899597,-0.699999988079071
56,2,0.8500000238418579,-0.8631579279899597,-0.8500000238418579
56,3,1.0,-0.8631579279899597,-0.8631579279899597
57,0,0.5,-0.8571429252624512,-0.5
57,1,0.699999988079071,-0.8571429252624512,-0.699999988079071
57,2,0.8500000238418579,-0.8571429252624512,-0.8500000238418579
57,3,1.0,-0.8571429252624512,-0.8571429252624512
58,0,0.5,-0.8511278629302979,-0.5
58,1,0.699999988079071,-0.8511278629302979,-0.699999988079071
58,2,0.8500000238418579,-0.8511278629302979,-0.8500000238418579
58,3,1.0,-0.8511278629302979,-0.8511278629302979
59,0,0.5,-0.8451128005981445,-0.5
59,1,0.699999988079071,-0.8451128005981445,-0.699999988079071
59,2,0.8500000238418579,-0.8451128005981445,-0.8451128005981445
59,3,1.0,-0.8451128005981445,-0.8451128005981445
60,0,0.5,-0.839097797870636,-0.5
60,1,0.699999988079071,-0.839097797870636,-0.699999988079071
60,2,0.8500000238418579,-0.839097797870636,-0.839097797870636
60,3,1.0,-0.839097797870636,-0.839097797870636
61,0,0.5,-0.8330827355384827,-0.5
61,1,0.699999988079071,-0.8330827355384827,-0.699999988079071
61,2,0.8500000238418579,-0.8330827355384827,-0.8330827355384827
61,3,1.0,-0.8330827355384827,-0.8330827355384827
62,0,0.5,-0.8270677328109741,-0.5
62,1,0.699999988079071,-0.8270677328109741,-0.699999988079071
62,2,0.8500000238418579,-0.8270677328109741,-0.8270677328109741
62,3,1.0,-0.8270677328109741,-0.8270677328109741
63,0,0.5,-0.8210526704788208,-0.5
63,1,0.699999988079071,-0.8210526704788208,-0.699999988079071
63,2,0.8500000238418579,-0.8210526704788208,-0.8210526704788208
63,3,1.0,-0.8210526704788208,-0.8210526704788208
64,0,0.5,-0.8150376081466675,-0.5
64,1,0.699999988079071,-0.8150376081466675,-0.699999988079071
64,2,0.8500000238418579,-0.8150376081466675,-0.8150376081466675
64,3,1.0,-0.8150376081466675,-0.8150376081466675
65,0,0.5,-0.8090226054191589,-0.5
65,1,0.699999988079071,-0.8090226054191589,-0.699999988079071
65,2,0.8500000238418579,-0.8090226054191589,-0.8090226054191589
65,3,1.0,-0.8090226054191589,-0.8090226054191589
66,0,0.5,-0.8030075430870056,-0.5
66,1,0.699999988079071,-0.8030075430870056,-0.699999988079071
66,2,0.8500000238418579,-0.8030075430870056,-0.8030075430870056
66,3,1.0,-0.8030075430870056,-0.8030075430870056
67,0,0.5,-0.7969925403594971,-0.5
67,1,0.699999988079071,-0.7969925403594971,-0.699999988079071
67,2,0.8500000238418579,-0.7969925403594971,-0.7969925403594971
67,3,1.0,-0.7969925403594971,-0.7969925403594971
68,0,0.5,-0.7909774780273438,-0.5
68,1,0.699999988079071,-0.7909774780273438,-0.699999988079071
68,2,0.8500000238418579,-0.7909774780273438,-0.7909774780273438
68,3,1.0,-0.7909774780273438,-0.7909774780273438
69,0,0.5,-0.7849624752998352,-0.5
69,1,0.699999988079071,-0.7849624752998352,-0.699999988079071
69,2,0.8500000238418579,-0.7849624752998352,-0.7849624752998352
69,3,1.0,-0.7849624752998352,-0.7849624752998352
70,0,0.5,-0.7789474129676819,-0.5
70,1,0.699999988079071,-0.7789474129676819,-0.699999988079071
70,2,0.8500000238418579,-0.7789474129676819,-0.7789474129676819
70,3,1.0,-0.7789474129676819,-0.7789474129676819
71,0,0.5,-0.7729323506355286,-0.5
71,1,0.699999988079071,-0.7729323506355286,-0.699999988079071
71,2,0.8500000238418579,-0.7729323506355286,-0.7729323506355286
71,3,1.0,-0.7729323506355286,-0.7729323506355286
72,0,0.5,-0.76691734790802,-0.5
72,1,0.699999988079071,-0.76691734790802,-0.699999988079071
72,2,0.8500000238418579,-0.76691734790802,-0.76691734790802
72,3,1.0,-0.76691734790802,-0.76691734790802
73,0,0.5,-0.7609022855758667,-0.5
73,1,0.699999988079071,-0.7609022855758667,-0.699999988079071
73,2,0.8500000238418579,-0.7609022855758667,-0.7609022855758667
73,3,1.0,-0.7609022855758667,-0.7609022855758667
74,0,0.5,-0.7548872828483582,-0.5
74,1,0.699999988079071,-0.7548872828483582,-0.699999988079071
74,2,0.8500000238418579,-0.7548872828483582,-0.7548872828483582
74,3,1.0,-0.7548872828483582,-0.7548872828483582
75,0,0.5,-0.7488722205162048,-0.5
75,1,0.699999988079071,-0.7488722205162048,-0.699999988079071
75,2,0.8500000238418579,-0.7488722205162048,-0.7488722205162048
75,3,1.0,-0.7488722205162048,-0.7488722205162048
76,0,0.5,-0.7428571581840515,-0.5
76,1,0.699999988079071,-0.7428571581840515,-0.699999988079071
76,2,0.8500000238418579,-0.7428571581840515,-0.7428571581840515
76,3,1.0,-0.7428571581840515,-0.7428571581840515
77,0,0.5,-0.736842155456543,-0.5
77,1,0.699999988079071,-0.736842155456543,-0.699999988079071
77,2,0.8500000238418579,-0.736842155456543,-0.736842155456543
77,3,1.0,-0.736842155456543,-0.736842155456543
78,0,0.5,-0.7308270931243896,-0.5
78,1,0.699999988079071,-0.7308270931243896,-0.699999988079071
78,2,0.8500000238418579,-0.7308270931243896,-0.7308270931243896
78,3,1.0,-0.7308270931243896,-0.7308270931243896
79,0,0.5,-0.7248120903968811,-0.5
79,1,0.699999988079071,-0.7248120903968811,-0.699999988079071
79,2,0.8500000238418579,-0.7248120903968811,-0.7248120903968811
79,3,1.0,-0.7248120903968811,-0.7248120903968811
80,0,0.5,-0.7187970280647278,-0.5
80,1,0.699999988079071,-0.7187970280647278,-0.699999988079071
80,2,0.8500000238418579,-0.7187970280647278,-0.7187970280647278
80,3,1.0,-0.7187970280647278,-0.7187970280647278
81,0,0.5,-0.7127820253372192,-0.5
81,1,0.699999988079071,-0.7127820253372192,-0.699999988079071
81,2,0.8500000238418579,-0.7127820253372192,-0.7127820253372192
81,3,1.0,-0.7127820253372192,-0.7127820253372192
82,0,0.5,-0.7067669630050659,-0.5
82,1,0.699999988079071,-0.7067669630050659,-0.699999988079071
82,2,0.8500000238418579,-0.7067669630050659,-0.7067669630050659
82,3,1.0,-0.7067669630050659,-0.7067669630050659
83,0,0.5,-0.7007519006729126,-0.5
83,1,0.699999988079071,-0.7007519006729126,-0.699999988079071
83,2,0.8500000238418579,-0.7007519006729126,-0.7007519006729126
83,3,1.0,-0.7007519006729126,-0.7007519006729126
84,0,0.5,-0.694736897945404,-0.5
84,1,0.699999988079071,-0.694736897945404,-0.694736897945404
84,2,0.8500000238418579,-0.694736897945404,-0.694736897945404
84,3,1.0,-0.694736897945404,-0.694736897945404
85,0,0.5,-0.6887218356132507,-0.5
85,1,0.699999988079071,-0.6887218356132507,-0.6887218356132507
85,2,0.8500000238418579,-0.6887218356132507,-0.6887218356132507
85,3,1.0,-0.6887218356132507,-0.6887218356132507
86,0,0.5,-0.6827068328857422,-0.5
86,1,0.699999988079071,-0.6827068328857422,-0.6827068328857422
86,2,0.8500000238418579,-0.6827068328857422,-0.6827068328857422
86,3,1.0,-0.6827068328857422,-0.6827068328857422
87,0,0.5,-0.6766917705535889,-0.5
87,1,0.699999988079071,-0.6766917705535889,-0.6766917705535889
87,2,0.8500000238418579,-0.6766917705535889,-0.6766917705535889
87,3,1.0,-0.6766917705535889,-0.6766917705535889
88,0,0.5,-0.6706767082214355,-0.5
88,1,0.699999988079071,-0.6706767082214355,-0.6706767082214355
88,2,0.8500000238418579,-0.6706767082214355,-0.6706767082214355
88,3,1.0,-0.6706767082214355,-0.6706767082214355
89,0,0.5,-0.664661705493927,-0.5
89,1,0.699999988079071,-0.664661705493927,-0.664661705493927
89,2,0.8500000238418579,-0.664661705493927,-0.664661705493927
89,3,1.0,-0.664661705493927,-0.664661705493927
90,0,0.5,-0.6586466431617737,-0.5
90,1,0.699999988079071,-0.6586466431617737,-0.6586466431617737
90,2,0.8500000238418579,-0.6586466431617737,-0.6586466431617737
90,3,1.0,-0.6586466431617737,-0.6586466431617737
91,0,0.5,-0.6526316404342651,-0.5
91,1,0.699999988079071,-0.6526316404342651,-0.6526316404342651
91,2,0.8500000238418579,-0.6526316404342651,-0.6526316404342651
91,3,1.0,-0.6526316404342651,-0.6526316404342651
92,0,0.5,-0.6466165781021118,-0.5
92,1,0.699999988079071,-0.6466165781021118,-0.6466165781021118
92,2,0.8500000238418579,-0.6466165781021118,-0.6466165781021118
92,3,1.0,-0.6466165781021118,-0.6466165781021118
93,0,0.5,-0.6406015753746033,-0.5
93,1,0.699999988079071,-0.6406015753746033,-0.6406015753746033
93,2,0.8500000238418579,-0.6406015753746033,-0.6406015753746033
93,3,1.0,-0.6406015753746033,-0.6406015753746033
94,0,0.5,-0.63458651304245,-0.5
94,1,0.699999988079071,-0.63458651304245,-0.63458651304245
94,2,0.8500000238418579,-0.63458651304245,-0.63458651304245
94,3,1.0,-0.63458651304245,-0.63458651304245
95,0,0.5,-0.6285714507102966,-0.5
95,1,0.699999988079071,-0.6285714507102966,-0.6285714507102966
95,2,0.8500000238418579,-0.6285714507102966,-0.6285714507102966
95,3,1.0,-0.6285714507102966,-0.6285714507102966
96,0,0.5,-0.6225564479827881,-0.5
96,1,0.699999988079071,-0.6225564479827881,-0.6225564479827881
96,2,0.8500000238418579,-0.6225564479827881,-0.6225564479827881
96,3,1.0,-0.6225564479827881,-0.6225564479827881
97,0,0.5,-0.6165413856506348,-0.5
97,1,0.699999988079071,-0.6165413856506348,-0.6165413856506348
97,2,0.8500000238418579,-0.6165413856506348,-0.6165413856506348
97,3,1.0,-0.6165413856506348,-0.6165413856506348
98,0,0.5,-0.6105263829231262,-0.5
98,1,0.699999988079071,-0.6105263829231262,-0.6105263829231262
98,2,0.8500000238418579,-0.6105263829231262,-0.6105263829231262
98,3,1.0,-0.6105263829231262,-0.6105263829231262
99,0,0.5,-0.6045113205909729,-0.5
99,1,0.699999988079071,-0.6045113205909729,-0.6045113205909729
99,2,0.8500000238418579,-0.6045113205909729,-0.6045113205909729
99,3,1.0,-0.6045113205909729,-0.6045113205909729
100,0,0.5,-0.5984962582588196,-0.5
100,1,0.699999988079071,-0.5984962582588196,-0.5984962582588196
100,2,0.8500000238418579,-0.5984962582588196,-0.5984962582588196
100,3,1.0,-0.5984962582588196,-0.5984962582588196
101,0,0.5,-0.592481255531311,-0.5
101,1,0.699999988079071,-0.592481255531311,-0.592481255531311
101,2,0.8500000238418579,-0.592481255531311,-0.592481255531311
101,3,1.0,-0.592481255531311,-0.592481255531311
102,0,0.5,-0.5864661931991577,-0.5
102,1,0.699999988079071,-0.5864661931991577,-0.5864661931991577
102,2,0.8500000238418579,-0.5864661931991577,-0.5864661931991577
102,3,1.0,-0.5864661931991577,-0.5864661931991577
103,0,0.5,-0.5804511904716492,-0.5
103,1,0.699999988079071,-0.5804511904716492,-0.5804511904716492
103,2,0.8500000238418579,-0.5804511904716492,-0.5804511904716492
103,3,1.0,-0.5804511904716492,-0.5804511904716492
104,0,0.5,-0.5744361281394958,-0.5
104,1,0.699999988079071,-0.5744361281394958,-0.5744361281394958
104,2,0.8500000238418579,-0.5744361281394958,-0.5744361281394958
104,3,1.0,-0.5744361281394958,-0.5744361281394958
105,0,0.5,-0.5684210658073425,-0.5
105,1,0.699999988079071,-0.5684210658073425,-0.5684210658073425
105,2,0.8500000238418579,-0.5684210658073425,-0.5684210658073425
105,3,1.0,-0.5684210658073425,-0.5684210658073425
106,0,0.5,-0.562406063079834,-0.5
106,1,0.699999988079071,-0.562406063079834,-0.562406063079834
106,2,0.8500000238418579,-0.562406063079834,-0.562406063079834
106,3,1.0,-0.562406063079834,-0.562406063079834
107,0,0.5,-0.5563910007476807,-0.5
107,1,0.699999988079071,-0.5563910007476807,-0.5563910007476807
107,2,0.8500000238418579,-0.5563910007476807,-0.5563910007476807
107,3,1.0,-0.5563910007476807,-0.5563910007476807
108,0,0.5,-0.5503759980201721,-0.5
108,1,0.699999988079071,-0.5503759980201721,-0.5503759980201721
108,2,0.8500000238418579,-0.5503759980201721,-0.5503759980201721
108,3,1.0,-0.5503759980201721,-0.5503759980201721
109,0,0.5,-0.5443609356880188,-0.5
109,1,0.699999988079071,-0.5443609356880188,-0.5443609356880188
109,2,0.8500000238418579,-0.5443609356880188,-0.5443609356880188
109,3,1.0,-0.5443609356880188,-0.5443609356880188
110,0,0.5,-0.5383459329605103,-0.5
110,1,0.699999988079071,-0.5383459329605103,-0.5383459329605103
110,2,0.8500000238418579,-0.5383459329605103,-0.5383459329605103
110,3,1.0,-0.5383459329605103,-0.5383459329605103
111,0,0.5,-0.5323308706283569,-0.5
111,1,0.699999988079071,-0.5323308706283569,-0.5323308706283569
111,2,0.8500000238418579,-0.5323308706283569,-0.5323308706283569
111,3,1.0,-0.5323308706283569,-0.5323308706283569
112,0,0.5,-0.5263158082962036,-0.5
112,1,0.699999988079071,-0.5263158082962036,-0.5263158082962036
112,2,0.8500000238418579,-0.5263158082962036,-0.5263158082962036
112,3,1.0,-0.5263158082962036,-0.5263158082962036
113,0,0.5,-0.5203008055686951,-0.5
113,1,0.699999988079071,-0.5203008055686951,-0.5203008055686951
113,2,0.8500000238418579,-0.5203008055686951,-0.5203008055686951
113,3,1.0,-0.5203008055686951,-0.5203008055686951
114,0,0.5,-0.5142857432365417,-0.5
114,1,0.699999988079071,-0.5142857432365417,-0.5142857432365417
114,2,0.8500000238418579,-0.5142857432365417,-0.5142857432365417
114,3,1.0,-0.5142857432365417,-0.5142857432365417
115,0,0.5,-0.5082707405090332,-0.5
115,1,0.699999988079071,-0.5082707405090332,-0.5082707405090332
115,2,0.8500000238418579,-0.5082707405090332,-0.5082707405090332
115,3,1.0,-0.5082707405090332,-0.5082707405090332
116,0,0.5,-0.5022556781768799,-0.5
116,1,0.699999988079071,-0.5022556781768799,-0.5022556781768799
116,2,0.8500000238418579,-0.5022556781768799,-0.5022556781768799
116,3,1.0,-0.5022556781768799,-0.5022556781768799
117,0,0.5,-0.49624064564704895,-0.49624064564704895
117,1,0.699999988079071,-0.49624064564704895,-0.49624064564704895
117,2,0.8500000238418579,-0.49624064564704895,-0.49624064564704895
117,3,1.0,-0.49624064564704895,-0.49624064564704895
118,0,0.5,-0.490225613117218,-0.490225613117218
118,1,0.699999988079071,-0.490225613117218,-0.490225613117218
118,2,0.8500000238418579,-0.490225613117218,-0.490225613117218
118,3,1.0,-0.490225613117218,-0.490225613117218
119,0,0.5,-0.4842105805873871,-0.4842105805873871
119,1,0.699999988079071,-0.4842105805873871,-0.4842105805873871
119,2,0.8500000238418579,-0.4842105805873871,-0.4842105805873871
119,3,1.0,-0.4842105805873871,-0.4842105805873871
120,0,0.5,-0.47819551825523376,-0.47819551825523376
120,1,0.699999988079071,-0.47819551825523376,-0.47819551825523376
120,2,0.8500000238418579,-0.47819551825523376,-0.47819551825523376
120,3,1.0,-0.47819551825523376,-0.47819551825523376
121,0,0.5,-0.47218048572540283,-0.47218048572540283
121,1,0.699999988079071,-0.47218048572540283,-0.47218048572540283
121,2,0.8500000238418579,-0.47218048572540283,-0.47218048572540283
121,3,1.0,-0.47218048572540283,-0.47218048572540283
122,0,0.5,-0.4661654531955719,-0.4661654531955719
122,1,0.699999988079071,-0.4661654531955719,-0.4661654531955719
122,2,0.8500000238418579,-0.4661654531955719,-0.4661654531955719
122,3,1.0,-0.4661654531955719,-0.4661654531955719
123,0,0.5,-0.46015042066574097,-0.46015042066574097
123,1,0.699999988079071,-0.46015042066574097,-0.46015042066574097
123,2,0.8500000238418579,-0.46015042066574097,-0.46015042066574097
123,3,1.0,-0.46015042066574097,-0.46015042066574097
124,0,0.5,-0.45413538813591003,-0.45413538813591003
124,1,0.699999988079071,-0.45413538813591003,-0.45413538813591003
124,2,0.8500000238418579,-0.45413538813591003,-0.45413538813591003
124,3,1.0,-0.45413538813591003,-0.45413538813591003
125,0,0.5,-0.4481203556060791,-0.4481203556060791
125,1,0.699999988079071,-0.4481203556060791,-0.4481203556060791
125,2,0.8500000238418579,-0.4481203556060791,-0.4481203556060791
125,3,1.0,-0.4481203556060791,-0.4481203556060791
126,0,0.5,-0.4421052932739258,-0.4421052932739258
126,1,0.699999988079071,-0.4421052932739258,-0.4421052932739258
126,2,0.8500000238418579,-0.4421052932739258,-0.4421052932739258
126,3,1.0,-0.4421052932739258,-0.4421052932739258
127,0,0.5,-0.43609026074409485,-0.43609026074409485
127,1,0.699999988079071,-0.43609026074409485,-0.43609026074409485
127,2,0.8500000238418579,-0.43609026074409485,-0.43609026074409485
127,3,1.0,-0.43609026074409485,-0.43609026074409485
128,0,0.5,-0.4300752282142639,-0.4300752282142639
128,1,0.699999988079071,-0.4300752282142639,-0.4300752282142639
128,2,0.8500000238418579,-0.4300752282142639,-0.4300752282142639
128,3,1.0,-0.4300752282142639,-0.4300752282142639
129,0,0.5,-0.424060195684433,-0.424060195684433
129,1,0.699999988079071,-0.424060195684433,-0.424060195684433
129,2,0.8500000238418579,-0.424060195684433,-0.424060195684433
129,3,1.0,-0.424060195684433,-0.424060195684433
130,0,0.5,-0.41804516315460205,-0.41804516315460205
130,1,0.699999988079071,-0.41804516315460205,-0.41804516315460205
130,2,0.8500000238418579,-0.41804516315460205,-0.41804516315460205
130,3,1.0,-0.41804516315460205,-0.41804516315460205
131,0,0.5,-0.41203010082244873,-0.41203010082244873
131,1,0.699999988079071,-0.41203010082244873,-0.41203010082244873
131,2,0.8500000238418579,-0.41203010082244873,-0.41203010082244873
131,3,1.0,-0.41203010082244873,-0.41203010082244873
132,0,0.5,-0.4060150682926178,-0.4060150682926178
132,1,0.699999988079071,-0.4060150682926178,-0.4060150682926178
132,2,0.8500000238418579,-0.4060150682926178,-0.4060150682926178
132,3,1.0,-0.4060150682926178,-0.4060150682926178
133,0,0.5,-0.40000003576278687,-0.40000003576278687
133,1,0.699999988079071,-0.40000003576278687,-0.40000003576278687
133,2,0.8500000238418579,-0.40000003576278687,-0.40000003576278687
133,3,1.0,-0.40000003576278687,-0.40000003576278687
134,0,0.5,-0.39398500323295593,-0.39398500323295593
134,1,0.699999988079071,-0.39398500323295593,-0.39398500323295593
134,2,0.8500000238418579,-0.39398500323295593,-0.39398500323295593
134,3,1.0,-0.39398500323295593,-0.39398500323295593
135,0,0.5,-0.387969970703125,-0.387969970703125
135,1,0.699999988079071,-0.387969970703125,-0.387969970703125
135,2,0.8500000238418579,-0.387969970703125,-0.387969970703125
135,3,1.0,-0.387969970703125,-0.387969970703125
136,0,0.5,-0.38195493817329407,-0.38195493817329407
136,1,0.699999988079071,-0.38195493817329407,-0.38195493817329407
136,2,0.8500000238418579,-0.38195493817329407,-0.38195493817329407
136,3,1.0,-0.38195493817329407,-0.38195493817329407
137,0,0.5,-0.37593987584114075,-0.37593987584114075
137,1,0.699999988079071,-0.37593987584114075,-0.37593987584114075
137,2,0.8500000238418579,-0.37593987584114075,-0.37593987584114075
137,3,1.0,-0.37593987584114075,-0.37593987584114075
138,0,0.5,-0.3699248433113098,-0.3699248433113098
138,1,0.699999988079071,-0.3699248433113098,-0.3699248433113098
138,2,0.8500000238418579,-0.3699248433113098,-0.3699248433113098
138,3,1.0,-0.3699248433113098,-0.3699248433113098
139,0,0.5,-0.3639098107814789,-0.3639098107814789
139,1,0.699999988079071,-0.3639098107814789,-0.3639098107814789
139,2,0.8500000238418579,-0.3639098107814789,-0.3639098107814789
139,3,1.0,-0.3639098107814789,-0.3639098107814789
140,0,0.5,-0.35789477825164795,-0.35789477825164795
140,1,0.699999988079071,-0.35789477825164795,-0.35789477825164795
140,2,0.8500000238418579,-0.35789477825164795,-0.35789477825164795
140,3,1.0,-0.35789477825164795,-0.35789477825164795
141,0,0.5,-0.351879745721817,-0.351879745721817
141,1,0.699999988079071,-0.351879745721817,-0.351879745721817
141,2,0.8500000238418579,-0.351879745721817,-0.351879745721817
141,3,1.0,-0.351879745721817,-0.351879745721817
142,0,0.5,-0.3458647131919861,-0.3458647131919861
142,1,0.699999988079071,-0.3458647131919861,-0.3458647131919861
142,2,0.8500000238418579,-0.3458647131919861,-0.3458647131919861
142,3,1.0,-0.3458647131919861,-0.3458647131919861
143,0,0.5,-0.33984965085983276,-0.33984965085983276
143,1,0.699999988079071,-0.33984965085983276,-0.33984965085983276
143,2,0.8500000238418579,-0.33984965085983276,-0.33984965085983276
143,3,1.0,-0.33984965085983276,-0.33984965085983276
144,0,0.5,-0.33383461833000183,-0.33383461833000183
144,1,0.699999988079071,-0.33383461833000183,-0.33383461833000183
144,2,0.8500000238418579,-0.33383461833000183,-0.33383461833000183
144,3,1.0,-0.33383461833000183,-0.33383461833000183
145,0,0.5,-0.3278195858001709,-0.3278195858001709
145,1,0.699999988079071,-0.3278195858001709,-0.3278195858001709
145,2,0.8500000238418579,-0.3278195858001709,-0.3278195858001709
145,3,1.0,-0.3278195858001709,-0.3278195858001709
146,0,0.5,-0.32180455327033997,-0.32180455327033997
146,1,0.699999988079071,-0.32180455327033997,-0.32180455327033997
146,2,0.8500000238418579,-0.32180455327033997,-0.32180455327033997
146,3,1.0,-0.32180455327033997,-0.32180455327033997
147,0,0.5,-0.31578952074050903,-0.31578952074050903
147,1,0.699999988079071,-0.31578952074050903,-0.31578952074050903
147,2,0.8500000238418579,-0.31578952074050903,-0.31578952074050903
147,3,1.0,-0.31578952074050903,-0.31578952074050903
148,0,0.5,-0.3097744882106781,-0.3097744882106781
148,1,0.699999988079071,-0.3097744882106781,-0.3097744882106781
148,2,0.8500000238418579,-0.3097744882106781,-0.3097744882106781
148,3,1.0,-0.3097744882106781,-0.3097744882106781
149,0,0.5,-0.3037594258785248,-0.3037594258785248
149,1,0.699999988079071,-0.3037594258785248,-0.3037594258785248
149,2,0.8500000238418579,-0.3037594258785248,-0.3037594258785248
149,3,1.0,-0.3037594258785248,-0.3037594258785248
150,0,0.5,-0.29774439334869385,-0.29774439334869385
150,1,0.699999988079071,-0.29774439334869385,-0.29774439334869385
150,2,0.8500000238418579,-0.29774439334869385,-0.29774439334869385
150,3,1.0,-0.29774439334869385,-0.29774439334869385
151,0,0.5,-0.2917293608188629,-0.2917293608188629
151,1,0.699999988079071,-0.2917293608188629,-0.2917293608188629
151,2,0.8500000238418579,-0.2917293608188629,-0.2917293608188629
151,3,1.0,-0.2917293608188629,-0.2917293608188629
152,0,0.5,-0.285714328289032,-0.285714328289032
152,1,0.699999988079071,-0.285714328289032,-0.285714328289032
152,2,0.8500000238418579,-0.285714328289032,-0.285714328289032
152,3,1.0,-0.285714328289032,-0.285714328289032
153,0,0.5,-0.27969929575920105,-0.27969929575920105
153,1,0.699999988079071,-0.27969929575920105,-0.27969929575920105
153,2,0.8500000238418579,-0.27969929575920105,-0.27969929575920105
153,3,1.0,-0.27969929575920105,-0.27969929575920105
154,0,0.5,-0.2736842632293701,-0.2736842632293701
154,1,0.699999988079071,-0.2736842632293701,-0.2736842632293701
154,2,0.8500000238418579,-0.2736842632293701,-0.2736842632293701
154,3,1.0,-0.2736842632293701,-0.2736842632293701
155,0,0.5,-0.2676692008972168,-0.2676692008972168
155,1,0.699999988079071,-0.2676692008972168,-0.2676692008972168
155,2,0.8500000238418579,-0.2676692008972168,-0.2676692008972168
155,3,1.0,-0.2676692008972168,-0.2676692008972168
156,0,0.5,-0.26165416836738586,-0.26165416836738586
156,1,0.699999988079071,-0.26165416836738586,-0.26165416836738586
156,2,0.8500000238418579,-0.26165416836738586,-0.26165416836738586
156,3,1.0,-0.26165416836738586,-0.26165416836738586
157,0,0.5,-0.25563913583755493,-0.25563913583755493
157,1,0.699999988079071,-0.25563913583755493,-0.25563913583755493
157,2,0.8500000238418579,-0.25563913583755493,-0.25563913583755493
157,3,1.0,-0.25563913583755493,-0.25563913583755493
158,0,0.5,-0.249624103307724,-0.249624103307724
158,1,0.699999988079071,-0.249624103307724,-0.249624103307724
158,2,0.8500000238418579,-0.249624103307724,-0.249624103307724
158,3,1.0,-0.249624103307724,-0.249624103307724
159,0,0.5,-0.24360905587673187,-0.24360905587673187
159,1,0.699999988079071,-0.24360905587673187,-0.24360905587673187
159,2,0.8500000238418579,-0.24360905587673187,-0.24360905587673187
159,3,1.0,-0.24360905587673187,-0.24360905587673187
160,0,0.5,-0.23759402334690094,-0.23759402334690094
160,1,0.699999988079071,-0.23759402334690094,-0.23759402334690094
160,2,0.8500000238418579,-0.23759402334690094,-0.23759402334690094
160,3,1.0,-0.23759402334690094,-0.23759402334690094
161,0,0.5,-0.23157899081707,-0.23157899081707
161,1,0.699999988079071,-0.23157899081707,-0.23157899081707
161,2,0.8500000238418579,-0.23157899081707,-0.23157899081707
161,3,1.0,-0.23157899081707,-0.23157899081707
162,0,0.5,-0.22556394338607788,-0.22556394338607788
162,1,0.699999988079071,-0.22556394338607788,-0.22556394338607788
162,2,0.8500000238418579,-0.22556394338607788,-0.22556394338607788
162,3,1.0,-0.22556394338607788,-0.22556394338607788
163,0,0.5,-0.21954891085624695,-0.21954891085624695
163,1,0.699999988079071,-0.21954891085624695,-0.21954891085624695
163,2,0.8500000238418579,-0.21954891085624695,-0.21954891085624695
163,3,1.0,-0.21954891085624695,-0.21954891085624695
164,0,0.5,-0.21353387832641602,-0.21353387832641602
164,1,0.699999988079071,-0.21353387832641602,-0.21353387832641602
164,2,0.8500000238418579,-0.21353387832641602,-0.21353387832641602
164,3,1.0,-0.21353387832641602,-0.21353387832641602
165,0,0.5,-0.2075188308954239,-0.2075188308954239
165,1,0.699999988079071,-0.2075188308954239,-0.2075188308954239
165,2,0.8500000238418579,-0.2075188308954239,-0.2075188308954239
165,3,1.0,-0.2075188308954239,-0.2075188308954239
166,0,0.5,-0.20150379836559296,-0.20150379836559296
166,1,0.699999988079071,-0.20150379836559296,-0.20150379836559296
166,2,0.8500000238418579,-0.20150379836559296,-0.20150379836559296
166,3,1.0,-0.20150379836559296,-0.20150379836559296
167,0,0.5,-0.19548876583576202,-0.19548876583576202
167,1,0.699999988079071,-0.19548876583576202,-0.19548876583576202
167,2,0.8500000238418579,-0.19548876583576202,-0.19548876583576202
167,3,1.0,-0.19548876583576202,-0.19548876583576202
168,0,0.5,-0.1894737184047699,-0.1894737184047699
168,1,0.699999988079071,-0.1894737184047699,-0.1894737184047699
168,2,0.8500000238418579,-0.1894737184047699,-0.1894737184047699
168,3,1.0,-0.1894737184047699,-0.1894737184047699
169,0,0.5,-0.18345868587493896,-0.18345868587493896
169,1,0.699999988079071,-0.18345868587493896,-0.18345868587493896
169,2,0.8500000238418579,-0.18345868587493896,-0.18345868587493896
169,3,1.0,-0.18345868587493896,-0.18345868587493896
170,0,0.5,-0.17744365334510803,-0.17744365334510803
170,1,0.699999988079071,-0.17744365334510803,-0.17744365334510803
170,2,0.8500000238418579,-0.17744365334510803,-0.17744365334510803
170,3,1.0,-0.17744365334510803,-0.17744365334510803
171,0,0.5,-0.1714286059141159,-0.1714286059141159
171,1,0.699999988079071,-0.1714286059141159,-0.1714286059141159
171,2,0.8500000238418579,-0.1714286059141159,-0.1714286059141159
171,3,1.0,-0.1714286059141159,-0.1714286059141159
172,0,0.5,-0.16541357338428497,-0.16541357338428497
172,1,0.699999988079071,-0.16541357338428497,-0.16541357338428497
172,2,0.8500000238418579,-0.16541357338428497,-0.16541357338428497
172,3,1.0,-0.16541357338428497,-0.16541357338428497
173,0,0.5,-0.15939854085445404,-0.15939854085445404
173,1,0.699999988079071,-0.15939854085445404,-0.15939854085445404
173,2,0.8500000238418579,-0.15939854085445404,-0.15939854085445404
173,3,1.0,-0.15939854085445404,-0.15939854085445404
174,0,0.5,-0.15338349342346191,-0.15338349342346191
174,1,0.699999988079071,-0.15338349342346191,-0.15338349342346191
174,2,0.8500000238418579,-0.15338349342346191,-0.15338349342346191
174,3,1.0,-0.15338349342346191,-0.15338349342346191
175,0,0.5,-0.14736846089363098,-0.14736846089363098
175,1,0.699999988079071,-0.14736846089363098,-0.14736846089363098
175,2,0.8500000238418579,-0.14736846089363098,-0.14736846089363098
175,3,1.0,-0.14736846089363098,-0.14736846089363098
176,0,0.5,-0.14135342836380005,-0.14135342836380005
176,1,0.699999988079071,-0.14135342836380005,-0.14135342836380005
176,2,0.8500000238418579,-0.14135342836380005,-0.14135342836380005
176,3,1.0,-0.14135342836380005,-0.14135342836380005
177,0,0.5,-0.13533838093280792,-0.13533838093280792
177,1,0.699999988079071,-0.13533838093280792,-0.13533838093280792
177,2,0.8500000238418579,-0.13533838093280792,-0.13533838093280792
177,3,1.0,-0.13533838093280792,-0.13533838093280792
178,0,0.5,-0.129323348402977,-0.129323348402977
178,1,0.699999988079071,-0.129323348402977,-0.129323348402977
178,2,0.8500000238418579,-0.129323348402977,-0.129323348402977
178,3,1.0,-0.129323348402977,-0.129323348402977
179,0,0.5,-0.12330830842256546,-0.12330830842256546
179,1,0.699999988079071,-0.12330830842256546,-0.12330830842256546
179,2,0.8500000238418579,-0.12330830842256546,-0.12330830842256546
179,3,1.0,-0.12330830842256546,-0.12330830842256546
180,0,0.5,-0.11729326844215393,-0.11729326844215393
180,1,0.699999988079071,-0.11729326844215393,-0.11729326844215393
180,2,0.8500000238418579,-0.11729326844215393,-0.11729326844215393
180,3,1.0,-0.11729326844215393,-0.11729326844215393
181,0,0.5,-0.111278235912323,-0.111278235912323
181,1,0.699999988079071,-0.111278235912323,-0.111278235912323
181,2,0.8500000238418579,-0.111278235912323,-0.111278235912323
181,3,1.0,-0.111278235912323,-0.111278235912323
182,0,0.5,-0.10526319593191147,-0.10526319593191147
182,1,0.699999988079071,-0.10526319593191147,-0.10526319593191147
182,2,0.8500000238418579,-0.10526319593191147,-0.10526319593191147
182,3,1.0,-0.10526319593191147,-0.10526319593191147
183,0,0.5,-0.09924815595149994,-0.09924815595149994
183,1,0.699999988079071,-0.09924815595149994,-0.09924815595149994
183,2,0.8500000238418579,-0.09924815595149994,-0.09924815595149994
183,3,1.0,-0.09924815595149994,-0.09924815595149994
184,0,0.5,-0.093233123421669,-0.093233123421669
184,1,0.699999988079071,-0.093233123421669,-0.093233123421669
184,2,0.8500000238418579,-0.093233123421669,-0.093233123421669
184,3,1.0,-0.093233123421669,-0.093233123421669
185,0,0.5,-0.08721808344125748,-0.08721808344125748
185,1,0.699999988079071,-0.08721808344125748,-0.08721808344125748
185,2,0.8500000238418579,-0.08721808344125748,-0.08721808344125748
185,3,1.0,-0.08721808344125748,-0.08721808344125748
186,0,0.5,-0.08120304346084595,-0.08120304346084595
186,1,0.699999988079071,-0.08120304346084595,-0.08120304346084595
186,2,0.8500000238418579,-0.08120304346084595,-0.08120304346084595
186,3,1.0,-0.08120304346084595,-0.08120304346084595
187,0,0.5,-0.07518800348043442,-0.07518800348043442
187,1,0.699999988079071,-0.07518800348043442,-0.07518800348043442
187,2,0.8500000238418579,-0.07518800348043442,-0.07518800348043442
187,3,1.0,-0.07518800348043442,-0.07518800348043442
188,0,0.5,-0.06917297095060349,-0.06917297095060349
188,1,0.699999988079071,-0.06917297095060349,-0.06917297095060349
188,2,0.8500000238418579,-0.06917297095060349,-0.06917297095060349
188,3,1.0,-0.06917297095060349,-0.06917297095060349
189,0,0.5,-0.06315793097019196,-0.06315793097019196
189,1,0.699999988079071,-0.06315793097019196,-0.06315793097019196
189,2,0.8500000238418579,-0.06315793097019196,-0.06315793097019196
189,3,1.0,-0.06315793097019196,-0.06315793097019196
190,0,0.5,-0.057142894715070724,-0.057142894715070724
190,1,0.699999988079071,-0.057142894715070724,-0.057142894715070724
190,2,0.8500000238418579,-0.057142894715070724,-0.057142894715070724
190,3,1.0,-0.057142894715070724,-0.057142894715070724
191,0,0.5,-0.051127854734659195,-0.051127854734659195
191,1,0.699999988079071,-0.051127854734659195,-0.051127854734659195
191,2,0.8500000238418579,-0.051127854734659195,-0.051127854734659195
191,3,1.0,-0.051127854734659195,-0.051127854734659195
192,0,0.5,-0.045112818479537964,-0.045112818479537964
192,1,0.699999988079071,-0.045112818479537964,-0.045112818479537964
192,2,0.8500000238418579,-0.045112818479537964,-0.045112818479537964
192,3,1.0,-0.045112818479537964,-0.045112818479537964
193,0,0.5,-0.03909778222441673,-0.03909778222441673
193,1,0.699999988079071,-0.03909778222441673,-0.03909778222441673
193,2,0.8500000238418579,-0.03909778222441673,-0.03909778222441673
193,3,1.0,-0.03909778222441673,-0.03909778222441673
194,0,0.5,-0.0330827422440052,-0.0330827422440052
194,1,0.699999988079071,-0.0330827422440052,-0.0330827422440052
194,2,0.8500000238418579,-0.0330827422440052,-0.0330827422440052
194,3,1.0,-0.0330827422440052,-0.0330827422440052
195,0,0.5,-0.027067705988883972,-0.027067705988883972
195,1,0.699999988079071,-0.027067705988883972,-0.027067705988883972
195,2,0.8500000238418579,-0.027067705988883972,-0.027067705988883972
195,3,1.0,-0.027067705988883972,-0.027067705988883972
196,0,0.5,-0.021052667871117592,-0.021052667871117592
196,1,0.699999988079071,-0.021052667871117592,-0.021052667871117592
196,2,0.8500000238418579,-0.021052667871117592,-0.021052667871117592
196,3,1.0,-0.021052667871117592,-0.021052667871117592
197,0,0.5,-0.015037629753351212,-0.015037629753351212
197,1,0.699999988079071,-0.015037629753351212,-0.015037629753351212
197,2,0.8500000238418579,-0.015037629753351212,-0.015037629753351212
197,3,1.0,-0.015037629753351212,-0.015037629753351212
198,0,0.5,-0.009022592566907406,-0.009022592566907406
198,1,0.699999988079071,-0.009022592566907406,-0.009022592566907406
198,2,0.8500000238418579,-0.009022592566907406,-0.009022592566907406
198,3,1.0,-0.009022592566907406,-0.009022592566907406
199,0,0.5,-0.003007554914802313,-0.003007554914802313
199,1,0.699999988079071,-0.003007554914802313,-0.003007554914802313
199,2,0.8500000238418579,-0.003007554914802313,-0.003007554914802313
199,3,1.0,-0.003007554914802313,-0.003007554914802313
200,0,0.5,0.003007554914802313,0.003007554914802313
200,1,0.699999988079071,0.003007554914802313,0.003007554914802313
200,2,0.8500000238418579,0.003007554914802313,0.003007554914802313
200,3,1.0,0.003007554914802313,0.003007554914802313
201,0,0.5,0.009022592566907406,0.009022592566907406
201,1,0.699999988079071,0.009022592566907406,0.009022592566907406
201,2,0.8500000238418579,0.009022592566907406,0.009022592566907406
201,3,1.0,0.009022592566907406,0.009022592566907406
202,0,0.5,0.015037629753351212,0.015037629753351212
202,1,0.699999988079071,0.015037629753351212,0.015037629753351212
202,2,0.8500000238418579,0.015037629753351212,0.015037629753351212
202,3,1.0,0.015037629753351212,0.015037629753351212
203,0,0.5,0.021052667871117592,0.021052667871117592
203,1,0.699999988079071,0.021052667871117592,0.021052667871117592
203,2,0.8500000238418579,0.021052667871117592,0.021052667871117592
203,3,1.0,0.021052667871117592,0.021052667871117592
204,0,0.5,0.027067705988883972,0.027067705988883972
204,1,0.699999988079071,0.027067705988883972,0.027067705988883972
204,2,0.8500000238418579,0.027067705988883972,0.027067705988883972
204,3,1.0,0.027067705988883972,0.027067705988883972
205,0,0.5,0.0330827422440052,0.0330827422440052
205,1,0.699999988079071,0.0330827422440052,0.0330827422440052
205,2,0.8500000238418579,0.0330827422440052,0.0330827422440052
205,3,1.0,0.0330827422440052,0.0330827422440052
206,0,0.5,0.03909778222441673,0.03909778222441673
206,1,0.699999988079071,0.03909778222441673,0.03909778222441673
206,2,0.8500000238418579,0.03909778222441673,0.03909778222441673
206,3,1.0,0.03909778222441673,0.03909778222441673
207,0,0.5,0.045112818479537964,0.045112818479537964
207,1,0.699999988079071,0.045112818479537964,0.045112818479537964
207,2,0.8500000238418579,0.045112818479537964,0.045112818479537964
207,3,1.0,0.045112818479537964,0.045112818479537964
208,0,0.5,0.051127854734659195,0.051127854734659195
208,1,0.699999988079071,0.051127854734659195,0.051127854734659195
208,2,0.8500000238418579,0.051127854734659195,0.051127854734659195
208,3,1.0,0.051127854734659195,0.051127854734659195
209,0,0.5,0.057142894715070724,0.057142894715070724
209,1,0.699999988079071,0.057142894715070724,0.057142894715070724
209,2,0.8500000238418579,0.057142894715070724,0.057142894715070724
209,3,1.0,0.057142894715070724,0.057142894715070724
210,0,0.5,0.06315793097019196,0.06315793097019196
210,1,0.699999988079071,0.06315793097019196,0.06315793097019196
210,2,0.8500000238418579,0.06315793097019196,0.06315793097019196
210,3,1.0,0.06315793097019196,0.06315793097019196
211,0,0.5,0.06917297095060349,0.06917297095060349
211,1,0.699999988079071,0.06917297095060349,0.06917297095060349
211,2,0.8500000238418579,0.06917297095060349,0.06917297095060349
211,3,1.0,0.06917297095060349,0.06917297095060349
212,0,0.5,0.07518800348043442,0.07518800348043442
212,1,0.699999988079071,0.07518800348043442,0.07518800348043442
212,2,0.8500000238418579,0.07518800348043442,0.07518800348043442
212,3,1.0,0.07518800348043442,0.07518800348043442
213,0,0.5,0.08120304346084595,0.08120304346084595
213,1,0.699999988079071,0.08120304346084595,0.08120304346084595
213,2,0.8500000238418579,0.08120304346084595,0.08120304346084595
213,3,1.0,0.08120304346084595,0.08120304346084595
214,0,0.5,0.08721808344125748,0.08721808344125748
214,1,0.699999988079071,0.08721808344125748,0.08721808344125748
214,2,0.8500000238418579,0.08721808344125748,0.08721808344125748
214,3,1.0,0.08721808344125748,0.08721808344125748
215,0,0.5,0.093233123421669,0.093233123421669
215,1,0.699999988079071,0.093233123421669,0.093233123421669
215,2,0.8500000238418579,0.093233123421669,0.093233123421669
215,3,1.0,0.093233123421669,0.093233123421669
216,0,0.5,0.09924815595149994,0.09924815595149994
216,1,0.699999988079071,0.09924815595149994,0.09924815595149994
216,2,0.8500000238418579,0.09924815595149994,0.09924815595149994
216,3,1.0,0.09924815595149994,0.09924815595149994
217,0,0.5,0.10526319593191147,0.10526319593191147
217,1,0.699999988079071,0.10526319593191147,0.10526319593191147
217,2,0.8500000238418579,0.10526319593191147,0.10526319593191147
217,3,1.0,0.10526319593191147,0.10526319593191147
218,0,0.5,0.111278235912323,0.111278235912323
218,1,0.699999988079071,0.111278235912323,0.111278235912323
218,2,0.8500000238418579,0.111278235912323,0.111278235912323
218,3,1.0,0.111278235912323,0.111278235912323
219,0,0.5,0.11729326844215393,0.11729326844215393
219,1,0.699999988079071,0.11729326844215393,0.11729326844215393
219,2,0.8500000238418579,0.11729326844215393,0.11729326844215393
219,3,1.0,0.11729326844215393,0.11729326844215393
220,0,0.5,0.12330830842256546,0.12330830842256546
220,1,0.699999988079071,0.12330830842256546,0.12330830842256546
220,2,0.8500000238418579,0.12330830842256546,0.12330830842256546
220,3,1.0,0.12330830842256546,0.12330830842256546
221,0,0.5,0.129323348402977,0.129323348402977
221,1,0.699999988079071,0.129323348402977,0.129323348402977
221,2,0.8500000238418579,0.129323348402977,0.129323348402977
221,3,1.0,0.129323348402977,0.129323348402977
222,0,0.5,0.13533838093280792,0.13533838093280792
222,1,0.699999988079071,0.13533838093280792,0.13533838093280792
222,2,0.8500000238418579,0.13533838093280792,0.13533838093280792
222,3,1.0,0.13533838093280792,0.13533838093280792
223,0,0.5,0.14135342836380005,0.14135342836380005
223,1,0.699999988079071,0.14135342836380005,0.14135342836380005
223,2,0.8500000238418579,0.14135342836380005,0.14135342836380005
223,3,1.0,0.14135342836380005,0.14135342836380005
224,0,0.5,0.14736846089363098,0.14736846089363098
224,1,0.699999988079071,0.14736846089363098,0.14736846089363098
224,2,0.8500000238418579,0.14736846089363098,0.14736846089363098
224,3,1.0,0.14736846089363098,0.14736846089363098
225,0,0.5,0.15338349342346191,0.15338349342346191
225,1,0.699999988079071,0.15338349342346191,0.15338349342346191
225,2,0.8500000238418579,0.15338349342346191,0.15338349342346191
225,3,1.0,0.15338349342346191,0.15338349342346191
226,0,0.5,0.15939854085445404,0.15939854085445404
226,1,0.699999988079071,0.15939854085445404,0.15939854085445404
226,2,0.8500000238418579,0.15939854085445404,0.15939854085445404
226,3,1.0,0.15939854085445404,0.15939854085445404
227,0,0.5,0.16541357338428497,0.16541357338428497
227,1,0.699999988079071,0.16541357338428497,0.16541357338428497
227,2,0.8500000238418579,0.16541357338428497,0.16541357338428497
227,3,1.0,0.16541357338428497,0.16541357338428497
228,0,0.5,0.1714286059141159,0.1714286059141159
228,1,0.699999988079071,0.1714286059141159,0.1714286059141159
228,2,0.8500000238418579,0.1714286059141159,0.1714286059141159
228,3,1.0,0.1714286059141159,0.1714286059141159
229,0,0.5,0.17744365334510803,0.17744365334510803
229,1,0.699999988079071,0.17744365334510803,0.17744365334510803
229,2,0.8500000238418579,0.17744365334510803,0.17744365334510803
229,3,1.0,0.17744365334510803,0.17744365334510803
230,0,0.5,0.18345868587493896,0.18345868587493896
230,1,0.699999988079071,0.18345868587493896,0.18345868587493896
230,2,0.8500000238418579,0.18345868587493896,0.18345868587493896
230,3,1.0,0.18345868587493896,0.18345868587493896
231,0,0.5,0.1894737184047699,0.1894737184047699
231,1,0.699999988079071,0.1894737184047699,0.1894737184047699
231,2,0.8500000238418579,0.1894737184047699,0.1894737184047699
231,3,1.0,0.1894737184047699,0.1894737184047699
232,0,0.5,0.19548876583576202,0.19548876583576202
232,1,0.699999988079071,0.19548876583576202,0.19548876583576202
232,2,0.8500000238418579,0.19548876583576202,0.19548876583576202
232,3,1.0,0.19548876583576202,0.19548876583576202
233,0,0.5,0.20150379836559296,0.20150379836559296
233,1,0.699999988079071,0.20150379836559296,0.20150379836559296
233,2,0.8500000238418579,0.20150379836559296,0.20150379836559296
233,3,1.0,0.20150379836559296,0.20150379836559296
234,0,0.5,0.2075188308954239,0.2075188308954239
234,1,0.699999988079071,0.2075188308954239,0.2075188308954239
234,2,0.8500000238418579,0.2075188308954239,0.2075188308954239
234,3,1.0,0.2075188308954239,0.2075188308954239
235,0,0.5,0.21353387832641602,0.21353387832641602
235,1,0.699999988079071,0.21353387832641602,0.21353387832641602
235,2,0.8500000238418579,0.21353387832641602,0.21353387832641602
235,3,1.0,0.21353387832641602,0.21353387832641602
236,0,0.5,0.21954891085624695,0.21954891085624695
236,1,0.699999988079071,0.21954891085624695,0.21954891085624695
236,2,0.8500000238418579,0.21954891085624695,0.21954891085624695
236,3,1.0,0.21954891085624695,0.21954891085624695
237,0,0.5,0.22556394338607788,0.22556394338607788
237,1,0.699999988079071,0.22556394338607788,0.22556394338607788
237,2,0.8500000238418579,0.22556394338607788,0.22556394338607788
237,3,1.0,0.22556394338607788,0.22556394338607788
238,0,0.5,0.23157899081707,0.23157899081707
238,1,0.699999988079071,0.23157899081707,0.23157899081707
238,2,0.8500000238418579,0.23157899081707,0.23157899081707
238,3,1.0,0.23157899081707,0.23157899081707
239,0,0.5,0.23759402334690094,0.23759402334690094
239,1,0.699999988079071,0.23759402334690094,0.23759402334690094
239,2,0.8500000238418579,0.23759402334690094,0.23759402334690094
239,3,1.0,0.23759402334690094,0.23759402334690094
240,0,0.5,0.24360905587673187,0.24360905587673187
240,1,0.699999988079071,0.24360905587673187,0.24360905587673187
240,2,0.8500000238418579,0.24360905587673187,0.24360905587673187
240,3,1.0,0.24360905587673187,0.24360905587673187
241,0,0.5,0.249624103307724,0.249624103307724
241,1,0.699999988079071,0.249624103307724,0.249624103307724
241,2,0.8500000238418579,0.249624103307724,0.249624103307724
241,3,1.0,0.249624103307724,0.249624103307724
242,0,0.5,0.25563913583755493,0.25563913583755493
242,1,0.699999988079071,0.25563913583755493,0.25563913583755493
242,2,0.8500000238418579,0.25563913583755493,0.25563913583755493
242,3,1.0,0.25563913583755493,0.25563913583755493
243,0,0.5,0.26165416836738586,0.26165416836738586
243,1,0.699999988079071,0.26165416836738586,0.26165416836738586
243,2,0.8500000238418579,0.26165416836738586,0.26165416836738586
243,3,1.0,0.26165416836738586,0.26165416836738586
244,0,0.5,0.2676692008972168,0.2676692008972168
244,1,0.699999988079071,0.2676692008972168,0.2676692008972168
244,2,0.8500000238418579,0.2676692008972168,0.2676692008972168
244,3,1.0,0.2676692008972168,0.2676692008972168
245,0,0.5,0.2736842632293701,0.2736842632293701
245,1,0.699999988079071,0.2736842632293701,0.2736842632293701
245,2,0.8500000238418579,0.2736842632293701,0.2736842632293701
245,3,1.0,0.2736842632293701,0.2736842632293701
246,0,0.5,0.27969929575920105,0.27969929575920105
246,1,0.699999988079071,0.27969929575920105,0.27969929575920105
246,2,0.8500000238418579,0.27969929575920105,0.27969929575920105
246,3,1.0,0.27969929575920105,0.27969929575920105
247,0,0.5,0.285714328289032,0.285714328289032
247,1,0.699999988079071,0.285714328289032,0.285714328289032
247,2,0.8500000238418579,0.285714328289032,0.285714328289032
247,3,1.0,0.285714328289032,0.285714328289032
248,0,0.5,0.2917293608188629,0.2917293608188629
248,1,0.699999988079071,0.2917293608188629,0.2917293608188629
248,2,0.8500000238418579,0.2917293608188629,0.2917293608188629
248,3,1.0,0.2917293608188629,0.2917293608188629
249,0,0.5,0.29774439334869385,0.29774439334869385
249,1,0.699999988079071,0.29774439334869385,0.29774439334869385
249,2,0.8500000238418579,0.29774439334869385,0.29774439334869385
249,3,1.0,0.29774439334869385,0.29774439334869385
250,0,0.5,0.3037594258785248,0.3037594258785248
250,1,0.699999988079071,0.3037594258785248,0.3037594258785248
250,2,0.8500000238418579,0.3037594258785248,0.3037594258785248
250,3,1.0,0.3037594258785248,0.3037594258785248
251,0,0.5,0.3097744882106781,0.3097744882106781
251,1,0.699999988079071,0.3097744882106781,0.3097744882106781
251,2,0.8500000238418579,0.3097744882106781,0.3097744882106781
251,3,1.0,0.3097744882106781,0.3097744882106781
252,0,0.5,0.31578952074050903,0.31578952074050903
252,1,0.699999988079071,0.31578952074050903,0.31578952074050903
252,2,0.8500000238418579,0.31578952074050903,0.31578952074050903
252,3,1.0,0.31578952074050903,0.31578952074050903
253,0,0.5,0.32180455327033997,0.32180455327033997
253,1,0.699999988079071,0.32180455327033997,0.32180455327033997
253,2,0.8500000238418579,0.32180455327033997,0.32180455327033997
253,3,1.0,0.32180455327033997,0.32180455327033997
254,0,0.5,0.3278195858001709,0.3278195858001709
254,1,0.699999988079071,0.3278195858001709,0.3278195858001709
254,2,0.8500000238418579,0.3278195858001709,0.3278195858001709
254,3,1.0,0.3278195858001709,0.3278195858001709
255,0,0.5,0.33383461833000183,0.33383461833000183
255,1,0.699999988079071,0.33383461833000183,0.33383461833000183
255,2,0.8500000238418579,0.33383461833000183,0.33383461833000183
255,3,1.0,0.33383461833000183,0.33383461833000183
256,0,0.5,0.33984965085983276,0.33984965085983276
256,1,0.699999988079071,0.33984965085983276,0.33984965085983276
256,2,0.8500000238418579,0.33984965085983276,0.33984965085983276
256,3,1.0,0.33984965085983276,0.33984965085983276
257,0,0.5,0.3458647131919861,0.3458647131919861
257,1,0.699999988079071,0.3458647131919861,0.3458647131919861
257,2,0.8500000238418579,0.3458647131919861,0.3458647131919861
257,3,1.0,0.3458647131919861,0.3458647131919861
258,0,0.5,0.351879745721817,0.351879745721817
258,1,0.699999988079071,0.351879745721817,0.351879745721817
258,2,0.8500000238418579,0.351879745721817,0.351879745721817
258,3,1.0,0.351879745721817,0.351879745721817
259,0,0.5,0.35789477825164795,0.35789477825164795
259,1,0.699999988079071,0.35789477825164795,0.35789477825164795
259,2,0.8500000238418579,0.35789477825164795,0.35789477825164795
259,3,1.0,0.35789477825164795,0.35789477825164795
260,0,0.5,0.3639098107814789,0.3639098107814789
260,1,0.699999988079071,0.3639098107814789,0.3639098107814789
260,2,0.8500000238418579,0.3639098107814789,0.3639098107814789
260,3,1.0,0.3639098107814789,0.3639098107814789
261,0,0.5,0.3699248433113098,0.3699248433113098
261,1,0.699999988079071,0.3699248433113098,0.3699248433113098
261,2,0.8500000238418579,0.3699248433113098,0.3699248433113098
261,3,1.0,0.3699248433113098,0.3699248433113098
262,0,0.5,0.37593987584114075,0.37593987584114075
262,1,0.699999988079071,0.37593987584114075,0.37593987584114075
262,2,0.8500000238418579,0.37593987584114075,0.37593987584114075
262,3,1.0,0.37593987584114075,0.37593987584114075
263,0,0.5,0.38195493817329407,0.38195493817329407
263,1,0.699999988079071,0.38195493817329407,0.38195493817329407
263,2,0.8500000238418579,0.38195493817329407,0.38195493817329407
263,3,1.0,0.38195493817329407,0.38195493817329407
264,0,0.5,0.387969970703125,0.387969970703125
264,1,0.699999988079071,0.387969970703125,0.387969970703125
264,2,0.8500000238418579,0.387969970703125,0.387969970703125
264,3,1.0,0.387969970703125,0.387969970703125
265,0,0.5,0.39398500323295593,0.39398500323295593
265,1,0.699999988079071,0.39398500323295593,0.39398500323295593
265,2,0.8500000238418579,0.39398500323295593,0.39398500323295593
265,3,1.0,0.39398500323295593,0.39398500323295593
266,0,0.5,0.40000003576278687,0.40000003576278687
266,1,0.699999988079071,0.40000003576278687,0.40000003576278687
266,2,0.8500000238418579,0.40000003576278687,0.40000003576278687
266,3,1.0,0.40000003576278687,0.40000003576278687
267,0,0.5,0.4060150682926178,0.4060150682926178
267,1,0.699999988079071,0.4060150682926178,0.4060150682926178
267,2,0.8500000238418579,0.4060150682926178,0.4060150682926178
267,3,1.0,0.4060150682926178,0.4060150682926178
268,0,0.5,0.41203010082244873,0.41203010082244873
268,1,0.699999988079071,0.41203010082244873,0.41203010082244873
268,2,0.8500000238418579,0.41203010082244873,0.41203010082244873
268,3,1.0,0.41203010082244873,0.41203010082244873
269,0,0.5,0.41804516315460205,0.41804516315460205
269,1,0.699999988079071,0.41804516315460205,0.41804516315460205
269,2,0.8500000238418579,0.41804516315460205,0.41804516315460205
269,3,1.0,0.41804516315460205,0.41804516315460205
270,0,0.5,0.424060195684433,0.424060195684433
270,1,0.699999988079071,0.424060195684433,0.424060195684433
270,2,0.8500000238418579,0.424060195684433,0.424060195684433
270,3,1.0,0.424060195684433,0.424060195684433
271,0,0.5,0.4300752282142639,0.4300752282142639
271,1,0.699999988079071,0.4300752282142639,0.4300752282142639
271,2,0.8500000238418579,0.4300752282142639,0.4300752282142639
271,3,1.0,0.4300752282142639,0.4300752282142639
272,0,0.5,0.43609026074409485,0.43609026074409485
272,1,0.699999988079071,0.43609026074409485,0.43609026074409485
272,2,0.8500000238418579,0.43609026074409485,0.43609026074409485
272,3,1.0,0.43609026074409485,0.43609026074409485
273,0,0.5,0.4421052932739258,0.4421052932739258
273,1,0.699999988079071,0.4421052932739258,0.4421052932739258
273,2,0.8500000238418579,0.4421052932739258,0.4421052932739258
273,3,1.0,0.4421052932739258,0.4421052932739258
274,0,0.5,0.4481203556060791,0.4481203556060791
274,1,0.699999988079071,0.4481203556060791,0.4481203556060791
274,2,0.8500000238418579,0.4481203556060791,0.4481203556060791
274,3,1.0,0.4481203556060791,0.4481203556060791
275,0,0.5,0.45413538813591003,0.45413538813591003
275,1,0.699999988079071,0.45413538813591003,0.45413538813591003
275,2,0.8500000238418579,0.45413538813591003,0.45413538813591003
275,3,1.0,0.45413538813591003,0.45413538813591003
276,0,0.5,0.46015042066574097,0.46015042066574097
276,1,0.699999988079071,0.46015042066574097,0.46015042066574097
276,2,0.8500000238418579,0.46015042066574097,0.46015042066574097
276,3,1.0,0.46015042066574097,0.46015042066574097
277,0,0.5,0.4661654531955719,0.4661654531955719
277,1,0.699999988079071,0.4661654531955719,0.4661654531955719
277,2,0.8500000238418579,0.4661654531955719,0.4661654531955719
277,3,1.0,0.4661654531955719,0.4661654531955719
278,0,0.5,0.47218048572540283,0.47218048572540283
278,1,0.699999988079071,0.47218048572540283,0.47218048572540283
278,2,0.8500000238418579,0.47218048572540283,0.47218048572540283
278,3,1.0,0.47218048572540283,0.47218048572540283
279,0,0.5,0.47819551825523376,0.47819551825523376
279,1,0.699999988079071,0.47819551825523376,0.47819551825523376
279,2,0.8500000238418579,0.47819551825523376,0.47819551825523376
279,3,1.0,0.47819551825523376,0.47819551825523376
280,0,0.5,0.4842105805873871,0.4842105805873871
280,1,0.699999988079071,0.4842105805873871,0.4842105805873871
280,2,0.8500000238418579,0.4842105805873871,0.4842105805873871
280,3,1.0,0.4842105805873871,0.4842105805873871
281,0,0.5,0.490225613117218,0.490225613117218
281,1,0.699999988079071,0.490225613117218,0.490225613117218
281,2,0.8500000238418579,0.490225613117218,0.490225613117218
281,3,1.0,0.490225613117218,0.490225613117218
282,0,0.5,0.49624064564704895,0.49624064564704895
282,1,0.699999988079071,0.49624064564704895,0.49624064564704895
282,2,0.8500000238418579,0.49624064564704895,0.49624064564704895
282,3,1.0,0.49624064564704895,0.49624064564704895
283,0,0.5,0.5022556781768799,0.5
283,1,0.699999988079071,0.5022556781768799,0.5022556781768799
283,2,0.8500000238418579,0.5022556781768799,0.5022556781768799
283,3,1.0,0.5022556781768799,0.5022556781768799
284,0,0.5,0.5082707405090332,0.5
284,1,0.699999988079071,0.5082707405090332,0.5082707405090332
284,2,0.8500000238418579,0.5082707405090332,0.5082707405090332
284,3,1.0,0.5082707405090332,0.5082707405090332
285,0,0.5,0.5142857432365417,0.5
285,1,0.699999988079071,0.5142857432365417,0.5142857432365417
285,2,0.8500000238418579,0.5142857432365417,0.5142857432365417
285,3,1.0,0.5142857432365417,0.5142857432365417
286,0,0.5,0.5203008055686951,0.5
286,1,0.699999988079071,0.5203008055686951,0.5203008055686951
286,2,0.8500000238418579,0.5203008055686951,0.5203008055686951
286,3,1.0,0.5203008055686951,0.5203008055686951
287,0,0.5,0.5263158082962036,0.5
287,1,0.699999988079071,0.5263158082962036,0.5263158082962036
287,2,0.8500000238418579,0.5263158082962036,0.5263158082962036
287,3,1.0,0.5263158082962036,0.5263158082962036
288,0,0.5,0.5323308706283569,0.5
288,1,0.699999988079071,0.5323308706283569,0.5323308706283569
288,2,0.8500000238418579,0.5323308706283569,0.5323308706283569
288,3,1.0,0.5323308706283569,0.5323308706283569
289,0,0.5,0.5383459329605103,0.5
289,1,0.699999988079071,0.5383459329605103,0.5383459329605103
289,2,0.8500000238418579,0.5383459329605103,0.5383459329605103
289,3,1.0,0.5383459329605103,0.5383459329605103
290,0,0.5,0.5443609356880188,0.5
290,1,0.699999988079071,0.5443609356880188,0.5443609356880188
290,2,0.8500000238418579,0.5443609356880188,0.5443609356880188
290,3,1.0,0.5443609356880188,0.5443609356880188
291,0,0.5,0.5503759980201721,0.5
291,1,0.699999988079071,0.5503759980201721,0.5503759980201721
291,2,0.8500000238418579,0.5503759980201721,0.5503759980201721
291,3,1.0,0.5503759980201721,0.5503759980201721
292,0,0.5,0.5563910007476807,0.5
292,1,0.699999988079071,0.5563910007476807,0.5563910007476807
292,2,0.8500000238418579,0.5563910007476807,0.5563910007476807
292,3,1.0,0.5563910007476807,0.5563910007476807
293,0,0.5,0.562406063079834,0.5
293,1,0.699999988079071,0.562406063079834,0.562406063079834
293,2,0.8500000238418579,0.562406063079834,0.562406063079834
293,3,1.0,0.562406063079834,0.562406063079834
294,0,0.5,0.5684210658073425,0.5
294,1,0.699999988079071,0.5684210658073425,0.5684210658073425
294,2,0.8500000238418579,0.5684210658073425,0.5684210658073425
294,3,1.0,0.5684210658073425,0.5684210658073425
295,0,0.5,0.5744361281394958,0.5
295,1,0.699999988079071,0.5744361281394958,0.5744361281394958
295,2,0.8500000238418579,0.5744361281394958,0.5744361281394958
295,3,1.0,0.5744361281394958,0.5744361281394958
296,0,0.5,0.5804511904716492,0.5
296,1,0.699999988079071,0.5804511904716492,0.5804511904716492
296,2,0.8500000238418579,0.5804511904716492,0.5804511904716492
296,3,1.0,0.5804511904716492,0.5804511904716492
297,0,0.5,0.5864661931991577,0.5
297,1,0.699999988079071,0.5864661931991577,0.5864661931991577
297,2,0.8500000238418579,0.5864661931991577,0.5864661931991577
297,3,1.0,0.5864661931991577,0.5864661931991577
298,0,0.5,0.592481255531311,0.5
298,1,0.699999988079071,0.592481255531311,0.592481255531311
298,2,0.8500000238418579,0.592481255531311,0.592481255531311
298,3,1.0,0.592481255531311,0.592481255531311
299,0,0.5,0.5984962582588196,0.5
299,1,0.699999988079071,0.5984962582588196,0.5984962582588196
299,2,0.8500000238418579,0.5984962582588196,0.5984962582588196
299,3,1.0,0.5984962582588196,0.5984962582588196
300,0,0.5,0.6045113205909729,0.5
300,1,0.699999988079071,0.6045113205909729,0.6045113205909729
300,2,0.8500000238418579,0.6045113205909729,0.6045113205909729
300,3,1.0,0.6045113205909729,0.6045113205909729
301,0,0.5,0.6105263829231262,0.5
301,1,0.699999988079071,0.6105263829231262,0.6105263829231262
301,2,0.8500000238418579,0.6105263829231262,0.6105263829231262
301,3,1.0,0.6105263829231262,0.6105263829231262
302,0,0.5,0.6165413856506348,0.5
302,1,0.699999988079071,0.6165413856506348,0.6165413856506348
302,2,0.8500000238418579,0.6165413856506348,0.6165413856506348
302,3,1.0,0.6165413856506348,0.6165413856506348
303,0,0.5,0.6225564479827881,0.5
303,1,0.699999988079071,0.6225564479827881,0.6225564479827881
303,2,0.8500000238418579,0.6225564479827881,0.6225564479827881
303,3,1.0,0.6225564479827881,0.6225564479827881
304,0,0.5,0.6285714507102966,0.5
304,1,0.699999988079071,0.6285714507102966,0.6285714507102966
304,2,0.8500000238418579,0.6285714507102966,0.6285714507102966
304,3,1.0,0.6285714507102966,0.6285714507102966
305,0,0.5,0.63458651304245,0.5
305,1,0.699999988079071,0.63458651304245,0.63458651304245
305,2,0.8500000238418579,0.63458651304245,0.63458651304245
305,3,1.0,0.63458651304245,0.63458651304245
306,0,0.5,0.6406015753746033,0.5
306,1,0.699999988079071,0.6406015753746033,0.6406015753746033
306,2,0.8500000238418579,0.6406015753746033,0.6406015753746033
306,3,1.0,0.6406015753746033,0.6406015753746033
307,0,0.5,0.6466165781021118,0.5
307,1,0.699999988079071,0.6466165781021118,0.6466165781021118
307,2,0.8500000238418579,0.6466165781021118,0.6466165781021118
307,3,1.0,0.6466165781021118,0.6466165781021118
308,0,0.5,0.6526316404342651,0.5
308,1,0.699999988079071,0.6526316404342651,0.6526316404342651
308,2,0.8500000238418579,0.6526316404342651,0.6526316404342651
308,3,1.0,0.6526316404342651,0.6526316404342651
309,0,0.5,0.6586466431617737,0.5
309,1,0.699999988079071,0.6586466431617737,0.6586466431617737
309,2,0.8500000238418579,0.6586466431617737,0.6586466431617737
309,3,1.0,0.6586466431617737,0.6586466431617737
310,0,0.5,0.664661705493927,0.5
310,1,0.699999988079071,0.664661705493927,0.664661705493927
310,2,0.8500000238418579,0.664661705493927,0.664661705493927
310,3,1.0,0.664661705493927,0.664661705493927
311,0,0.5,0.6706767082214355,0.5
311,1,0.699999988079071,0.6706767082214355,0.6706767082214355
311,2,0.8500000238418579,0.6706767082214355,0.6706767082214355
311,3,1.0,0.6706767082214355,0.6706767082214355
312,0,0.5,0.6766917705535889,0.5
312,1,0.699999988079071,0.6766917705535889,0.6766917705535889
312,2,0.8500000238418579,0.6766917705535889,0.6766917705535889
312,3,1.0,0.6766917705535889,0.6766917705535889
313,0,0.5,0.6827068328857422,0.5
313,1,0.699999988079071,0.6827068328857422,0.6827068328857422
313,2,0.8500000238418579,0.6827068328857422,0.6827068328857422
313,3,1.0,0.6827068328857422,0.6827068328857422
314,0,0.5,0.6887218356132507,0.5
314,1,0.699999988079071,0.6887218356132507,0.6887218356132507
314,2,0.8500000238418579,0.6887218356132507,0.6887218356132507
314,3,1.0,0.6887218356132507,0.6887218356132507
315,0,0.5,0.694736897945404,0.5
315,1,0.699999988079071,0.694736897945404,0.694736897945404
315,2,0.8500000238418579,0.694736897945404,0.694736897945404
315,3,1.0,0.694736897945404,0.694736897945404
316,0,0.5,0.7007519006729126,0.5
316,1,0.699999988079071,0.7007519006729126,0.699999988079071
316,2,0.8500000238418579,0.7007519006729126,0.7007519006729126
316,3,1.0,0.7007519006729126,0.7007519006729126
317,0,0.5,0.7067669630050659,0.5
317,1,0.699999988079071,0.7067669630050659,0.699999988079071
317,2,0.8500000238418579,0.7067669630050659,0.7067669630050659
317,3,1.0,0.7067669630050659,0.7067669630050659
318,0,0.5,0.7127820253372192,0.5
318,1,0.699999988079071,0.7127820253372192,0.699999988079071
318,2,0.8500000238418579,0.7127820253372192,0.7127820253372192
318,3,1.0,0.7127820253372192,0.7127820253372192
319,0,0.5,0.7187970280647278,0.5
319,1,0.699999988079071,0.7187970280647278,0.699999988079071
319,2,0.8500000238418579,0.7187970280647278,0.7187970280647278
319,3,1.0,0.7187970280647278,0.7187970280647278
320,0,0.5,0.7248120903968811,0.5
320,1,0.699999988079071,0.7248120903968811,0.699999988079071
320,2,0.8500000238418579,0.7248120903968811,0.7248120903968811
320,3,1.0,0.7248120903968811,0.7248120903968811
321,0,0.5,0.7308270931243896,0.5
321,1,0.699999988079071,0.7308270931243896,0.699999988079071
321,2,0.8500000238418579,0.7308270931243896,0.7308270931243896
321,3,1.0,0.7308270931243896,0.7308270931243896
322,0,0.5,0.736842155456543,0.5
322,1,0.699999988079071,0.736842155456543,0.699999988079071
322,2,0.8500000238418579,0.736842155456543,0.736842155456543
322,3,1.0,0.736842155456543,0.736842155456543
323,0,0.5,0.7428571581840515,0.5
323,1,0.699999988079071,0.7428571581840515,0.699999988079071
323,2,0.8500000238418579,0.7428571581840515,0.7428571581840515
323,3,1.0,0.7428571581840515,0.7428571581840515
324,0,0.5,0.7488722205162048,0.5
324,1,0.699999988079071,0.7488722205162048,0.699999988079071
324,2,0.8500000238418579,0.7488722205162048,0.7488722205162048
324,3,1.0,0.7488722205162048,0.7488722205162048
325,0,0.5,0.7548872828483582,0.5
325,1,0.699999988079071,0.7548872828483582,0.699999988079071
325,2,0.8500000238418579,0.7548872828483582,0.7548872828483582
325,3,1.0,0.7548872828483582,0.7548872828483582
326,0,0.5,0.7609022855758667,0.5
326,1,0.699999988079071,0.7609022855758667,0.699999988079071
326,2,0.8500000238418579,0.7609022855758667,0.7609022855758667
326,3,1.0,0.7609022855758667,0.7609022855758667
327,0,0.5,0.76691734790802,0.5
327,1,0.699999988079071,0.76691734790802,0.699999988079071
327,2,0.8500000238418579,0.76691734790802,0.76691734790802
327,3,1.0,0.76691734790802,0.76691734790802
328,0,0.5,0.7729323506355286,0.5
328,1,0.699999988079071,0.7729323506355286,0.699999988079071
328,2,0.8500000238418579,0.7729323506355286,0.7729323506355286
328,3,1.0,0.7729323506355286,0.7729323506355286
329,0,0.5,0.7789474129676819,0.5
329,1,0.699999988079071,0.7789474129676819,0.699999988079071
329,2,0.8500000238418579,0.7789474129676819,0.7789474129676819
329,3,1.0,0.7789474129676819,0.7789474129676819
330,0,0.5,0.7849624752998352,0.5
330,1,0.699999988079071,0.7849624752998352,0.699999988079071
330,2,0.8500000238418579,0.7849624752998352,0.7849624752998352
330,3,1.0,0.7849624752998352,0.7849624752998352
331,0,0.5,0.7909774780273438,0.5
331,1,0.699999988079071,0.7909774780273438,0.699999988079071
331,2,0.8500000238418579,0.7909774780273438,0.7909774780273438
331,3,1.0,0.7909774780273438,0.7909774780273438
332,0,0.5,0.7969925403594971,0.5
332,1,0.699999988079071,0.7969925403594971,0.699999988079071
332,2,0.8500000238418579,0.7969925403594971,0.7969925403594971
332,3,1.0,0.7969925403594971,0.7969925403594971
333,0,0.5,0.8030075430870056,0.5
333,1,0.699999988079071,0.8030075430870056,0.699999988079071
333,2,0.8500000238418579,0.8030075430870056,0.8030075430870056
333,3,1.0,0.8030075430870056,0.8030075430870056
334,0,0.5,0.8090226054191589,0.5
334,1,0.699999988079071,0.8090226054191589,0.699999988079071
334,2,0.8500000238418579,0.8090226054191589,0.8090226054191589
334,3,1.0,0.8090226054191589,0.8090226054191589
335,0,0.5,0.8150376081466675,0.5
335,1,0.699999988079071,0.8150376081466675,0.699999988079071
335,2,0.8500000238418579,0.8150376081466675,0.8150376081466675
335,3,1.0,0.8150376081466675,0.8150376081466675
336,0,0.5,0.8210526704788208,0.5
336,1,0.699999988079071,0.8210526704788208,0.699999988079071
336,2,0.8500000238418579,0.8210526704788208,0.8210526704788208
336,3,1.0,0.8210526704788208,0.8210526704788208
337,0,0.5,0.8270677328109741,0.5
337,1,0.699999988079071,0.8270677328109741,0.699999988079071
337,2,0.8500000238418579,0.8270677328109741,0.8270677328109741
337,3,1.0,0.8270677328109741,0.8270677328109741
338,0,0.5,0.8330827355384827,0.5
338,1,0.699999988079071,0.8330827355384827,0.699999988079071
338,2,0.8500000238418579,0.8330827355384827,0.8330827355384827
338,3,1.0,0.8330827355384827,0.8330827355384827
339,0,0.5,0.839097797870636,0.5
339,1,0.699999988079071,0.839097797870636,0.699999988079071
339,2,0.8500000238418579,0.839097797870636,0.839097797870636
339,3,1.0,0.839097797870636,0.839097797870636
340,0,0.5,0.8451128005981445,0.5
340,1,0.699999988079071,0.8451128005981445,0.699999988079071
340,2,0.8500000238418579,0.8451128005981445,0.8451128005981445
340,3,1.0,0.8451128005981445,0.8451128005981445
341,0,0.5,0.8511278629302979,0.5
341,1,0.699999988079071,0.8511278629302979,0.699999988079071
341,2,0.8500000238418579,0.8511278629302979,0.8500000238418579
341,3,1.0,0.8511278629302979,0.8511278629302979
342,0,0.5,0.8571429252624512,0.5
342,1,0.699999988079071,0.8571429252624512,0.699999988079071
342,2,0.8500000238418579,0.8571429252624512,0.8500000238418579
342,3,1.0,0.8571429252624512,0.8571429252624512
343,0,0.5,0.8631579279899597,0.5
343,1,0.699999988079071,0.8631579279899597,0.699999988079071
343,2,0.8500000238418579,0.8631579279899597,0.8500000238418579
343,3,1.0,0.8631579279899597,0.8631579279899597
344,0,0.5,0.869172990322113,0.5
344,1,0.699999988079071,0.869172990322113,0.699999988079071
344,2,0.8500000238418579,0.869172990322113,0.8500000238418579
344,3,1.0,0.869172990322113,0.869172990322113
345,0,0.5,0.8751879930496216,0.5
345,1,0.699999988079071,0.8751879930496216,0.699999988079071
345,2,0.8500000238418579,0.8751879930496216,0.8500000238418579
345,3,1.0,0.8751879930496216,0.8751879930496216
346,0,0.5,0.8812030553817749,0.5
346,1,0.699999988079071,0.8812030553817749,0.699999988079071
346,2,0.8500000238418579,0.8812030553817749,0.8500000238418579
346,3,1.0,0.8812030553817749,0.8812030553817749
347,0,0.5,0.8872181177139282,0.5
347,1,0.699999988079071,0.8872181177139282,0.699999988079071
347,2,0.8500000238418579,0.8872181177139282,0.8500000238418579
347,3,1.0,0.8872181177139282,0.8872181177139282
348,0,0.5,0.8932331204414368,0.5
348,1,0.699999988079071,0.8932331204414368,0.699999988079071
348,2,0.8500000238418579,0.8932331204414368,0.8500000238418579
348,3,1.0,0.8932331204414368,0.8932331204414368
349,0,0.5,0.8992481827735901,0.5
349,1,0.699999988079071,0.8992481827735901,0.699999988079071
349,2,0.8500000238418579,0.8992481827735901,0.8500000238418579
349,3,1.0,0.8992481827735901,0.8992481827735901
350,0,0.5,0.9052631855010986,0.5
350,1,0.699999988079071,0.9052631855010986,0.699999988079071
350,2,0.8500000238418579,0.9052631855010986,0.8500000238418579
350,3,1.0,0.9052631855010986,0.9052631855010986
351,0,0.5,0.911278247833252,0.5
351,1,0.699999988079071,0.911278247833252,0.699999988079071
351,2,0.8500000238418579,0.911278247833252,0.8500000238418579
351,3,1.0,0.911278247833252,0.911278247833252
352,0,0.5,0.9172932505607605,0.5
352,1,0.699999988079071,0.9172932505607605,0.699999988079071
352,2,0.8500000238418579,0.9172932505607605,0.8500000238418579
352,3,1.0,0.9172932505607605,0.9172932505607605
353,0,0.5,0.9233083128929138,0.5
353,1,0.699999988079071,0.9233083128929138,0.699999988079071
353,2,0.8500000238418579,0.9233083128929138,0.8500000238418579
353,3,1.0,0.9233083128929138,0.9233083128929138
354,0,0.5,0.9293233752250671,0.5
354,1,0.699999988079071,0.9293233752250671,0.699999988079071
354,2,0.8500000238418579,0.9293233752250671,0.8500000238418579
354,3,1.0,0.9293233752250671,0.9293233752250671
355,0,0.5,0.9353383779525757,0.5
355,1,0.699999988079071,0.9353383779525757,0.699999988079071
355,2,0.8500000238418579,0.9353383779525757,0.8500000238418579
355,3,1.0,0.9353383779525757,0.9353383779525757
356,0,0.5,0.941353440284729,0.5
356,1,0.699999988079071,0.941353440284729,0.699999988079071
356,2,0.8500000238418579,0.941353440284729,0.8500000238418579
356,3,1.0,0.941353440284729,0.941353440284729
357,0,0.5,0.9473684430122375,0.5
357,1,0.699999988079071,0.9473684430122375,0.699999988079071
357,2,0.8500000238418579,0.9473684430122375,0.8500000238418579
357,3,1.0,0.9473684430122375,0.9473684430122375
358,0,0.5,0.9533835053443909,0.5
358,1,0.699999988079071,0.9533835053443909,0.699999988079071
358,2,0.8500000238418579,0.9533835053443909,0.8500000238418579
358,3,1.0,0.9533835053443909,0.9533835053443909
359,0,0.5,0.9593985676765442,0.5
359,1,0.699999988079071,0.9593985676765442,0.699999988079071
359,2,0.8500000238418579,0.9593985676765442,0.8500000238418579
359,3,1.0,0.9593985676765442,0.9593985676765442
360,0,0.5,0.9654135704040527,0.5
360,1,0.699999988079071,0.9654135704040527,0.699999988079071
360,2,0.8500000238418579,0.9654135704040527,0.8500000238418579
360,3,1.0,0.9654135704040527,0.9654135704040527
361,0,0.5,0.971428632736206,0.5
361,1,0.699999988079071,0.971428632736206,0.699999988079071
361,2,0.8500000238418579,0.971428632736206,0.8500000238418579
361,3,1.0,0.971428632736206,0.971428632736206
362,0,0.5,0.9774436354637146,0.5
362,1,0.699999988079071,0.9774436354637146,0.699999988079071
362,2,0.8500000238418579,0.9774436354637146,0.8500000238418579
362,3,1.0,0.9774436354637146,0.9774436354637146
363,0,0.5,0.9834586977958679,0.5
363,1,0.699999988079071,0.9834586977958679,0.699999988079071
363,2,0.8500000238418579,0.9834586977958679,0.8500000238418579
363,3,1.0,0.9834586977958679,0.9834586977958679
364,0,0.5,0.9894737005233765,0.5
364,1,0.699999988079071,0.9894737005233765,0.699999988079071
364,2,0.8500000238418579,0.9894737005233765,0.8500000238418579
364,3,1.0,0.9894737005233765,0.9894737005233765
365,0,0.5,0.9954887628555298,0.5
365,1,0.699999988079071,0.9954887628555298,0.699999988079071
365,2,0.8500000238418579,0.9954887628555298,0.8500000238418579
365,3,1.0,0.9954887628555298,0.9954887628555298
366,0,0.5,1.001503825187683,0.5
366,1,0.699999988079071,1.001503825187683,0.699999988079071
366,2,0.8500000238418579,1.001503825187683,0.8500000238418579
366,3,1.0,1.001503825187683,1.0
367,0,0.5,1.0075188875198364,0.5
367,1,0.699999988079071,1.0075188875198364,0.699999988079071
367,2,0.8500000238418579,1.0075188875198364,0.8500000238418579
367,3,1.0,1.0075188875198364,1.0
368,0,0.5,1.0135338306427002,0.5
368,1,0.699999988079071,1.0135338306427002,0.699999988079071
368,2,0.8500000238418579,1.0135338306427002,0.8500000238418579
368,3,1.0,1.0135338306427002,1.0
369,0,0.5,1.0195488929748535,0.5
369,1,0.699999988079071,1.0195488929748535,0.699999988079071
369,2,0.8500000238418579,1.0195488929748535,0.8500000238418579
369,3,1.0,1.0195488929748535,1.0
370,0,0.5,1.0255639553070068,0.5
370,1,0.699999988079071,1.0255639553070068,0.699999988079071
370,2,0.8500000238418579,1.0255639553070068,0.8500000238418579
370,3,1.0,1.0255639553070068,1.0
371,0,0.5,1.0315790176391602,0.5
371,1,0.699999988079071,1.0315790176391602,0.699999988079071
371,2,0.8500000238418579,1.0315790176391602,0.8500000238418579
371,3,1.0,1.0315790176391602,1.0
372,0,0.5,1.0375940799713135,0.5
372,1,0.699999988079071,1.0375940799713135,0.699999988079071
372,2,0.8500000238418579,1.0375940799713135,0.8500000238418579
372,3,1.0,1.0375940799713135,1.0
373,0,0.5,1.0436090230941772,0.5
373,1,0.699999988079071,1.0436090230941772,0.699999988079071
373,2,0.8500000238418579,1.0436090230941772,0.8500000238418579
373,3,1.0,1.0436090230941772,1.0
374,0,0.5,1.0496240854263306,0.5
374,1,0.699999988079071,1.0496240854263306,0.699999988079071
374,2,0.8500000238418579,1.0496240854263306,0.8500000238418579
374,3,1.0,1.0496240854263306,1.0
375,0,0.5,1.0556391477584839,0.5
375,1,0.699999988079071,1.0556391477584839,0.699999988079071
375,2,0.8500000238418579,1.0556391477584839,0.8500000238418579
375,3,1.0,1.0556391477584839,1.0
376,0,0.5,1.0616542100906372,0.5
376,1,0.699999988079071,1.0616542100906372,0.699999988079071
376,2,0.8500000238418579,1.0616542100906372,0.8500000238418579
376,3,1.0,1.0616542100906372,1.0
377,0,0.5,1.0676692724227905,0.5
377,1,0.699999988079071,1.0676692724227905,0.699999988079071
377,2,0.8500000238418579,1.0676692724227905,0.8500000238418579
377,3,1.0,1.0676692724227905,1.0
378,0,0.5,1.0736842155456543,0.5
378,1,0.699999988079071,1.0736842155456543,0.699999988079071
378,2,0.8500000238418579,1.0736842155456543,0.8500000238418579
378,3,1.0,1.0736842155456543,1.0
379,0,0.5,1.0796992778778076,0.5
379,1,0.699999988079071,1.0796992778778076,0.699999988079071
379,2,0.8500000238418579,1.0796992778778076,0.8500000238418579
379,3,1.0,1.0796992778778076,1.0
380,0,0.5,1.085714340209961,0.5
380,1,0.699999988079071,1.085714340209961,0.699999988079071
380,2,0.8500000238418579,1.085714340209961,0.8500000238418579
380,3,1.0,1.085714340209961,1.0
381,0,0.5,1.0917294025421143,0.5
381,1,0.699999988079071,1.0917294025421143,0.699999988079071
381,2,0.8500000238418579,1.0917294025421143,0.8500000238418579
381,3,1.0,1.0917294025421143,1.0
382,0,0.5,1.0977444648742676,0.5
382,1,0.699999988079071,1.0977444648742676,0.699999988079071
382,2,0.8500000238418579,1.0977444648742676,0.8500000238418579
382,3,1.0,1.0977444648742676,1.0
383,0,0.5,1.1037594079971313,0.5
383,1,0.699999988079071,1.1037594079971313,0.699999988079071
383,2,0.8500000238418579,1.1037594079971313,0.8500000238418579
383,3,1.0,1.1037594079971313,1.0
384,0,0.5,1.1097744703292847,0.5
384,1,0.699999988079071,1.1097744703292847,0.699999988079071
384,2,0.8500000238418579,1.1097744703292847,0.8500000238418579
384,3,1.0,1.1097744703292847,1.0
385,0,0.5,1.115789532661438,0.5
385,1,0.699999988079071,1.115789532661438,0.699999988079071
385,2,0.8500000238418579,1.115789532661438,0.8500000238418579
385,3,1.0,1.115789532661438,1.0
386,0,0.5,1.1218045949935913,0.5
386,1,0.699999988079071,1.1218045949935913,0.699999988079071
386,2,0.8500000238418579,1.1218045949935913,0.8500000238418579
386,3,1.0,1.1218045949935913,1.0
387,0,0.5,1.127819538116455,0.5
387,1,0.699999988079071,1.127819538116455,0.699999988079071
387,2,0.8500000238418579,1.127819538116455,0.8500000238418579
387,3,1.0,1.127819538116455,1.0
388,0,0.5,1.1338346004486084,0.5
388,1,0.699999988079071,1.1338346004486084,0.699999988079071
388,2,0.8500000238418579,1.1338346004486084,0.8500000238418579
388,3,1.0,1.1338346004486084,1.0
389,0,0.5,1.1398496627807617,0.5
389,1,0.699999988079071,1.1398496627807617,0.699999988079071
389,2,0.8500000238418579,1.1398496627807617,0.8500000238418579
389,3,1.0,1.1398496627807617,1.0
390,0,0.5,1.145864725112915,0.5
390,1,0.699999988079071,1.145864725112915,0.699999988079071
390,2,0.8500000238418579,1.145864725112915,0.8500000238418579
390,3,1.0,1.145864725112915,1.0
391,0,0.5,1.1518797874450684,0.5
391,1,0.699999988079071,1.1518797874450684,0.699999988079071
391,2,0.8500000238418579,1.1518797874450684,0.8500000238418579
391,3,1.0,1.1518797874450684,1.0
392,0,0.5,1.1578947305679321,0.5
392,1,0.699999988079071,1.1578947305679321,0.699999988079071
392,2,0.8500000238418579,1.1578947305679321,0.8500000238418579
392,3,1.0,1.1578947305679321,1.0
393,0,0.5,1.1639097929000854,0.5
393,1,0.699999988079071,1.1639097929000854,0.699999988079071
393,2,0.8500000238418579,1.1639097929000854,0.8500000238418579
393,3,1.0,1.1639097929000854,1.0
394,0,0.5,1.1699248552322388,0.5
394,1,0.699999988079071,1.1699248552322388,0.699999988079071
394,2,0.8500000238418579,1.1699248552322388,0.8500000238418579
394,3,1.0,1.1699248552322388,1.0
395,0,0.5,1.175939917564392,0.5
395,1,0.699999988079071,1.175939917564392,0.699999988079071
395,2,0.8500000238418579,1.175939917564392,0.8500000238418579
395,3,1.0,1.175939917564392,1.0
396,0,0.5,1.1819549798965454,0.5
396,1,0.699999988079071,1.1819549798965454,0.699999988079071
396,2,0.8500000238418579,1.1819549798965454,0.8500000238418579
396,3,1.0,1.1819549798965454,1.0
397,0,0.5,1.1879699230194092,0.5
397,1,0.699999988079071,1.1879699230194092,0.699999988079071
397,2,0.8500000238418579,1.1879699230194092,0.8500000238418579
397,3,1.0,1.1879699230194092,1.0
398,0,0.5,1.1939849853515625,0.5
398,1,0.699999988079071,1.1939849853515625,0.699999988079071
398,2,0.8500000238418579,1.1939849853515625,0.8500000238418579
398,3,1.0,1.1939849853515625,1.0
399,0,0.5,1.2000000476837158,0.5
399,1,0.699999988079071,1.2000000476837158,0.699999988079071
399,2,0.8500000238418579,1.2000000476837158,0.8500000238418579
399,3,1.0,1.2000000476837158,1.0
