episode,env_id,offset_x_m,offset_y_m,offset_z_m,offset_magnitude_m
0,0,-0.02994474209845066,-0.01769796572625637,0.054729606956243515,0.06484778225421906
0,1,0.05080905184149742,0.0723172053694725,-0.03389468416571617,0.094658263027668
0,2,0.016284609213471413,0.007048845291137695,-0.0060186744667589664,0.018737640231847763
0,3,0.023042751476168633,-0.04953491687774658,-0.005665874574333429,0.054925210773944855
0,4,0.01383830327540636,-0.00024191141710616648,0.06568881124258041,0.06713104248046875
0,5,-0.08805280923843384,-0.06111070141196251,-0.039372216910123825,0.11418399959802628
0,6,-0.04702496528625488,0.0739208236336708,-0.08700188249349594,0.1234705001115799
0,7,-0.018134677782654762,-0.0008104801527224481,-0.06826114654541016,0.07063361257314682
0,8,0.027305101975798607,-0.03870243951678276,-0.07784032076597214,0.09111840277910233
0,9,-0.09958738088607788,0.04315746948122978,0.05509009584784508,0.1217174306511879
0,10,-0.03376052528619766,-0.06107894331216812,0.0654039978981018,0.09564566612243652
0,11,0.05167965963482857,0.039418961852788925,0.07218896597623825,0.09713850170373917
0,12,0.031222546473145485,0.026490533724427223,0.025146543979644775,0.04805147647857666
0,13,0.056509699672460556,-0.030090821906924248,0.04314218834042549,0.07720137387514114
0,14,-0.026114309206604958,0.049385108053684235,-0.08782356977462769,0.10408566892147064
0,15,0.09338503330945969,-0.055725108832120895,-0.0640399232506752,0.12620286643505096
1,0,0.0291502233594656,0.06693537533283234,-0.049223508685827255,0.08805131167173386
1,1,0.026505161076784134,0.019585490226745605,-0.014669406227767467,0.03607362508773804
1,2,0.04664403200149536,0.02039090357720852,-0.07520937919616699,0.09081798046827316
1,3,-0.02953258715569973,0.02828526496887207,0.09147728979587555,0.10020142048597336
1,4,-0.008445513434708118,0.0603436715900898,-0.049286890774965286,0.07837016880512238
1,5,-0.0361454002559185,-0.07813968509435654,0.05069690942764282,0.09991234540939331
1,6,-0.0030998587608337402,0.08246492594480515,-0.04095083475112915,0.09212515503168106
1,7,0.06503057479858398,0.08304685354232788,-0.017444301396608353,0.10691145807504654
1,8,-0.021392643451690674,-0.04316849634051323,-0.00969234760850668,0.049143727868795395
1,9,0.03791326284408569,-0.0038662671577185392,-0.006421601865440607,0.0386471301317215
1,10,0.007249427028000355,-0.07983585447072983,-0.04164065048098564,0.09033416211605072
1,11,0.08857476711273193,0.08591791242361069,-0.03310946375131607,0.12776389718055725
1,12,-0.026674438267946243,0.01917971484363079,0.014440036378800869,0.035887349396944046
1,13,-0.05777474865317345,0.07508604973554611,0.02528822422027588,0.09805779159069061
1,14,-0.002481830073520541,-0.03817716985940933,-0.005691587924957275,0.03867880627512932
1,15,-0.06356847286224365,0.040124692022800446,0.021722150966525078,0.0782482847571373
2,0,-0.013561046682298183,-0.050974346697330475,0.06874608993530273,0.08665051311254501
2,1,0.026421714574098587,-0.05321994051337242,0.0157930850982666,0.061480812728405
2,2,0.08657562732696533,0.030577946454286575,-0.04135234281420708,0.10069938749074936
2,3,-0.02595055103302002,0.037727177143096924,-0.07745865732431412,0.08998119086027145
2,4,0.08410600572824478,-0.044543422758579254,-0.0035177587997168303,0.09523817896842957
2,5,0.017555786296725273,-0.0331779383122921,0.09662585705518723,0.1036606878042221
2,6,0.07902391999959946,0.021799469366669655,-0.09763210266828537,0.12748342752456665
2,7,0.029502928256988525,-0.007420587819069624,-0.020300304517149925,0.03657308220863342
2,8,0.061795424669981,0.09053438156843185,0.08295446634292603,0.13746488094329834
2,9,-0.06836088746786118,-0.047708071768283844,-0.03267698362469673,0.08953801542520523
2,10,0.08355312794446945,-0.05046982690691948,-0.08629061281681061,0.1302858293056488
2,11,-0.002028572605922818,-0.03397362306714058,0.012558579444885254,0.03627726808190346
2,12,-0.05514738708734512,-0.012732398696243763,-0.09564276784658432,0.11113454401493073
2,13,-0.025676894932985306,-0.023364735767245293,-0.09911897033452988,0.10502278059720993
2,14,0.04794586822390556,-0.01768730953335762,0.07180942595005035,0.08813762664794922
2,15,-0.031016577035188675,0.08441132307052612,0.08845130354166031,0.12613855302333832
3,0,0.04164015129208565,0.07242124527692795,0.09527937322854996,0.12671580910682678
3,1,-0.031091583892703056,-0.055274952203035355,0.053640950471162796,0.08306237310171127
3,2,0.0308320764452219,-0.058198630809783936,0.010899722576141357,0.06675703823566437
3,3,0.0062389373779296875,-0.05883815512061119,0.05798455700278282,0.0828436017036438
3,4,-0.027572453022003174,0.061536967754364014,0.06659873574972153,0.09477568417787552
3,5,0.04491914436221123,-0.0789414644241333,0.05053143575787544,0.1039370447397232
3,6,0.015823258087038994,0.017641151323914528,-0.08503555506467819,0.08827587962150574
3,7,-0.049700476229190826,-0.08262941986322403,0.03778133541345596,0.10356248170137405
3,8,0.00017762184143066406,0.06262057274580002,0.025840425863862038,0.06774286180734634
3,9,-0.07195594161748886,-0.08326863497495651,0.08473245054483414,0.13889172673225403
3,10,0.063136987388134,-0.02020418643951416,-0.04917912557721138,0.08254134654998779
3,11,0.07706195116043091,0.04563974216580391,0.02013413980603218,0.09179822355508804
3,12,0.08371938765048981,0.002583742141723633,0.07240654528141022,0.1107172966003418
3,13,0.07230321317911148,-0.01704930141568184,-0.021110355854034424,0.07722745835781097
3,14,-0.06514054536819458,0.052254773676395416,-0.00872417725622654,0.08396405726671219
3,15,-0.0863933190703392,-0.0634075179696083,0.09983696788549423,0.14646412432193756
4,0,-0.09101289510726929,-0.08564692735671997,0.07002388685941696,0.1432553231716156
4,1,0.09334412962198257,0.013758420944213867,0.09075269848108292,0.13091398775577545
4,2,-0.03492753580212593,0.014199829660356045,0.014970815740525723,0.04056714475154877
4,3,0.07176108658313751,-0.034058332443237305,0.09290468692779541,0.12223299592733383
4,4,0.0725560188293457,-0.028602588921785355,-0.07781882584095001,0.11017374694347382
4,5,-0.05350438505411148,-0.06385155767202377,0.0004780530871357769,0.08330647647380829
4,6,-0.08477658033370972,-0.05177716165781021,-0.035711050033569336,0.10556146502494812
4,7,-0.013021803461015224,-0.033965349197387695,-0.04345487430691719,0.05667043477296829
4,8,0.007952451705932617,-0.046411920338869095,0.06940033286809921,0.08386724442243576
4,9,0.005392861552536488,-0.09270665794610977,0.0707460418343544,0.11674163490533829
4,10,-0.045729007571935654,0.008427250199019909,-0.05033404752612114,0.06852500885725021
4,11,0.035379230976104736,0.05896855518221855,-0.08039011806249619,0.10579013079404831
4,12,0.01733299531042576,0.002442610217258334,0.05266338586807251,0.055496226996183395
4,13,0.06449469178915024,0.06450579315423965,-0.02830827236175537,0.09550874680280685
4,14,0.019232405349612236,0.08460079878568649,0.052008748054504395,0.10115379095077515
4,15,-0.07727869600057602,-0.07850237935781479,0.013282299041748047,0.1109551265835762
5,0,-0.08227821439504623,-0.05193585157394409,0.06302431970834732,0.11592714488506317
5,1,-0.07983223348855972,0.070493184030056,-0.05131993442773819,0.11822102218866348
5,2,0.07224621623754501,-0.08648865669965744,0.083370141685009,0.1401798278093338
5,3,-0.08404946327209473,-0.07354960590600967,-0.02234422042965889,0.1138996109366417
5,4,0.06275980919599533,-0.03771702200174332,-0.027244461700320244,0.0781257227063179
5,5,-0.07708986103534698,-0.01536571979522705,0.02335822582244873,0.0820034071803093
5,6,-0.0750134140253067,-0.03130237013101578,-0.05591226741671562,0.09865613281726837
5,7,0.0910264253616333,-0.05388026311993599,-0.04462634399533272,0.11480593681335449
5,8,0.01523902453482151,-0.00796744879335165,-0.04260213300585747,0.045941807329654694
5,9,-0.0444909930229187,-0.08470536768436432,0.03011462651193142,0.10030622035264969
5,10,-0.017374230548739433,0.026325417682528496,-0.09256070852279663,0.09778740257024765
5,11,0.07442066818475723,0.03217069059610367,-0.05479942634701729,0.09785891324281693
5,12,0.0020525814034044743,0.01911543682217598,-0.026841366663575172,0.03301623836159706
5,13,-0.038187455385923386,-0.031200110912322998,0.06059335544705391,0.07812350988388062
5,14,0.09324872493743896,0.025436092168092728,0.018740547820925713,0.09845571219921112
5,15,0.020111609250307083,0.0745980367064476,0.04497500881552696,0.08939851820468903
6,0,-0.06457582861185074,0.03398669883608818,-0.07982813566923141,0.1081557422876358
6,1,0.04259539768099785,0.03644505888223648,-0.07776670902967453,0.09586590528488159
6,2,-0.04780168458819389,-0.05203066021203995,-0.030457913875579834,0.07694072276353836
6,3,0.08302600681781769,0.04927806928753853,-0.09463111311197281,0.13519132137298584
6,4,0.08744285255670547,0.020653797313570976,-0.03975483402609825,0.0982510969042778
6,5,-0.037156689912080765,0.04652785137295723,0.07991113513708115,0.09965565800666809
6,6,0.0855606198310852,0.055619336664676666,-0.011040187440812588,0.10264509916305542
6,7,0.0403478741645813,-0.02571948803961277,0.09864389151334763,0.10963603854179382
6,8,0.020454633980989456,0.024286283180117607,-0.08189530670642853,0.087835393846035
6,9,0.08622019737958908,-0.08271311968564987,-0.09166319668292999,0.15059058368206024
6,10,-0.020265698432922363,0.07041773945093155,0.00367488875053823,0.07336798310279846
6,11,0.019403530284762383,-0.0684695616364479,0.033588528633117676,0.07869413495063782
6,12,-0.013855362311005592,0.036164212971925735,0.0557703971862793,0.06789814680814743
6,13,-0.06225275993347168,-0.019892752170562744,-0.05094949156045914,0.08286723494529724
6,14,-0.077218197286129,0.09657912701368332,-0.09415743499994278,0.15542136132717133
6,15,-0.030202198773622513,-0.04457975551486015,-0.09060446172952652,0.1053977981209755
7,0,0.045654453337192535,0.0007660508272238076,0.04014585167169571,0.06079971417784691
7,1,-0.009486126713454723,-0.06669806689023972,0.05571800470352173,0.08742490410804749
7,2,-0.08749561756849289,-0.014180446043610573,-0.09433460235595703,0.12944336235523224
7,3,-0.026177359744906425,0.05624433979392052,-0.027527380734682083,0.06787073612213135
7,4,0.036132313311100006,-0.09817779064178467,0.06869082897901535,0.12515132129192352
7,5,-0.004034209530800581,-0.07025331258773804,0.04997975751757622,0.08631210029125214
7,6,0.028402257710695267,-0.04518020153045654,-0.08243272453546524,0.09819924831390381
7,7,-0.09416475147008896,0.08922963589429855,-0.02485455386340618,0.1320858597755432
7,8,0.022079026326537132,0.07697340101003647,0.0737764835357666,0.10888230800628662
7,9,0.04313154146075249,0.0011836410267278552,0.08328461647033691,0.093797966837883
7,10,-0.029728353023529053,0.01856938563287258,-0.04048442840576172,0.05354984477162361
7,11,0.04355993494391441,-0.04912632703781128,-0.015264952555298805,0.06740833073854446
7,12,-0.004565977957099676,-0.04450402408838272,0.05057892948389053,0.06752543896436691
7,13,-0.05156446620821953,0.08049122244119644,0.024738717824220657,0.09874074161052704
7,14,-0.04024559259414673,-0.08135392516851425,0.06213141605257988,0.1099930927157402
7,15,0.09289516508579254,-0.05216927453875542,0.06127333641052246,0.1229047104716301
8,0,0.07491768896579742,0.038956452161073685,-0.06547284126281738,0.10685016214847565
8,1,0.07185497134923935,0.05164825916290283,0.012175059877336025,0.08932475000619888
8,2,0.09813554584980011,0.05320106819272041,-0.02710754983127117,0.11487279087305069
8,3,0.022518932819366455,-0.0077135683968663216,0.07249011844396591,0.07629822194576263
8,4,0.026849616318941116,-0.051068294793367386,0.09555821865797043,0.11162547022104263
8,5,-0.023176932707428932,0.04476264864206314,0.04044591262936592,0.06462767720222473
8,6,0.06358206272125244,-0.08481843769550323,0.040690042078495026,0.1135452538728714
8,7,0.051413096487522125,-0.0431923046708107,-0.06840484589338303,0.09585460275411606
8,8,0.020575834438204765,0.005221211817115545,0.08559054136276245,0.08818370848894119
8,9,0.0017347931861877441,-0.06879693269729614,0.06405510753393173,0.0940164104104042
8,10,-0.05901365354657173,-0.09931625425815582,-0.06155874952673912,0.13090381026268005
8,11,-0.06794755905866623,-0.09499289095401764,0.09834665060043335,0.15268458425998688
8,12,0.05625772476196289,0.004429078195244074,-0.07876533269882202,0.09689440578222275
8,13,0.057863689959049225,0.05305105447769165,0.0873909741640091,0.1174725666642189
8,14,0.010674488730728626,0.08920102566480637,-0.0377015583217144,0.09742780029773712
8,15,0.03551776334643364,0.09517771005630493,-0.08347909897565842,0.1314879059791565
9,0,-0.03884859010577202,0.07920324802398682,-0.08688384294509888,0.12381909787654877
9,1,0.00955743808299303,-0.00390033726580441,0.07741131633520126,0.07809653878211975
9,2,0.04051424190402031,-0.08365269750356674,-0.023601174354553223,0.09589678049087524
9,3,-0.03723205253481865,0.03734789043664932,-0.06330140680074692,0.08239028602838516
9,4,-0.021338487043976784,-0.06175827980041504,0.045770611613988876,0.07977696508169174
9,5,-0.032336581498384476,0.06650657951831818,-0.0663781687617302,0.09937223792076111
9,6,0.06655295193195343,-0.06097780540585518,0.07479523867368698,0.11722591519355774
9,7,0.036228179931640625,-0.056709446012973785,-0.040555309504270554,0.07856955379247665
9,8,0.051714468747377396,0.0036383511032909155,-0.045653440058231354,0.06907865405082703
9,9,-0.06294118613004684,-0.09722953289747238,-0.08968894928693771,0.14648987352848053
9,10,-0.04071744903922081,-0.09607205539941788,0.041247572749853134,0.11220121383666992
9,11,-0.01599656417965889,-0.048963405191898346,-0.05405912548303604,0.07467056810855865
9,12,0.08917180448770523,0.0002751946449279785,0.05766421556472778,0.10619249939918518
9,13,0.03283372148871422,0.08499027788639069,0.08125052601099014,0.1220780462026596
9,14,0.08673806488513947,-0.06640277057886124,-0.06552212685346603,0.12738119065761566
9,15,-0.04363761097192764,-0.04787173494696617,0.0769459530711174,0.10058142989873886
10,0,0.042266618460416794,-0.0045525431632995605,0.0404459610581398,0.05867766588926315
10,1,0.05314240604639053,0.07784184068441391,0.057735659182071686,0.11052997410297394
10,2,0.01025159377604723,-0.05062055587768555,0.0452762134373188,0.06868384778499603
10,3,-0.08782477676868439,-0.054621707648038864,0.056561242789030075,0.11788085848093033
10,4,-0.015583253465592861,-0.013018441386520863,0.02010531537234783,0.028575187548995018
10,5,-0.07436197251081467,-0.02984248474240303,0.011007285676896572,0.08087915182113647
10,6,0.0246176365762949,0.032544173300266266,-0.0324232243001461,0.05211925506591797
10,7,-0.0421978123486042,0.07309835404157639,0.036196935921907425,0.09183813631534576
10,8,-0.005925309844315052,-0.09056484699249268,0.0474834106862545,0.10242936760187149
10,9,0.07066915184259415,0.0008924365392886102,-0.012871491722762585,0.07183732092380524
10,10,-0.04456775262951851,0.07019314914941788,0.012286186218261719,0.08404946327209473
10,11,-0.0734681636095047,-0.045651067048311234,-0.07525219023227692,0.11464939266443253
10,12,-0.08856426924467087,0.00963969249278307,0.029705846682190895,0.09390947967767715
10,13,-0.07429313659667969,-0.04749368503689766,0.07106399536132812,0.11324845254421234
10,14,-0.09990890324115753,-0.04040501266717911,-0.0431964173913002,0.1161046251654625
10,15,0.058386266231536865,-0.02559363842010498,-0.041511762887239456,0.07607375830411911
11,0,-0.09996993839740753,-0.05276985093951225,-0.05307523161172867,0.12488245218992233
11,1,-0.07019834965467453,0.0769442543387413,-0.05523383617401123,0.11789403110742569
11,2,-0.06693150103092194,-0.009458446875214577,-0.08293624222278595,0.10699396580457687
11,3,-0.020215332508087158,0.06548243761062622,-0.007112705614417791,0.06889992952346802
11,4,-0.008747112937271595,0.0386812798678875,0.013137007132172585,0.041777197271585464
11,5,-0.02116290293633938,0.022959232330322266,-0.04656574875116348,0.05606570839881897
11,6,0.06854211539030075,0.02234783209860325,0.04522094875574112,0.08510218560695648
11,7,-0.01289382018148899,0.04753810167312622,0.0776604562997818,0.09196340292692184
11,8,-0.05379367992281914,0.013785326853394508,0.009945166297256947,0.056415438652038574
11,9,0.09460379183292389,0.04268430545926094,-0.058056868612766266,0.11892193555831909
11,10,-0.07378856092691422,0.0390225425362587,0.09499888867139816,0.12646065652370453
11,11,-0.05504422262310982,0.056849539279937744,0.0683254823088646,0.1045471578836441
11,12,0.06979706138372421,-0.0798739567399025,0.07756068557500839,0.13140447437763214
11,13,0.035974133759737015,-0.022902727127075195,-0.024568451568484306,0.04921668395400047
11,14,-0.023164188489317894,-0.04823538288474083,0.08224675804376602,0.09812115877866745
11,15,-0.019654406234622,-0.013036799617111683,-0.08188384771347046,0.08521278202533722
12,0,0.09073861688375473,0.036980368196964264,0.011732840910553932,0.0986848697066307
12,1,-0.07253638654947281,0.043877650052309036,0.055925048887729645,0.10155976563692093
12,2,0.017436910420656204,0.09488872438669205,-0.05653444677591324,0.11182155460119247
12,3,0.0942012220621109,0.010982632637023926,0.011086023412644863,0.09548501670360565
12,4,0.03860614448785782,0.08030446618795395,0.09639320522546768,0.1312664896249771
12,5,-0.09207184612751007,-0.04341219738125801,-0.016590047627687454,0.10313618928194046
12,6,0.00453000096604228,-0.03464437648653984,-0.048535775393247604,0.059803638607263565
12,7,-0.06777186691761017,0.06697036325931549,-0.03828136995434761,0.10268163681030273
12,8,-0.029629027470946312,-0.025188088417053223,-0.01593496836721897,0.042026687413454056
12,9,-0.0814061164855957,0.05975762754678726,-0.05002423748373985,0.1126958504319191
12,10,-0.030250167474150658,0.08709615468978882,-0.09168016910552979,0.13002333045005798
12,11,0.06632137298583984,0.03485517576336861,0.09105898439884186,0.11792008578777313
12,12,-0.002910101553425193,0.021516645327210426,-0.08933661133050919,0.09193728864192963
12,13,-0.0015284300316125154,-0.057654667645692825,0.05637732893228531,0.08065234124660492
12,14,0.030903220176696777,0.04178136587142944,0.04459984228014946,0.06848238408565521
12,15,-0.08920234441757202,0.03181719779968262,-0.030140841379761696,0.09938743710517883
13,0,0.018431877717375755,0.04858792945742607,-0.09859185665845871,0.1114489808678627
13,1,0.08482521772384644,-0.07515066117048264,-0.06493868678808212,0.13061383366584778
13,2,0.03506486490368843,-0.015698159113526344,-0.05053305625915527,0.06347887217998505
13,3,-0.08758749067783356,0.08014329522848129,-0.04525411128997803,0.12705294787883759
13,4,-0.06858718395233154,-0.060392118990421295,-0.08618396520614624,0.12561483681201935
13,5,-0.04627925157546997,-0.03649487718939781,-0.08386261761188507,0.10250162333250046
13,6,-0.05214424058794975,-0.059263791888952255,-0.021151483058929443,0.08172272890806198
13,7,0.08702230453491211,0.04365601763129234,0.07347434014081955,0.12197215855121613
13,8,-0.040364861488342285,0.0984400138258934,0.09789830446243286,0.14458158612251282
13,9,0.09678953886032104,0.01748579740524292,0.06500864028930664,0.11789865046739578
13,10,0.02276386134326458,0.03900358825922012,-0.025958145037293434,0.05208933353424072
13,11,-0.047965120524168015,-0.06095932796597481,0.04390745237469673,0.08913224190473557
13,12,-0.025331152603030205,0.054786838591098785,-0.0581192746758461,0.08379209786653519
13,13,-0.025124061852693558,-0.058740463107824326,0.059769999235868454,0.08748778700828552
13,14,-0.03140602260828018,-0.09834867715835571,-0.06511812657117844,0.12206216156482697
13,15,-0.08716442435979843,-0.08679433166980743,-0.02062365971505642,0.1247246116399765
14,0,0.030485941097140312,0.03067401610314846,0.050785746425390244,0.06670442223548889
14,1,0.03405550867319107,-0.02364889346063137,-0.017100775614380836,0.04484957456588745
14,2,-0.05753469467163086,-0.08747895807027817,0.009293866343796253,0.10511510074138641
14,3,0.092191182076931,0.0790741965174675,0.04667917639017105,0.1301187425851822
14,4,-0.015904510393738747,0.05569533258676529,0.014543461613357067,0.059719644486904144
14,5,0.0962614193558693,-0.0012777328956872225,-0.08742872625589371,0.13004490733146667
14,6,0.09663566201925278,0.025809288024902344,0.02236229181289673,0.10249216109514236
14,7,0.03787126764655113,-0.054935064166784286,-0.05396155267953873,0.08581341803073883
14,8,0.0788835808634758,0.02724519930779934,-0.06342240422964096,0.10482043027877808
14,9,-0.03761027008295059,0.05173572525382042,0.0338791124522686,0.07238032668828964
14,10,0.027726709842681885,-0.011531638912856579,0.09642095863819122,0.10098886489868164
14,11,0.0977592021226883,0.05324883386492729,-0.06543617695569992,0.1291285902261734
14,12,-0.09038066864013672,-0.06991509348154068,0.026056338101625443,0.11719948053359985
14,13,-0.02222764492034912,0.0937437042593956,-0.046572841703891754,0.10700925439596176
14,14,0.012041962705552578,0.04737299680709839,0.019143735989928246,0.05249468609690666
14,15,-0.07380609959363937,-0.07863152027130127,-0.06166234239935875,0.1242276132106781
15,0,-0.020740056410431862,0.0822964459657669,0.03359072282910347,0.09127536416053772
15,1,0.04715341329574585,0.06243056058883667,-0.010237527079880238,0.07890390604734421
15,2,0.08125175535678864,0.06438630819320679,0.07430986315011978,0.12755155563354492
15,3,0.04437228664755821,0.06643278896808624,-0.0877421423792839,0.11866296082735062
15,4,-0.016123129054903984,0.06026926264166832,0.07583605498075485,0.09820105135440826
15,5,-0.08647336810827255,0.05808369070291519,0.05115070566534996,0.11605065315961838
15,6,0.05195493623614311,0.06555894762277603,-0.02504553832113743,0.0873187854886055
15,7,0.09437818825244904,-0.026840616017580032,0.012070203199982643,0.09886026382446289
15,8,0.02821815013885498,-0.052857279777526855,-0.03991091251373291,0.07199331372976303
15,9,0.08172240108251572,0.058981169015169144,0.025515342131257057,0.10396327078342438
15,10,-0.09675659984350204,-0.09885307401418686,0.0830593928694725,0.16134631633758545
15,11,0.030085040256381035,-0.024858033284544945,-0.05108579620718956,0.06428677588701248
15,12,0.07634799927473068,0.058091260492801666,0.03342162445187569,0.10159043967723846
15,13,0.07738905400037766,0.09813139587640762,-0.01134424190968275,0.12548916041851044
15,14,-0.05208384990692139,0.05673046037554741,0.001669251942075789,0.07703154534101486
15,15,0.04931284114718437,0.00830529909580946,0.009648573584854603,0.05092965066432953
16,0,0.050272416323423386,0.006465804763138294,-0.0999508872628212,0.1120682954788208
16,1,0.09775464981794357,-0.080035500228405,0.09160721302032471,0.15605619549751282
16,2,0.027650510892271996,-0.048387911170721054,0.0053106071427464485,0.055983420461416245
16,3,0.08711450546979904,0.08126769214868546,0.03985649347305298,0.1256260871887207
16,4,0.051521193236112595,0.02457277849316597,0.019157493487000465,0.06021016836166382
16,5,-0.07478868216276169,0.05063316971063614,-0.08724600076675415,0.12557439506053925
16,6,0.031900204718112946,0.06276648491621017,-0.0383869893848896,0.08019236475229263
16,7,0.03941458463668823,0.0315428264439106,-0.053409185260534286,0.07349149882793427
16,8,-0.09636618196964264,0.04587218910455704,0.07362266629934311,0.12965722382068634
16,9,0.07882330566644669,-0.010165787301957607,-0.04758758470416069,0.09263387322425842
16,10,0.02063291147351265,-0.04163704067468643,-0.051226209849119186,0.06916274130344391
16,11,0.02548687532544136,0.05327191576361656,-0.07668217271566391,0.09678653627634048
16,12,-0.04562375694513321,-0.09440058469772339,-0.0985059142112732,0.14386248588562012
16,13,-0.036413490772247314,-0.055853068828582764,0.024599863216280937,0.07106800377368927
16,14,-0.08105260133743286,-0.004184830468147993,0.0073969364166259766,0.0814969390630722
16,15,-0.0035289525985717773,0.03421581909060478,-0.03570837900042534,0.049580883234739304
17,0,0.032803356647491455,-0.02978738583624363,-0.01350249070674181,0.046321332454681396
17,1,0.02390317991375923,0.029931044206023216,-0.000657928001601249,0.038310080766677856
17,2,0.047235049307346344,-0.038670290261507034,0.016597164794802666,0.06326141953468323
17,3,-0.027927089482545853,-0.03955803066492081,0.09899146854877472,0.11020014435052872
17,4,0.019337618723511696,-0.09026805311441422,-0.06211050972342491,0.11126535385847092
17,5,0.06525465101003647,0.02883312664926052,-0.009298468008637428,0.07194428890943527
17,6,-0.05070566013455391,-0.07646901905536652,0.021888887509703636,0.09432761371135712
17,7,0.013378644362092018,-0.05770455673336983,0.061258602887392044,0.08521396666765213
17,8,-0.04297924041748047,0.07074180990457535,0.0881626233458519,0.12093083560466766
17,9,-0.050668682903051376,-0.03456300497055054,-0.06867724657058716,0.09207867085933685
17,10,-0.07185013592243195,-0.09998323023319244,0.04793238639831543,0.1321234405040741
17,11,0.013108563609421253,0.03731020912528038,0.06624668091535568,0.07715250551700592
17,12,0.05257948860526085,-0.03843707963824272,0.06444726139307022,0.09162674844264984
17,13,-0.09041648358106613,0.045660246163606644,-0.04195971414446831,0.10963857173919678
17,14,-0.038331832736730576,0.015579449944198132,0.05340628698468208,0.06755945831537247
17,15,0.05699292570352554,-0.06537419557571411,0.07184453308582306,0.11262156069278717
18,0,0.054064083844423294,0.012704193592071533,-0.02713095024228096,0.061809469014406204
18,1,0.06723170727491379,-0.0002475142537150532,0.0022798420395702124,0.06727080792188644
18,2,-0.026093745604157448,0.03630387783050537,-0.049324631690979004,0.06657157093286514
18,3,-0.054761599749326706,0.001158511615358293,-0.019646191969513893,0.058190617710351944
18,4,-0.0454520583152771,-0.06964254379272461,0.05643435940146446,0.10050278902053833
18,5,-0.08858063071966171,0.018822133541107178,-0.08298055082559586,0.12282740324735641
18,6,0.062414612621068954,-0.020258380100131035,-0.006546449847519398,0.06594575196504593
18,7,0.0886879563331604,0.05611778423190117,-0.040560055524110794,0.1125161200761795
18,8,0.02342844009399414,0.011922216974198818,-0.036279261112213135,0.04480196163058281
18,9,0.08837433904409409,-0.03791569545865059,-0.08645301312208176,0.12931258976459503
18,10,0.06976499408483505,0.07449301332235336,-0.027319693937897682,0.10565381497144699
18,11,-0.06856691092252731,0.07357609272003174,0.03388092666864395,0.10612624883651733
18,12,-0.0057039144448935986,-0.031038451939821243,0.07282072305679321,0.0793648362159729
18,13,-0.05358005687594414,0.036713387817144394,-0.07323755323886871,0.09788991510868073
18,14,-0.07859192043542862,0.0019139408832415938,0.08191593736410141,0.11353666335344315
18,15,-0.043589916080236435,-0.07001589983701706,-0.014545345678925514,0.08374887704849243
19,0,0.01478421688079834,0.011742914095520973,0.030209887772798538,0.03562451899051666
19,1,0.06317118555307388,-0.010262715630233288,0.0915534645318985,0.11170478165149689
19,2,0.07430511713027954,-0.026532936841249466,-0.04725538566708565,0.09196911752223969
19,3,0.0027225494850426912,-0.0040742638520896435,0.01390905398875475,0.014746989123523235
19,4,0.05121065303683281,-0.08455809205770493,-0.08281482756137848,0.12896083295345306
19,5,-0.0887800082564354,0.09666718542575836,0.036097075790166855,0.13612286746501923
19,6,0.008507085032761097,-0.08202771097421646,0.02157682180404663,0.08524361997842789
19,7,-0.08876007050275803,0.042401231825351715,-0.004908394999802113,0.09849013388156891
19,8,-0.058126937597990036,-0.06455256789922714,-0.08945641666650772,0.12469252198934555
19,9,0.08899950236082077,0.09810831397771835,0.07913269847631454,0.15429885685443878
19,10,0.0409950390458107,0.07387881726026535,0.0808819904923439,0.11696396768093109
19,11,-0.015633344650268555,-0.04239851236343384,-0.09702211618423462,0.10702955722808838
19,12,0.02153857983648777,-0.027520347386598587,0.0327814482152462,0.047915585339069366
19,13,-0.08813802152872086,0.06390035152435303,-0.09474915266036987,0.1443224400281906
19,14,-0.034061312675476074,0.021731054410338402,-0.02456606738269329,0.04728534072637558
19,15,0.020094072446227074,0.004608035087585449,-0.017349649220705032,0.026944685727357864
20,0,0.0013744354946538806,0.06781446188688278,0.0917007103562355,0.11406011879444122
20,1,-0.06457346677780151,0.031556855887174606,-0.02487255446612835,0.07605400681495667
20,2,-0.04592592641711235,0.09820915758609772,-0.08154161274433136,0.1356586366891861
20,3,0.02260223589837551,0.08666451275348663,0.05916493013501167,0.1073409840464592
20,4,0.09108863025903702,-0.0585935115814209,0.09009634703397751,0.14088183641433716
20,5,0.05988556146621704,0.06340058147907257,-0.09564252197742462,0.12943494319915771
20,6,-0.02665739133954048,-0.053155507892370224,-0.08994127810001373,0.10782188177108765
20,7,0.008514142595231533,-0.07907366752624512,0.0006822586292400956,0.079533651471138
20,8,0.03251732513308525,-0.0809812918305397,0.04538799449801445,0.09836369007825851
20,9,-0.04756317287683487,0.09603257477283478,-0.021680260077118874,0.10933684557676315
20,10,0.020048797130584717,0.07618039846420288,0.08894705772399902,0.11881492286920547
20,11,0.020127033814787865,-0.05189533159136772,0.06998268514871597,0.08941923081874847
20,12,-0.0800788402557373,0.05239880084991455,-0.02137887477874756,0.09805768728256226
20,13,0.07593369483947754,0.01563922129571438,0.029197359457612038,0.08284320682287216
20,14,0.007284927647560835,0.04471440240740776,0.09245317429304123,0.10295648872852325
20,15,0.017917657271027565,0.049074459820985794,-0.05021446943283081,0.07246267050504684
21,0,-0.03649428114295006,0.09228475391864777,-0.057342614978551865,0.11461450159549713
21,1,0.06993114203214645,-0.02148261107504368,-0.04532350227236748,0.08605862408876419
21,2,-0.08531183004379272,0.08446323871612549,-0.09598082304000854,0.1537025272846222
21,3,0.0860145315527916,-0.05891665443778038,-0.018120979890227318,0.10582080483436584
21,4,0.08962377160787582,-0.035283733159303665,-0.0908910259604454,0.13243314623832703
21,5,-0.08496544510126114,0.020315945148468018,0.005049169063568115,0.08750633150339127
21,6,0.028432464227080345,-0.04273432493209839,0.044969845563173294,0.06824158877134323
21,7,-0.036355700343847275,0.03941844776272774,0.034335505217313766,0.06367478519678116
21,8,-0.05468761920928955,-0.03725668415427208,0.02575826644897461,0.07100903987884521
21,9,-0.03244589641690254,0.08290412276983261,0.04004086181521416,0.09761711210012436
21,10,-0.02205592393875122,0.06393416970968246,0.09227357059717178,0.11440478265285492
21,11,-0.002423870610073209,-0.08134299516677856,0.028378939256072044,0.08618539571762085
21,12,0.08553525060415268,-0.07590941339731216,0.06510915607213974,0.13159680366516113
21,13,0.06915906816720963,-0.09207073599100113,0.008808589540421963,0.11548847705125809
21,14,-0.09689529240131378,-0.004807961173355579,0.02689363993704319,0.1006731390953064
21,15,0.08423037827014923,0.03382444381713867,0.09990674257278442,0.13498224318027496
22,0,-0.0963340774178505,-0.02499384991824627,0.06243237480521202,0.11748509854078293
22,1,0.09834177792072296,-0.08197619020938873,-0.027078723534941673,0.13086044788360596
22,2,0.0952843576669693,0.07943325489759445,0.03164712339639664,0.12802456319332123
22,3,-0.09691711515188217,-0.0684075579047203,-0.05164749547839165,0.12938308715820312
22,4,-0.049414314329624176,0.08254964649677277,-0.04589254781603813,0.10659430176019669
22,5,0.02825186215341091,0.05230085924267769,0.03762465715408325,0.070350281894207
22,6,-0.0033675909508019686,0.06494376808404922,0.049855660647153854,0.08194278925657272
22,7,0.06170541048049927,0.09227587282657623,0.02906942367553711,0.11474940180778503
22,8,0.09714239090681076,0.06991523504257202,0.029233992099761963,0.12320474535226822
22,9,0.038344789296388626,0.07549498230218887,-0.09841369837522507,0.129827082157135
22,10,-0.07369699329137802,0.030856728553771973,0.05968783050775528,0.0997297391295433
22,11,0.004734253976494074,0.043567802757024765,-0.0976971909403801,0.10707617551088333
22,12,-0.03499985858798027,0.08929276466369629,0.07636594027280807,0.12259667366743088
22,13,0.09604557603597641,-0.09714656323194504,0.05818796157836914,0.14848583936691284
22,14,-0.010293793864548206,0.07982311397790909,0.05861871317028999,0.09956829249858856
22,15,0.03172194957733154,0.0728534460067749,-0.06134127452969551,0.10038255900144577
23,0,0.05840568616986275,0.0329987071454525,-0.03572890907526016,0.07600456476211548
23,1,0.027260709553956985,-0.021323656663298607,0.002977574011310935,0.03473773971199989
23,2,-0.08062344044446945,-0.03187011554837227,-0.0838337168097496,0.12059824168682098
23,3,-0.043073106557130814,-0.017954563722014427,-0.08010947704315186,0.0927102342247963
23,4,0.02828270196914673,0.08846233040094376,-0.08333639055490494,0.12478160858154297
23,5,-0.005032873246818781,-0.003864860627800226,-0.026978004723787308,0.02771425060927868
23,6,0.04189788177609444,0.025257302448153496,-0.07521682232618332,0.0897269994020462
23,7,-0.09960698336362839,-0.015523540787398815,0.03959539160132408,0.1083066314458847
23,8,0.08993075042963028,0.09933953732252121,0.05938313156366348,0.1465682089328766
23,9,-0.08543778955936432,-0.010390114970505238,0.0575525276362896,0.10353677719831467
23,10,-0.08963725715875626,-0.036661721765995026,0.07463853806257248,0.12226950377225876
23,11,0.09244006872177124,-0.08504654467105865,-0.07481657713651657,0.14620397984981537
23,12,-0.06728281825780869,-0.09380550682544708,-0.014555776491761208,0.11635428667068481
23,13,0.06549365818500519,0.06658227741718292,0.015084683895111084,0.09460531920194626
23,14,-0.011675345711410046,0.08949867635965347,-0.0375903844833374,0.09777200222015381
23,15,-0.0014026046264916658,-0.007637512870132923,0.04995354637503624,0.050553493201732635
24,0,0.07592548429965973,-0.07153254002332687,-0.058463871479034424,0.11958096921443939
24,1,0.019453609362244606,0.031065965071320534,0.03746117278933525,0.05241065472364426
24,2,-0.09664080291986465,-0.08058669418096542,-0.01573890447616577,0.12681235373020172
24,3,-0.027281522750854492,-0.0886252149939537,0.05604088306427002,0.10834801197052002
24,4,0.08476503938436508,0.05869504436850548,-0.055649783462285995,0.11716278642416
24,5,-0.012200665660202503,-0.08453785628080368,-0.01460967119783163,0.0866541862487793
24,6,0.06686235964298248,-0.04828730970621109,0.03947043418884277,0.09143388271331787
24,7,-0.013346469961106777,0.02712770737707615,0.039646029472351074,0.04985828325152397
24,8,-0.08436522632837296,-0.06473693996667862,0.03910126909613609,0.11330168694257736
24,9,-0.029794132336974144,-0.07839270681142807,0.0013050079578533769,0.08387377113103867
24,10,0.08112183958292007,-0.0014725804794579744,0.09116771072149277,0.12204290926456451
24,11,0.04575760290026665,-0.07781511545181274,-0.0076372744515538216,0.09059403091669083
24,12,0.051946308463811874,0.07936418056488037,-0.0997530147433281,0.13765084743499756
24,13,-0.060847558081150055,-0.02652907371520996,-0.06504853069782257,0.09293830394744873
24,14,-0.05356025695800781,-0.005949461366981268,0.04322833940386772,0.06908535957336426
24,15,-0.0009232640150003135,-0.04347021505236626,0.06265047937631607,0.076260045170784
25,0,-0.014983630739152431,-0.08622776716947556,0.04697978496551514,0.09933195263147354
25,1,-0.0136390570551157,-0.013579308986663818,-0.015682101249694824,0.02482639253139496
25,2,0.05193806812167168,0.06396167725324631,-0.03761357069015503,0.09057284891605377
25,3,0.07062160223722458,-0.008079039864242077,-0.07091625779867172,0.1004081517457962
25,4,0.0369824543595314,0.0042181494645774364,-0.01820620335638523,0.041436221450567245
25,5,-0.06511173397302628,0.09658260643482208,0.07476822286844254,0.13841252028942108
25,6,-0.06143598631024361,0.05743452534079552,0.05136416107416153,0.0985463410615921
25,7,-0.028421903029084206,0.06854625046253204,-0.017804253846406937,0.07631110399961472
25,8,0.09276431798934937,-0.0404464490711689,-0.00643922109156847,0.101403146982193
25,9,-0.09083273261785507,0.029275286942720413,-0.004186546895653009,0.09552568197250366
25,10,-0.03968095779418945,-0.004865718074142933,0.06684207916259766,0.07788528501987457
25,11,-0.09124787896871567,0.08912285417318344,-0.04809131845831871,0.13631519675254822
25,12,-0.086460642516613,0.008675766177475452,0.051257193088531494,0.10088613629341125
25,13,-0.02432194910943508,0.07814332097768784,0.0033542036544531584,0.08190962672233582
25,14,-0.032925333827733994,-0.013626277446746826,-0.0965939313173294,0.10295698046684265
25,15,0.04996195062994957,0.05403870344161987,0.05807178094983101,0.09374811500310898
26,0,0.0036574960686266422,-0.06068825721740723,-0.04804825782775879,0.07749243080615997
26,1,0.033917881548404694,0.05712326988577843,-0.03653851896524429,0.0758192166686058
26,2,-0.04678243398666382,0.09821335226297379,0.013999700546264648,0.10968340933322906
26,3,0.003528857370838523,-0.027552282437682152,0.015321589075028896,0.03172273933887482
26,4,-0.06186305359005928,-0.06109074503183365,-0.07444679737091064,0.11446152627468109
26,5,-0.04606323316693306,-0.014972400851547718,0.03398660570383072,0.0591699555516243
26,6,-0.023934459313750267,-0.007025313563644886,-0.04114776849746704,0.04811810702085495
26,7,0.09983396530151367,-0.02497762441635132,-0.00593068590387702,0.10308188945055008
26,8,0.07717447727918625,-0.040216732770204544,0.04939825460314751,0.10006733983755112
26,9,-0.06049717590212822,0.05176891013979912,-0.029879486188292503,0.08504535257816315
26,10,0.05751854181289673,-0.010765159502625465,-0.07613816112279892,0.09602755308151245
26,11,-0.05353814363479614,0.0724453255534172,0.07235157489776611,0.11553964018821716
26,12,0.03413010761141777,-0.05026368051767349,-0.05260815843939781,0.08036740869283676
26,13,-0.07896174490451813,0.046584393829107285,-0.04584100469946861,0.1025010347366333
26,14,-0.06929507106542587,0.0570005439221859,-0.025156056508421898,0.09318635612726212
26,15,0.022225653752684593,-0.03377575799822807,0.05109269544482231,0.06515554338693619
27,0,0.0934719666838646,0.020557260140776634,-0.04794739559292793,0.10704467445611954
27,1,-0.09805923700332642,0.019844187423586845,-0.015761137008666992,0.10128089785575867
27,2,0.09020383656024933,-0.03152386099100113,0.032925285398960114,0.10106711089611053
27,3,-0.08054516464471817,0.04114571958780289,0.012413347139954567,0.09129394590854645
27,4,0.07149796932935715,0.04005926847457886,0.04562375694513321,0.09379889070987701
27,5,-0.06510116904973984,-0.019316161051392555,-0.011869204230606556,0.06893587112426758
27,6,-0.00952612143009901,0.06900637596845627,-0.03803861141204834,0.07936978340148926
27,7,-0.00637662410736084,-0.03506169468164444,-0.013466501608490944,0.03809633105993271
27,8,0.020309174433350563,-0.011326873674988747,-0.028166770935058594,0.03652571141719818
27,9,-0.08633594959974289,0.02524203062057495,-0.09726237505674362,0.13248027861118317
27,10,-0.004627323243767023,-0.03128955513238907,0.04082679748535156,0.0516456738114357
27,11,-0.0843624398112297,0.07092808932065964,-0.09179619699716568,0.14343763887882233
27,12,-0.09328197687864304,-0.07360611110925674,-0.021293938159942627,0.12071792781352997
27,13,-0.06563999503850937,0.06273581087589264,0.02571547031402588,0.09436988830566406
27,14,-0.058889057487249374,-0.08945579826831818,0.06122463941574097,0.1233641654253006
27,15,-0.002593958517536521,0.049868144094944,0.09100168943405151,0.10380206257104874
28,0,0.014694595709443092,0.07488968223333359,-0.09301984310150146,0.12032076716423035
28,1,0.016963733360171318,-0.05492887645959854,0.05327139049768448,0.07837595790624619
28,2,0.037269748747348785,0.08027445524930954,-0.08106149733066559,0.12001661956310272
28,3,0.09413013607263565,-0.00826652068644762,-0.04028346762061119,0.10272086411714554
28,4,0.05456170067191124,0.035688258707523346,-0.07583500444889069,0.10000789165496826
28,5,-0.011497879400849342,-0.08373720943927765,0.06545372307300568,0.10690327733755112
28,6,-0.022114813327789307,-0.05018046125769615,0.07883258908987045,0.09602978825569153
28,7,-0.0732385441660881,0.0795736089348793,-0.08524822443723679,0.13770657777786255
28,8,0.03843133524060249,-0.03921191766858101,0.05061274766921997,0.07467390596866608
28,9,0.03526793792843819,0.02219938114285469,0.07048975676298141,0.08188678324222565
28,10,0.03253549337387085,0.01065363921225071,0.023450983688235283,0.04149707406759262
28,11,0.061643194407224655,0.07736363261938095,-0.00411069393157959,0.09900461137294769
28,12,-0.058861542493104935,-0.08473408222198486,-0.046481695026159286,0.11315959692001343
28,13,-0.018499290570616722,0.013860928826034069,0.042205918580293655,0.04812160134315491
28,14,0.008702349849045277,-0.044917549937963486,0.09741803258657455,0.10762708634138107
28,15,-0.03772175312042236,-0.006641817279160023,0.021259022876620293,0.0438062809407711
29,0,-0.0625075027346611,0.015231335535645485,0.03502122312784195,0.07325071841478348
29,1,-0.02666657045483589,0.06793300062417984,0.041717853397130966,0.08406174927949905
29,2,0.07893359661102295,0.020964061841368675,-0.0826672911643982,0.11620622128248215
29,3,0.003279662225395441,0.09472508728504181,-0.05430692434310913,0.10923754423856735
29,4,-0.038957178592681885,0.06371408700942993,0.005116307642310858,0.07485534995794296
29,5,-0.05336100980639458,-0.034905221313238144,-0.08705580234527588,0.10790961235761642
29,6,0.09304588288068771,0.08622356504201889,-0.09804797172546387,0.1603291779756546
29,7,-0.07707171887159348,-0.09574650973081589,0.023774122819304466,0.12519046664237976
29,8,0.01044455822557211,-0.05881683900952339,0.04215970262885094,0.0731160044670105
29,9,-0.023096024990081787,-0.06135090813040733,-0.006549573037773371,0.06588062644004822
29,10,-0.09893651306629181,0.00045559406862594187,0.09749267250299454,0.13890090584754944
29,11,-0.07280093431472778,0.00038095712079666555,0.016977930441498756,0.07475540786981583
29,12,-0.07158920913934708,0.03267623111605644,-0.06229287385940552,0.10036510229110718
29,13,0.049773573875427246,0.039541520178318024,-0.01577026955783367,0.06549535691738129
29,14,-0.01989957131445408,-0.04078643396496773,0.052253544330596924,0.06920953094959259
29,15,-0.08802288770675659,-0.05472975969314575,-0.08631225675344467,0.1348820924758911
