step,env_id,time_s,wrench_magnitude
0,0,0.0,0.3367636203765869
0,1,0.0,0.47943389415740967
0,2,0.0,0.28115105628967285
0,3,0.0,0.33479437232017517
1,0,0.01,0.31550684571266174
1,1,0.01,0.2857273519039154
1,2,0.01,0.3894599974155426
1,3,0.01,0.2831327021121979
2,0,0.02,0.42144086956977844
2,1,0.02,0.5409343242645264
2,2,0.02,0.5308820009231567
2,3,0.02,0.4987717568874359
3,0,0.03,0.7500213384628296
3,1,0.03,0.4425584077835083
3,2,0.03,0.48586782813072205
3,3,0.03,0.4739204943180084
4,0,0.04,0.7279847860336304
4,1,0.04,0.6548569202423096
4,2,0.04,0.8004683256149292
4,3,0.04,0.43040475249290466
5,0,0.05,0.5597413778305054
5,1,0.05,0.6874440312385559
5,2,0.05,0.7553800940513611
5,3,0.05,0.5339717268943787
6,0,0.06,0.7034370303153992
6,1,0.06,1.1202188730239868
6,2,0.06,0.7615171670913696
6,3,0.06,0.2990342676639557
7,0,0.07,0.6237255930900574
7,1,0.07,1.3417645692825317
7,2,0.07,0.7401564121246338
7,3,0.07,0.4387359917163849
8,0,0.08,0.5076113343238831
8,1,0.08,1.5419416427612305
8,2,0.08,0.7050928473472595
8,3,0.08,0.6556981801986694
9,0,0.09,0.42385274171829224
9,1,0.09,1.1619817018508911
9,2,0.09,0.6071555614471436
9,3,0.09,0.5975976586341858
10,0,0.1,0.5954293012619019
10,1,0.1,1.3369102478027344
10,2,0.1,0.46326974034309387
10,3,0.1,0.7061333060264587
11,0,0.11,0.706019401550293
11,1,0.11,1.3193176984786987
11,2,0.11,0.1410127580165863
11,3,0.11,0.7967187166213989
12,0,0.12,0.90961092710495
12,1,0.12,1.204361915588379
12,2,0.12,0.5704770088195801
12,3,0.12,0.9163068532943726
13,0,0.13,0.9924809336662292
13,1,0.13,1.419771432876587
13,2,0.13,0.5545105338096619
13,3,0.13,0.9650859236717224
14,0,0.14,1.1548994779586792
14,1,0.14,1.2574546337127686
14,2,0.14,0.3095702826976776
14,3,0.14,1.1250964403152466
15,0,0.15,1.2135483026504517
15,1,0.15,1.1646387577056885
15,2,0.15,0.37599852681159973
15,3,0.15,1.1309306621551514
16,0,0.16,1.131659984588623
16,1,0.16,0.8757496476173401
16,2,0.16,0.41886788606643677
16,3,0.16,0.926689624786377
17,0,0.17,1.1630165576934814
17,1,0.17,1.1677639484405518
17,2,0.17,0.34012719988822937
17,3,0.17,1.1742342710494995
18,0,0.18,1.1800533533096313
18,1,0.18,1.111191749572754
18,2,0.18,0.39338868856430054
18,3,0.18,1.266139030456543
19,0,0.19,1.0076755285263062
19,1,0.19,1.1647111177444458
19,2,0.19,0.30691400170326233
19,3,0.19,1.1852983236312866
20,0,0.2,0.9345191717147827
20,1,0.2,1.2165911197662354
20,2,0.2,0.5105328559875488
20,3,0.2,1.1383646726608276
21,0,0.21,1.2604893445968628
21,1,0.21,1.4095052480697632
21,2,0.21,0.6898437738418579
21,3,0.21,0.9249257445335388
22,0,0.22,1.0084136724472046
22,1,0.22,1.273686408996582
22,2,0.22,0.43358314037323
22,3,0.22,0.8776803016662598
23,0,0.23,1.0973787307739258
23,1,0.23,1.3901606798171997
23,2,0.23,0.7180485725402832
23,3,0.23,1.1346701383590698
24,0,0.24,1.0975199937820435
24,1,0.24,1.2711101770401
24,2,0.24,0.760348379611969
24,3,0.24,1.273646593093872
25,0,0.25,0.9732658267021179
25,1,0.25,1.1558901071548462
25,2,0.25,0.7987871766090393
25,3,0.25,1.3063111305236816
26,0,0.26,0.9989066123962402
26,1,0.26,1.1808336973190308
26,2,0.26,0.5957489013671875
26,3,0.26,1.4103503227233887
27,0,0.27,0.7406103610992432
27,1,0.27,1.2778264284133911
27,2,0.27,0.6675268411636353
27,3,0.27,1.1173443794250488
28,0,0.28,0.46000292897224426
28,1,0.28,1.5086427927017212
28,2,0.28,0.579856276512146
28,3,0.28,1.296718955039978
29,0,0.29,0.6915890574455261
29,1,0.29,1.4034554958343506
29,2,0.29,0.5119442939758301
29,3,0.29,1.2179526090621948
30,0,0.3,0.7432267665863037
30,1,0.3,1.3393514156341553
30,2,0.3,0.3908027410507202
30,3,0.3,1.0493853092193604
31,0,0.31,0.9896162152290344
31,1,0.31,1.4432231187820435
31,2,0.31,0.38886353373527527
31,3,0.31,1.3701649904251099
32,0,0.32,1.0299988985061646
32,1,0.32,1.7342684268951416
32,2,0.32,0.33287960290908813
32,3,0.32,1.6432249546051025
33,0,0.33,0.9590203166007996
33,1,0.33,1.9551987648010254
33,2,0.33,0.39780542254447937
33,3,0.33,1.544194221496582
34,0,0.34,1.1001832485198975
34,1,0.34,2.218435764312744
34,2,0.34,0.21444174647331238
34,3,0.34,1.4460773468017578
35,0,0.35000000000000003,1.0822831392288208
35,1,0.35000000000000003,2.151327610015869
35,2,0.35000000000000003,0.1546943038702011
35,3,0.35000000000000003,1.4119020700454712
36,0,0.36,1.4251588582992554
36,1,0.36,1.8615227937698364
36,2,0.36,0.4029728174209595
36,3,0.36,1.6526453495025635
37,0,0.37,1.2652747631072998
37,1,0.37,1.801202654838562
37,2,0.37,0.5013916492462158
37,3,0.37,1.5567536354064941
38,0,0.38,1.259742259979248
38,1,0.38,1.6484496593475342
38,2,0.38,0.4351486563682556
38,3,0.38,1.7597038745880127
39,0,0.39,1.3536535501480103
39,1,0.39,1.641531229019165
39,2,0.39,0.3872920572757721
39,3,0.39,1.7969434261322021
40,0,0.4,1.3686282634735107
40,1,0.4,1.5922954082489014
40,2,0.4,0.6071712970733643
40,3,0.4,1.8919800519943237
41,0,0.41000000000000003,1.2968674898147583
41,1,0.41000000000000003,1.5640770196914673
41,2,0.41000000000000003,0.6816595196723938
41,3,0.41000000000000003,2.091059923171997
42,0,0.42,1.1962205171585083
42,1,0.42,1.625593900680542
42,2,0.42,0.8595553040504456
42,3,0.42,2.07772159576416
43,0,0.43,1.1029070615768433
43,1,0.43,1.4801743030548096
43,2,0.43,0.8982502222061157
43,3,0.43,1.9578684568405151
44,0,0.44,0.9391580820083618
44,1,0.44,1.6680651903152466
44,2,0.44,0.8339280486106873
44,3,0.44,1.7868136167526245
45,0,0.45,0.89250248670578
45,1,0.45,1.9020129442214966
45,2,0.45,0.7842028737068176
45,3,0.45,1.9633756875991821
46,0,0.46,1.0786693096160889
46,1,0.46,1.942440390586853
46,2,0.46,0.7014061212539673
46,3,0.46,2.0203633308410645
47,0,0.47000000000000003,1.442392110824585
47,1,0.47000000000000003,1.8377041816711426
47,2,0.47000000000000003,0.6152498722076416
47,3,0.47000000000000003,1.749958872795105
48,0,0.48,1.4703289270401
48,1,0.48,2.3709230422973633
48,2,0.48,0.5283541083335876
48,3,0.48,1.9703547954559326
49,0,0.49,1.290700912475586
49,1,0.49,2.362413167953491
49,2,0.49,0.543995201587677
49,3,0.49,2.011866807937622
50,0,0.5,1.1830943822860718
50,1,0.5,2.2798492908477783
50,2,0.5,0.7913265228271484
50,3,0.5,1.8999855518341064
51,0,0.51,1.217535376548767
51,1,0.51,2.2138450145721436
51,2,0.51,1.087463617324829
51,3,0.51,2.0007688999176025
52,0,0.52,1.4842387437820435
52,1,0.52,1.7966328859329224
52,2,0.52,1.4996769428253174
52,3,0.52,2.053196668624878
53,0,0.53,1.5257455110549927
53,1,0.53,1.9206708669662476
53,2,0.53,1.249686360359192
53,3,0.53,2.033745765686035
54,0,0.54,1.3020323514938354
54,1,0.54,2.1853010654449463
54,2,0.54,1.2061758041381836
54,3,0.54,2.0191338062286377
55,0,0.55,1.2243938446044922
55,1,0.55,2.3276045322418213
55,2,0.55,0.9141800999641418
55,3,0.55,1.6318635940551758
56,0,0.56,1.01315176486969
56,1,0.56,2.3003718852996826
56,2,0.56,0.5808358192443848
56,3,0.56,1.6043757200241089
57,0,0.5700000000000001,0.8993149399757385
57,1,0.5700000000000001,2.4983322620391846
57,2,0.5700000000000001,0.7110708951950073
57,3,0.5700000000000001,1.384751558303833
58,0,0.58,0.7712516188621521
58,1,0.58,2.124098777770996
58,2,0.58,0.6528894901275635
58,3,0.58,1.2362360954284668
59,0,0.59,0.8667747378349304
59,1,0.59,1.7954518795013428
59,2,0.59,0.6262356042861938
59,3,0.59,1.2858649492263794
60,0,0.6,0.778741180896759
60,1,0.6,1.6915385723114014
60,2,0.6,0.6901529431343079
60,3,0.6,1.2578476667404175
61,0,0.61,0.8851171731948853
61,1,0.61,1.5655516386032104
61,2,0.61,0.7589733600616455
61,3,0.61,1.3635917901992798
62,0,0.62,0.5942491888999939
62,1,0.62,1.096833348274231
62,2,0.62,0.7773258090019226
62,3,0.62,1.132805347442627
63,0,0.63,0.5055493712425232
63,1,0.63,1.118574619293213
63,2,0.63,1.0216853618621826
63,3,0.63,1.0536020994186401
64,0,0.64,0.6983210444450378
64,1,0.64,1.2465994358062744
64,2,0.64,0.9781327247619629
64,3,0.64,1.1884920597076416
65,0,0.65,0.8091042041778564
65,1,0.65,0.9740481376647949
65,2,0.65,1.0752683877944946
65,3,0.65,1.2062581777572632
66,0,0.66,1.1524951457977295
66,1,0.66,0.7270719408988953
66,2,0.66,1.2119507789611816
66,3,0.66,1.1459912061691284
67,0,0.67,1.12472665309906
67,1,0.67,0.6135808825492859
67,2,0.67,1.2468193769454956
67,3,0.67,1.4048805236816406
68,0,0.68,0.9849388599395752
68,1,0.68,0.8056873679161072
68,2,0.68,1.323613166809082
68,3,0.68,1.5955277681350708
69,0,0.6900000000000001,0.83199143409729
69,1,0.6900000000000001,0.7205812335014343
69,2,0.6900000000000001,1.4019200801849365
69,3,0.6900000000000001,1.7252904176712036
70,0,0.7000000000000001,0.9147021174430847
70,1,0.7000000000000001,0.6750085353851318
70,2,0.7000000000000001,1.3645681142807007
70,3,0.7000000000000001,1.8865573406219482
71,0,0.71,0.6593950986862183
71,1,0.71,0.7934331297874451
71,2,0.71,1.6125973463058472
71,3,0.71,1.9161510467529297
72,0,0.72,0.7383118271827698
72,1,0.72,0.8891333341598511
72,2,0.72,1.9038186073303223
72,3,0.72,1.9746556282043457
73,0,0.73,0.5011040568351746
73,1,0.73,0.9270445704460144
73,2,0.73,1.942992091178894
73,3,0.73,1.787580966949463
74,0,0.74,0.3664229214191437
74,1,0.74,0.5857009887695312
74,2,0.74,1.8978877067565918
74,3,0.74,1.8714932203292847
75,0,0.75,0.7162405252456665
75,1,0.75,0.49827513098716736
75,2,0.75,2.0120456218719482
75,3,0.75,1.8986518383026123
76,0,0.76,0.8377168774604797
76,1,0.76,0.6253939270973206
76,2,0.76,2.142732620239258
76,3,0.76,1.9240262508392334
77,0,0.77,0.8427467942237854
77,1,0.77,0.6336416006088257
77,2,0.77,2.4273219108581543
77,3,0.77,1.9035921096801758
78,0,0.78,0.9438804388046265
78,1,0.78,0.6984989047050476
78,2,0.78,2.1709721088409424
78,3,0.78,2.214987277984619
79,0,0.79,0.7910944223403931
79,1,0.79,0.6443695425987244
79,2,0.79,1.9642037153244019
79,3,0.79,2.0307023525238037
80,0,0.8,0.8585671782493591
80,1,0.8,0.7810918092727661
80,2,0.8,1.8643629550933838
80,3,0.8,1.926485300064087
81,0,0.81,0.9068492650985718
81,1,0.81,0.8201345801353455
81,2,0.81,1.7487733364105225
81,3,0.81,1.8187077045440674
82,0,0.8200000000000001,0.900822103023529
82,1,0.8200000000000001,0.693594753742218
82,2,0.8200000000000001,2.038832902908325
82,3,0.8200000000000001,2.0712084770202637
83,0,0.8300000000000001,0.7654820680618286
83,1,0.8300000000000001,0.73163241147995
83,2,0.8300000000000001,2.0542314052581787
83,3,0.8300000000000001,2.202113389968872
84,0,0.84,0.7626962661743164
84,1,0.84,0.6745559573173523
84,2,0.84,1.9916925430297852
84,3,0.84,2.055389404296875
85,0,0.85,0.6199159622192383
85,1,0.85,0.830226480960846
85,2,0.85,1.886786699295044
85,3,0.85,2.046126365661621
86,0,0.86,0.5930265784263611
86,1,0.86,0.6413736343383789
86,2,0.86,1.807315468788147
86,3,0.86,2.050023078918457
87,0,0.87,0.7071653008460999
87,1,0.87,0.7784854173660278
87,2,0.87,1.740460991859436
87,3,0.87,2.383448600769043
88,0,0.88,0.8375070691108704
88,1,0.88,0.7712976932525635
88,2,0.88,1.4777928590774536
88,3,0.88,2.4625141620635986
89,0,0.89,0.6718578338623047
89,1,0.89,0.8659873604774475
89,2,0.89,1.1675441265106201
89,3,0.89,2.242377996444702
90,0,0.9,0.9734734892845154
90,1,0.9,0.9108995199203491
90,2,0.9,1.4194118976593018
90,3,0.9,1.9296914339065552
91,0,0.91,0.8423452973365784
91,1,0.91,0.7261263728141785
91,2,0.91,1.202127456665039
91,3,0.91,1.7544280290603638
92,0,0.92,0.7701510787010193
92,1,0.92,0.8105661869049072
92,2,0.92,1.3586061000823975
92,3,0.92,1.8754502534866333
93,0,0.93,0.6129859089851379
93,1,0.93,0.8670020699501038
93,2,0.93,1.451782464981079
93,3,0.93,1.940040111541748
94,0,0.9400000000000001,0.3205207586288452
94,1,0.9400000000000001,1.0544542074203491
94,2,0.9400000000000001,1.4510102272033691
94,3,0.9400000000000001,1.5704677104949951
95,0,0.9500000000000001,0.4635305404663086
95,1,0.9500000000000001,1.0802568197250366
95,2,0.9500000000000001,1.3685967922210693
95,3,0.9500000000000001,1.5002171993255615
96,0,0.96,0.5440988540649414
96,1,0.96,1.1948257684707642
96,2,0.96,1.272094964981079
96,3,0.96,1.3102089166641235
97,0,0.97,0.6688242554664612
97,1,0.97,1.23235285282135
97,2,0.97,1.0781220197677612
97,3,0.97,1.0867154598236084
98,0,0.98,0.6185513734817505
98,1,0.98,1.1279375553131104
98,2,0.98,1.1075469255447388
98,3,0.98,1.2327114343643188
99,0,0.99,0.7448894381523132
99,1,0.99,0.8361295461654663
99,2,0.99,0.7191131114959717
99,3,0.99,1.444374918937683
100,0,1.0,0.8168560862541199
100,1,1.0,1.0271133184432983
100,2,1.0,0.6531923413276672
100,3,1.0,1.4175070524215698
101,0,1.01,0.8669668436050415
101,1,1.01,0.6970037221908569
101,2,1.01,0.53053879737854
101,3,1.01,1.4389655590057373
102,0,1.02,0.8879137635231018
102,1,1.02,0.5758904218673706
102,2,1.02,0.5210700631141663
102,3,1.02,1.572749376296997
103,0,1.03,0.9311642646789551
103,1,1.03,0.3934331238269806
103,2,1.03,0.37840554118156433
103,3,1.03,1.4055367708206177
104,0,1.04,0.933584451675415
104,1,1.04,0.44525283575057983
104,2,1.04,0.5962569117546082
104,3,1.04,1.5323238372802734
105,0,1.05,0.9613843560218811
105,1,1.05,0.40504029393196106
105,2,1.05,0.7512376308441162
105,3,1.05,1.6508532762527466
106,0,1.06,0.7768038511276245
106,1,1.06,0.5581963658332825
106,2,1.06,0.7951420545578003
106,3,1.06,1.4678510427474976
107,0,1.07,0.7097394466400146
107,1,1.07,0.7551829814910889
107,2,1.07,0.627556562423706
107,3,1.07,1.4652433395385742
108,0,1.08,0.5766595602035522
108,1,1.08,0.7406849265098572
108,2,1.08,1.024232268333435
108,3,1.08,1.3205654621124268
109,0,1.09,0.5629984140396118
109,1,1.09,0.5224602818489075
109,2,1.09,0.8186503052711487
109,3,1.09,1.076134204864502
110,0,1.1,0.540658712387085
110,1,1.1,0.6537161469459534
110,2,1.1,0.8383491039276123
110,3,1.1,1.4237343072891235
111,0,1.11,0.7182163000106812
111,1,1.11,0.7549650073051453
111,2,1.11,0.950196385383606
111,3,1.11,1.5081195831298828
112,0,1.12,1.0239644050598145
112,1,1.12,0.7878271341323853
112,2,1.12,0.9106913805007935
112,3,1.12,1.6826738119125366
113,0,1.1300000000000001,1.0293216705322266
113,1,1.1300000000000001,1.201107382774353
113,2,1.1300000000000001,0.8938779234886169
113,3,1.1300000000000001,1.4136176109313965
114,0,1.1400000000000001,0.9428626298904419
114,1,1.1400000000000001,1.5812820196151733
114,2,1.1400000000000001,0.6846919059753418
114,3,1.1400000000000001,1.729986548423767
115,0,1.1500000000000001,1.0786670446395874
115,1,1.1500000000000001,1.3209216594696045
115,2,1.1500000000000001,0.6387572288513184
115,3,1.1500000000000001,1.8072398900985718
116,0,1.16,1.2474786043167114
116,1,1.16,1.4148778915405273
116,2,1.16,0.49025431275367737
116,3,1.16,1.7863906621932983
117,0,1.17,1.4011889696121216
117,1,1.17,1.477028250694275
117,2,1.17,0.5685917735099792
117,3,1.17,1.9543359279632568
118,0,1.18,1.321700096130371
118,1,1.18,1.6442924737930298
118,2,1.18,0.5511561036109924
118,3,1.18,1.78557550907135
119,0,1.19,1.3419585227966309
119,1,1.19,1.5448867082595825
119,2,1.19,0.5645049810409546
119,3,1.19,1.8741514682769775
120,0,1.2,1.2587189674377441
120,1,1.2,1.3256936073303223
120,2,1.2,0.8435000777244568
120,3,1.2,1.7802824974060059
121,0,1.21,1.3901726007461548
121,1,1.21,1.757178783416748
121,2,1.21,0.9947365522384644
121,3,1.21,1.6015781164169312
122,0,1.22,1.3699067831039429
122,1,1.22,1.7894665002822876
122,2,1.22,0.9138644933700562
122,3,1.22,1.5865461826324463
123,0,1.23,1.3067634105682373
123,1,1.23,1.8085836172103882
123,2,1.23,0.9853653311729431
123,3,1.23,1.5967170000076294
124,0,1.24,1.1581624746322632
124,1,1.24,1.8112103939056396
124,2,1.24,0.8874083757400513
124,3,1.24,1.630100131034851
125,0,1.25,1.10002863407135
125,1,1.25,1.7705355882644653
125,2,1.25,1.0581570863723755
125,3,1.25,1.5828591585159302
126,0,1.26,1.028564214706421
126,1,1.26,1.7476918697357178
126,2,1.26,0.9574341773986816
126,3,1.26,1.496503233909607
127,0,1.27,1.3526486158370972
127,1,1.27,1.5528489351272583
127,2,1.27,0.9775247573852539
127,3,1.27,1.795648217201233
128,0,1.28,0.8509441614151001
128,1,1.28,1.9990164041519165
128,2,1.28,0.9960544109344482
128,3,1.28,1.9663347005844116
129,0,1.29,1.0621271133422852
129,1,1.29,1.8980975151062012
129,2,1.29,1.3620836734771729
129,3,1.29,1.929659366607666
130,0,1.3,0.7685058116912842
130,1,1.3,1.9032546281814575
130,2,1.3,1.728408694267273
130,3,1.3,1.935423731803894
131,0,1.31,0.8760127425193787
131,1,1.31,1.6711686849594116
131,2,1.31,1.9205490350723267
131,3,1.31,1.8894319534301758
132,0,1.32,1.0529359579086304
132,1,1.32,1.6111360788345337
132,2,1.32,2.1083555221557617
132,3,1.32,2.0805118083953857
133,0,1.33,0.8565266132354736
133,1,1.33,1.3286263942718506
133,2,1.33,2.0812151432037354
133,3,1.33,2.05586576461792
134,0,1.34,0.7414652705192566
134,1,1.34,1.1470365524291992
134,2,1.34,2.2199532985687256
134,3,1.34,1.992322325706482
135,0,1.35,0.8426185250282288
135,1,1.35,1.175308108329773
135,2,1.35,2.5920586585998535
135,3,1.35,2.072080612182617
136,0,1.36,0.9431501030921936
136,1,1.36,1.341176152229309
136,2,1.36,2.4722352027893066
136,3,1.36,1.950573444366455
137,0,1.37,0.8346908092498779
137,1,1.37,1.253659963607788
137,2,1.37,2.6414153575897217
137,3,1.37,2.075294017791748
138,0,1.3800000000000001,0.864944577217102
138,1,1.3800000000000001,1.3178651332855225
138,2,1.3800000000000001,2.426442861557007
138,3,1.3800000000000001,1.8206140995025635
139,0,1.3900000000000001,0.7966198325157166
139,1,1.3900000000000001,1.2338550090789795
139,2,1.3900000000000001,2.220099687576294
139,3,1.3900000000000001,1.632481336593628
140,0,1.4000000000000001,0.7035285830497742
140,1,1.4000000000000001,1.4665430784225464
140,2,1.4000000000000001,2.2585501670837402
140,3,1.4000000000000001,1.541052222251892
141,0,1.41,0.7150329351425171
141,1,1.41,1.1538770198822021
141,2,1.41,2.0583293437957764
141,3,1.41,1.3126226663589478
142,0,1.42,0.7922062873840332
142,1,1.42,1.2251458168029785
142,2,1.42,2.407789707183838
142,3,1.42,1.3435133695602417
143,0,1.43,0.9853041768074036
143,1,1.43,1.024433970451355
143,2,1.43,2.6470789909362793
143,3,1.43,1.2408599853515625
144,0,1.44,1.007917881011963
144,1,1.44,0.9461508989334106
144,2,1.44,2.7101001739501953
144,3,1.44,1.324102520942688
145,0,1.45,1.2573055028915405
145,1,1.45,1.221785306930542
145,2,1.45,2.9371039867401123
145,3,1.45,1.3654505014419556
146,0,1.46,1.323279857635498
146,1,1.46,1.3316596746444702
146,2,1.46,2.882235050201416
146,3,1.46,1.431900978088379
147,0,1.47,1.0046411752700806
147,1,1.47,1.227955937385559
147,2,1.47,2.724452018737793
147,3,1.47,1.5095912218093872
148,0,1.48,1.171986699104309
148,1,1.48,1.1685469150543213
148,2,1.48,2.9541399478912354
148,3,1.48,1.3077679872512817
149,0,1.49,1.353013038635254
149,1,1.49,0.8785495162010193
149,2,1.49,2.9418177604675293
149,3,1.49,1.2305235862731934
150,0,1.5,1.3269245624542236
150,1,1.5,0.9849432110786438
150,2,1.5,2.765599250793457
150,3,1.5,1.0046175718307495
151,0,1.51,1.5909675359725952
151,1,1.51,0.7008107900619507
151,2,1.51,2.942556858062744
151,3,1.51,1.2740823030471802
152,0,1.52,1.4601253271102905
152,1,1.52,0.510559618473053
152,2,1.52,3.216679811477661
152,3,1.52,1.3712413311004639
153,0,1.53,1.35221266746521
153,1,1.53,0.7915784120559692
153,2,1.53,3.1004204750061035
153,3,1.53,1.5029457807540894
154,0,1.54,1.4403705596923828
154,1,1.54,1.027301549911499
154,2,1.54,2.7420215606689453
154,3,1.54,1.3507851362228394
155,0,1.55,1.1673734188079834
155,1,1.55,0.8786514401435852
155,2,1.55,2.8905856609344482
155,3,1.55,1.3309202194213867
156,0,1.56,1.1209888458251953
156,1,1.56,0.77717524766922
156,2,1.56,3.1051204204559326
156,3,1.56,1.3384991884231567
157,0,1.57,1.1588910818099976
157,1,1.57,0.7445393800735474
157,2,1.57,3.3028738498687744
157,3,1.57,1.197081446647644
158,0,1.58,0.7245683670043945
158,1,1.58,1.0520802736282349
158,2,1.58,3.003377914428711
158,3,1.58,1.192090392112732
159,0,1.59,0.6560516953468323
159,1,1.59,1.2704179286956787
159,2,1.59,2.8799595832824707
159,3,1.59,1.1236790418624878
160,0,1.6,0.7061275243759155
160,1,1.6,1.07316255569458
160,2,1.6,2.9434993267059326
160,3,1.6,1.12526273727417
161,0,1.61,0.816071629524231
161,1,1.61,1.1879931688308716
161,2,1.61,3.213315725326538
161,3,1.61,1.0094809532165527
162,0,1.62,0.9782093167304993
162,1,1.62,1.2158894538879395
162,2,1.62,3.151649236679077
162,3,1.62,1.281823754310608
163,0,1.6300000000000001,1.2611911296844482
163,1,1.6300000000000001,0.8731839060783386
163,2,1.6300000000000001,3.0723938941955566
163,3,1.6300000000000001,1.3090649843215942
164,0,1.6400000000000001,1.0062979459762573
164,1,1.6400000000000001,1.2090200185775757
164,2,1.6400000000000001,2.8403100967407227
164,3,1.6400000000000001,1.0828646421432495
165,0,1.6500000000000001,0.9198652505874634
165,1,1.6500000000000001,1.2714868783950806
165,2,1.6500000000000001,2.654303789138794
165,3,1.6500000000000001,0.9796534180641174
166,0,1.6600000000000001,1.108031988143921
166,1,1.6600000000000001,1.7479758262634277
166,2,1.6600000000000001,2.5307936668395996
166,3,1.6600000000000001,1.05575692653656
167,0,1.67,1.1550761461257935
167,1,1.67,1.9125555753707886
167,2,1.67,2.3544230461120605
167,3,1.67,0.9803385138511658
168,0,1.68,1.1373130083084106
168,1,1.68,1.9739104509353638
168,2,1.68,2.2413017749786377
168,3,1.68,1.1017018556594849
169,0,1.69,1.0230557918548584
169,1,1.69,2.0196750164031982
169,2,1.69,2.7230944633483887
169,3,1.69,1.29097318649292
170,0,1.7,1.1110223531723022
170,1,1.7,1.9546096324920654
170,2,1.7,2.7401061058044434
170,3,1.7,1.2001513242721558
171,0,1.71,0.9537086486816406
171,1,1.71,1.8081313371658325
171,2,1.71,2.9545485973358154
171,3,1.71,1.0803754329681396
172,0,1.72,0.6522602438926697
172,1,1.72,1.9121363162994385
172,2,1.72,2.871922016143799
172,3,1.72,1.121960997581482
173,0,1.73,0.7284624576568604
173,1,1.73,1.4132297039031982
173,2,1.73,3.0907042026519775
173,3,1.73,0.9903706312179565
174,0,1.74,0.9133931398391724
174,1,1.74,1.277230143547058
174,2,1.74,3.0872793197631836
174,3,1.74,0.7590189576148987
175,0,1.75,0.814327597618103
175,1,1.75,1.5390623807907104
175,2,1.75,2.907353639602661
175,3,1.75,0.8533445596694946
176,0,1.76,0.6660107374191284
176,1,1.76,1.2260833978652954
176,2,1.76,2.916341781616211
176,3,1.76,0.818580150604248
177,0,1.77,0.6212484240531921
177,1,1.77,1.2230238914489746
177,2,1.77,2.962904691696167
177,3,1.77,0.6278961300849915
178,0,1.78,0.7662066221237183
178,1,1.78,1.1653093099594116
178,2,1.78,2.7387728691101074
178,3,1.78,0.7350286245346069
179,0,1.79,0.7894424200057983
179,1,1.79,1.307384729385376
179,2,1.79,2.8088693618774414
179,3,1.79,0.9076420068740845
180,0,1.8,1.0373793840408325
180,1,1.8,1.4959207773208618
180,2,1.8,2.7892696857452393
180,3,1.8,1.1209392547607422
181,0,1.81,1.1577922105789185
181,1,1.81,1.7020741701126099
181,2,1.81,2.727661609649658
181,3,1.81,0.9562960267066956
182,0,1.82,1.065471887588501
182,1,1.82,1.6535725593566895
182,2,1.82,2.7695488929748535
182,3,1.82,1.000417947769165
183,0,1.83,1.0975579023361206
183,1,1.83,1.2495325803756714
183,2,1.83,2.841834545135498
183,3,1.83,0.9151185154914856
184,0,1.84,1.2683542966842651
184,1,1.84,1.472594976425171
184,2,1.84,2.776428699493408
184,3,1.84,0.9529391527175903
185,0,1.85,1.12007737159729
185,1,1.85,1.8483508825302124
185,2,1.85,2.783810615539551
185,3,1.85,1.0457055568695068
186,0,1.86,1.1222891807556152
186,1,1.86,1.8872195482254028
186,2,1.86,2.8152618408203125
186,3,1.86,1.3520941734313965
187,0,1.87,1.0216745138168335
187,1,1.87,1.7007050514221191
187,2,1.87,2.9084527492523193
187,3,1.87,1.522350549697876
188,0,1.8800000000000001,0.9830365180969238
188,1,1.8800000000000001,1.7811710834503174
188,2,1.8800000000000001,2.874643087387085
188,3,1.8800000000000001,1.4826442003250122
189,0,1.8900000000000001,0.901527464389801
189,1,1.8900000000000001,2.256357431411743
189,2,1.8900000000000001,2.9741342067718506
189,3,1.8900000000000001,1.508001446723938
190,0,1.9000000000000001,1.0225093364715576
190,1,1.9000000000000001,2.346743583679199
190,2,1.9000000000000001,3.0276548862457275
190,3,1.9000000000000001,1.6840193271636963
191,0,1.9100000000000001,1.1976706981658936
191,1,1.9100000000000001,2.295109748840332
191,2,1.9100000000000001,3.304924488067627
191,3,1.9100000000000001,1.548280119895935
192,0,1.92,1.1462702751159668
192,1,1.92,2.248683452606201
192,2,1.92,3.224957227706909
192,3,1.92,1.4053339958190918
193,0,1.93,1.2106534242630005
193,1,1.93,2.552280902862549
193,2,1.93,3.1649789810180664
193,3,1.93,1.2876617908477783
194,0,1.94,1.1923398971557617
194,1,1.94,2.781580686569214
194,2,1.94,3.0187573432922363
194,3,1.94,1.3593288660049438
195,0,1.95,1.1173553466796875
195,1,1.95,2.6647515296936035
195,2,1.95,2.921769380569458
195,3,1.95,1.1389853954315186
196,0,1.96,1.2238293886184692
196,1,1.96,2.702907085418701
196,2,1.96,3.008139133453369
196,3,1.96,0.8447166681289673
197,0,1.97,1.422204613685608
197,1,1.97,2.9018471240997314
197,2,1.97,2.9800703525543213
197,3,1.97,0.8510875701904297
198,0,1.98,1.1968029737472534
198,1,1.98,2.853729248046875
198,2,1.98,3.091122627258301
198,3,1.98,0.8808705806732178
199,0,1.99,1.4568840265274048
199,1,1.99,2.7967400550842285
199,2,1.99,3.1615090370178223
199,3,1.99,0.7848496437072754
200,0,2.0,1.3832720518112183
200,1,2.0,2.7827816009521484
200,2,2.0,3.0624167919158936
200,3,2.0,0.8806071281433105
201,0,2.0100000000000002,1.794373869895935
201,1,2.0100000000000002,3.0849080085754395
201,2,2.0100000000000002,3.1695797443389893
201,3,2.0100000000000002,0.8538439869880676
202,0,2.02,1.809786081314087
202,1,2.02,2.836973190307617
202,2,2.02,3.164088487625122
202,3,2.02,0.5583283305168152
203,0,2.0300000000000002,1.800357460975647
203,1,2.0300000000000002,2.5391714572906494
203,2,2.0300000000000002,3.3591699600219727
203,3,2.0300000000000002,0.5206801891326904
204,0,2.04,1.9766466617584229
204,1,2.04,2.4831981658935547
204,2,2.04,3.476998805999756
204,3,2.04,0.42221030592918396
205,0,2.05,1.7985725402832031
205,1,2.05,2.49361515045166
205,2,2.05,3.3967714309692383
205,3,2.05,0.45979323983192444
206,0,2.06,1.8051360845565796
206,1,2.06,2.4542014598846436
206,2,2.06,3.6098082065582275
206,3,2.06,0.6130853891372681
207,0,2.07,1.6232954263687134
207,1,2.07,2.538010358810425
207,2,2.07,3.541308641433716
207,3,2.07,0.5750272870063782
208,0,2.08,1.7619898319244385
208,1,2.08,2.6381995677948
208,2,2.08,3.6157870292663574
208,3,2.08,0.4834500253200531
209,0,2.09,1.6007673740386963
209,1,2.09,2.598763942718506
209,2,2.09,3.6283814907073975
209,3,2.09,0.5073079466819763
210,0,2.1,1.4948917627334595
210,1,2.1,2.541295051574707
210,2,2.1,3.322234630584717
210,3,2.1,0.6073115468025208
211,0,2.11,1.3997611999511719
211,1,2.11,2.679880380630493
211,2,2.11,2.9356489181518555
211,3,2.11,0.5621348023414612
212,0,2.12,1.369341254234314
212,1,2.12,2.2679076194763184
212,2,2.12,3.0529963970184326
212,3,2.12,0.4140588045120239
213,0,2.13,1.4607986211776733
213,1,2.13,2.3447983264923096
213,2,2.13,3.11148738861084
213,3,2.13,0.3848646581172943
214,0,2.14,1.4431601762771606
214,1,2.14,2.283128261566162
214,2,2.14,3.3217580318450928
214,3,2.14,0.3750308156013489
215,0,2.15,1.386793851852417
215,1,2.15,2.148176908493042
215,2,2.15,3.482374429702759
215,3,2.15,0.49195656180381775
216,0,2.16,1.3087679147720337
216,1,2.16,1.9129613637924194
216,2,2.16,3.2196764945983887
216,3,2.16,0.736031174659729
217,0,2.17,1.4662951231002808
217,1,2.17,2.254879951477051
217,2,2.17,2.9490487575531006
217,3,2.17,0.7620229125022888
218,0,2.18,1.4869838953018188
218,1,2.18,2.121507406234741
218,2,2.18,2.8670105934143066
218,3,2.18,0.8125675916671753
219,0,2.19,1.4636249542236328
219,1,2.19,2.1463499069213867
219,2,2.19,3.1062469482421875
219,3,2.19,0.919693112373352
220,0,2.2,1.3823744058609009
220,1,2.2,2.2015066146850586
220,2,2.2,3.2367031574249268
220,3,2.2,0.9672805070877075
221,0,2.21,1.2699750661849976
221,1,2.21,2.1225426197052
221,2,2.21,3.169567108154297
221,3,2.21,0.9002591371536255
222,0,2.22,1.4559714794158936
222,1,2.22,1.914918303489685
222,2,2.22,3.3192429542541504
222,3,2.22,0.7578690052032471
223,0,2.23,1.3950115442276
223,1,2.23,2.081697463989258
223,2,2.23,3.0023605823516846
223,3,2.23,0.5620672702789307
224,0,2.24,1.2414475679397583
224,1,2.24,1.9588207006454468
224,2,2.24,2.840320348739624
224,3,2.24,0.6435683369636536
225,0,2.25,1.0500439405441284
225,1,2.25,1.700581669807434
225,2,2.25,2.6902551651000977
225,3,2.25,0.6067856550216675
226,0,2.2600000000000002,1.1592421531677246
226,1,2.2600000000000002,1.6431851387023926
226,2,2.2600000000000002,2.826148509979248
226,3,2.2600000000000002,0.5128151178359985
227,0,2.27,1.0318195819854736
227,1,2.27,1.467980980873108
227,2,2.27,2.837777614593506
227,3,2.27,0.44298750162124634
228,0,2.2800000000000002,0.8520347476005554
228,1,2.2800000000000002,1.4547744989395142
228,2,2.2800000000000002,2.5833284854888916
228,3,2.2800000000000002,0.38117513060569763
229,0,2.29,0.9820230603218079
229,1,2.29,1.670440673828125
229,2,2.29,2.5966241359710693
229,3,2.29,0.4763529598712921
230,0,2.3000000000000003,0.7476043701171875
230,1,2.3000000000000003,1.8069355487823486
230,2,2.3000000000000003,2.458817720413208
230,3,2.3000000000000003,0.5391948223114014
231,0,2.31,0.6539819836616516
231,1,2.31,1.5969023704528809
231,2,2.31,2.6024234294891357
231,3,2.31,0.7260829210281372
232,0,2.32,0.7538626194000244
232,1,2.32,1.848185658454895
232,2,2.32,2.4219841957092285
232,3,2.32,0.637914776802063
233,0,2.33,0.5130369663238525
233,1,2.33,1.9579931497573853
233,2,2.33,2.3500802516937256
233,3,2.33,0.9444474577903748
234,0,2.34,0.5578660368919373
234,1,2.34,2.3428008556365967
234,2,2.34,2.1887900829315186
234,3,2.34,0.806039571762085
235,0,2.35,0.5513544678688049
235,1,2.35,2.5081536769866943
235,2,2.35,2.2402079105377197
235,3,2.35,0.8118497133255005
236,0,2.36,0.5455346703529358
236,1,2.36,2.332016706466675
236,2,2.36,2.621363878250122
236,3,2.36,0.942919135093689
237,0,2.37,0.6057445406913757
237,1,2.37,2.547572374343872
237,2,2.37,2.574655771255493
237,3,2.37,0.7819547653198242
238,0,2.38,0.5357164144515991
238,1,2.38,2.711578369140625
238,2,2.38,2.293367385864258
238,3,2.38,0.897289514541626
239,0,2.39,0.5112261772155762
239,1,2.39,2.4582414627075195
239,2,2.39,2.2133500576019287
239,3,2.39,1.0872108936309814
240,0,2.4,0.5977814197540283
240,1,2.4,1.8266907930374146
240,2,2.4,2.2044782638549805
240,3,2.4,1.3245785236358643
241,0,2.41,0.7268623113632202
241,1,2.41,2.028822898864746
241,2,2.41,2.1537890434265137
241,3,2.41,1.3705241680145264
242,0,2.42,1.055267572402954
242,1,2.42,2.1020896434783936
242,2,2.42,2.3276548385620117
242,3,2.42,1.2092828750610352
243,0,2.43,1.1324312686920166
243,1,2.43,2.0644822120666504
243,2,2.43,2.1849677562713623
243,3,2.43,1.3217344284057617
244,0,2.44,1.1956400871276855
244,1,2.44,1.9137448072433472
244,2,2.44,2.5102226734161377
244,3,2.44,1.4376490116119385
245,0,2.45,0.988726794719696
245,1,2.45,1.5440549850463867
245,2,2.45,2.7916526794433594
245,3,2.45,1.4913480281829834
246,0,2.46,0.8517695069313049
246,1,2.46,1.5236562490463257
246,2,2.46,2.9040133953094482
246,3,2.46,1.3548051118850708
247,0,2.47,0.8761926889419556
247,1,2.47,1.2976181507110596
247,2,2.47,3.066533088684082
247,3,2.47,1.3494592905044556
248,0,2.48,0.5383810997009277
248,1,2.48,1.5734601020812988
248,2,2.48,2.636117458343506
248,3,2.48,1.385016918182373
249,0,2.49,0.6486920714378357
249,1,2.49,1.6084829568862915
249,2,2.49,2.4359567165374756
249,3,2.49,1.4141236543655396
250,0,2.5,0.6829908490180969
250,1,2.5,1.592231035232544
250,2,2.5,2.346477508544922
250,3,2.5,1.1130167245864868
251,0,2.5100000000000002,0.6118786931037903
251,1,2.5100000000000002,1.7653236389160156
251,2,2.5100000000000002,2.437100410461426
251,3,2.5100000000000002,1.1870237588882446
252,0,2.52,0.6358830332756042
252,1,2.52,1.6991528272628784
252,2,2.52,2.3878114223480225
252,3,2.52,1.0869420766830444
253,0,2.5300000000000002,0.8966215252876282
253,1,2.5300000000000002,2.053516149520874
253,2,2.5300000000000002,2.618980884552002
253,3,2.5300000000000002,1.0699002742767334
254,0,2.54,0.6851077079772949
254,1,2.54,2.1094582080841064
254,2,2.54,2.4550065994262695
254,3,2.54,1.3278611898422241
255,0,2.5500000000000003,0.4337109625339508
255,1,2.5500000000000003,1.9849554300308228
255,2,2.5500000000000003,2.129141330718994
255,3,2.5500000000000003,1.3900129795074463
256,0,2.56,0.639255940914154
256,1,2.56,2.1175217628479004
256,2,2.56,2.0968029499053955
256,3,2.56,1.3671410083770752
257,0,2.57,0.8340676426887512
257,1,2.57,1.8172537088394165
257,2,2.57,1.8730865716934204
257,3,2.57,1.4305925369262695
258,0,2.58,0.8430075645446777
258,1,2.58,2.1009724140167236
258,2,2.58,1.6187634468078613
258,3,2.58,1.3377978801727295
259,0,2.59,0.7373617887496948
259,1,2.59,1.8933690786361694
259,2,2.59,1.5456805229187012
259,3,2.59,1.2071305513381958
260,0,2.6,0.5265993475914001
260,1,2.6,1.6440612077713013
260,2,2.6,1.4450197219848633
260,3,2.6,1.3322755098342896
261,0,2.61,0.4998045265674591
261,1,2.61,1.9503289461135864
261,2,2.61,1.829573392868042
261,3,2.61,1.2436765432357788
262,0,2.62,0.5559923052787781
262,1,2.62,1.7148460149765015
262,2,2.62,1.936156153678894
262,3,2.62,1.2329357862472534
263,0,2.63,0.8535987734794617
263,1,2.63,1.6252264976501465
263,2,2.63,1.919969081878662
263,3,2.63,1.127901315689087
264,0,2.64,0.8638322353363037
264,1,2.64,1.6279339790344238
264,2,2.64,1.5063598155975342
264,3,2.64,1.0023667812347412
265,0,2.65,0.6561003923416138
265,1,2.65,1.6395549774169922
265,2,2.65,1.7203997373580933
265,3,2.65,0.9504392147064209
266,0,2.66,0.433681845664978
266,1,2.66,1.5270817279815674
266,2,2.66,1.4386435747146606
266,3,2.66,1.0937573909759521
267,0,2.67,0.6101259589195251
267,1,2.67,1.687477946281433
267,2,2.67,1.3772550821304321
267,3,2.67,1.1838479042053223
268,0,2.68,0.5523372888565063
268,1,2.68,1.514269471168518
268,2,2.68,1.4921263456344604
268,3,2.68,1.4158377647399902
269,0,2.69,0.3486173450946808
269,1,2.69,1.478485345840454
269,2,2.69,1.506545066833496
269,3,2.69,1.3742270469665527
270,0,2.7,0.2270202338695526
270,1,2.7,1.5153329372406006
270,2,2.7,1.471556544303894
270,3,2.7,1.360368013381958
271,0,2.71,0.43407103419303894
271,1,2.71,1.2625625133514404
271,2,2.71,1.3861408233642578
271,3,2.71,1.390511155128479
272,0,2.72,0.388650506734848
272,1,2.72,1.1357144117355347
272,2,2.72,1.4962708950042725
272,3,2.72,1.3600709438323975
273,0,2.73,0.39596760272979736
273,1,2.73,1.2357089519500732
273,2,2.73,1.441900610923767
273,3,2.73,1.4517744779586792
274,0,2.74,0.5080133676528931
274,1,2.74,1.1099677085876465
274,2,2.74,1.287290334701538
274,3,2.74,1.428318977355957
275,0,2.75,0.43258345127105713
275,1,2.75,1.037556767463684
275,2,2.75,1.4497673511505127
275,3,2.75,1.5672928094863892
276,0,2.7600000000000002,0.20662134885787964
276,1,2.7600000000000002,1.0527170896530151
276,2,2.7600000000000002,1.5723669528961182
276,3,2.7600000000000002,1.7602177858352661
277,0,2.77,0.3435896039009094
277,1,2.77,1.0404199361801147
277,2,2.77,1.638228178024292
277,3,2.77,1.7522954940795898
278,0,2.7800000000000002,0.3198571503162384
278,1,2.7800000000000002,1.243124008178711
278,2,2.7800000000000002,1.8345369100570679
278,3,2.7800000000000002,1.463616967201233
279,0,2.79,0.6396690607070923
279,1,2.79,1.0394634008407593
279,2,2.79,1.6947734355926514
279,3,2.79,1.3999656438827515
280,0,2.8000000000000003,0.4996952712535858
280,1,2.8000000000000003,1.147584080696106
280,2,2.8000000000000003,1.6063252687454224
280,3,2.8000000000000003,1.5753651857376099
281,0,2.81,0.5118093490600586
281,1,2.81,1.1857421398162842
281,2,2.81,1.7904435396194458
281,3,2.81,1.798863410949707
282,0,2.82,0.39175599813461304
282,1,2.82,1.0955617427825928
282,2,2.82,1.6794960498809814
282,3,2.82,1.7858257293701172
283,0,2.83,0.6645150184631348
283,1,2.83,1.3914906978607178
283,2,2.83,1.6137675046920776
283,3,2.83,1.6298192739486694
284,0,2.84,0.3770013153553009
284,1,2.84,1.6564218997955322
284,2,2.84,1.8728660345077515
284,3,2.84,1.545455813407898
285,0,2.85,0.2909001111984253
285,1,2.85,2.2587413787841797
285,2,2.85,1.7488564252853394
285,3,2.85,1.3659355640411377
286,0,2.86,0.5422832369804382
286,1,2.86,2.3130362033843994
286,2,2.86,2.173405647277832
286,3,2.86,1.1785027980804443
287,0,2.87,0.5029832124710083
287,1,2.87,2.218661069869995
287,2,2.87,2.369873046875
287,3,2.87,1.3045202493667603
288,0,2.88,0.6444782018661499
288,1,2.88,2.161283493041992
288,2,2.88,2.4041101932525635
288,3,2.88,1.4494389295578003
289,0,2.89,0.5379323363304138
289,1,2.89,2.185572624206543
289,2,2.89,2.183716058731079
289,3,2.89,1.5024840831756592
290,0,2.9,0.45287153124809265
290,1,2.9,1.9327155351638794
290,2,2.9,2.1420068740844727
290,3,2.9,1.4902793169021606
291,0,2.91,0.6796354651451111
291,1,2.91,1.7099119424819946
291,2,2.91,2.118644952774048
291,3,2.91,1.266144871711731
292,0,2.92,0.7441856861114502
292,1,2.92,1.543744444847107
292,2,2.92,2.0235772132873535
292,3,2.92,1.187120795249939
293,0,2.93,0.93328458070755
293,1,2.93,1.1031672954559326
293,2,2.93,2.0574285984039307
293,3,2.93,1.2299671173095703
294,0,2.94,0.6234767436981201
294,1,2.94,1.0522907972335815
294,2,2.94,1.9517450332641602
294,3,2.94,1.154651403427124
295,0,2.95,0.6781114339828491
295,1,2.95,1.130384922027588
295,2,2.95,1.912392258644104
295,3,2.95,1.277940273284912
296,0,2.96,0.943750262260437
296,1,2.96,1.1758198738098145
296,2,2.96,1.9233046770095825
296,3,2.96,1.1121097803115845
297,0,2.97,0.973000168800354
297,1,2.97,1.3362655639648438
297,2,2.97,1.5917396545410156
297,3,2.97,1.1608022451400757
298,0,2.98,0.9026402831077576
298,1,2.98,1.0953980684280396
298,2,2.98,1.7964516878128052
298,3,2.98,1.591148018836975
299,0,2.99,1.0585741996765137
299,1,2.99,0.999466598033905
299,2,2.99,1.9752509593963623
299,3,2.99,1.641106367111206
300,0,3.0,1.1846202611923218
300,1,3.0,0.7742192149162292
300,2,3.0,1.9988715648651123
300,3,3.0,1.5861530303955078
301,0,3.0100000000000002,0.708464503288269
301,1,3.0100000000000002,0.9148375391960144
301,2,3.0100000000000002,2.063682794570923
301,3,3.0100000000000002,1.4477760791778564
302,0,3.02,0.7299584746360779
302,1,3.02,1.068548321723938
302,2,3.02,2.0333404541015625
302,3,3.02,1.4988757371902466
303,0,3.0300000000000002,0.624515950679779
303,1,3.0300000000000002,0.8589910268783569
303,2,3.0300000000000002,2.050455331802368
303,3,3.0300000000000002,1.600990891456604
304,0,3.04,0.34381750226020813
304,1,3.04,0.39952337741851807
304,2,3.04,2.184601068496704
304,3,3.04,1.4170243740081787
305,0,3.0500000000000003,0.16881932318210602
305,1,3.0500000000000003,0.7291979193687439
305,2,3.0500000000000003,2.13604736328125
305,3,3.0500000000000003,1.315555214881897
306,0,3.06,0.13465991616249084
306,1,3.06,0.9636726975440979
306,2,3.06,2.164977550506592
306,3,3.06,1.3203761577606201
307,0,3.0700000000000003,0.31502923369407654
307,1,3.0700000000000003,0.8043172359466553
307,2,3.0700000000000003,2.2246415615081787
307,3,3.0700000000000003,1.1912651062011719
308,0,3.08,0.5905896425247192
308,1,3.08,0.9252871870994568
308,2,3.08,2.275428056716919
308,3,3.08,0.9774061441421509
309,0,3.09,0.6362873911857605
309,1,3.09,1.126336932182312
309,2,3.09,2.1025993824005127
309,3,3.09,1.0950233936309814
310,0,3.1,0.7578306198120117
310,1,3.1,1.067515254020691
310,2,3.1,1.8328694105148315
310,3,3.1,1.3134006261825562
311,0,3.11,0.6205313801765442
311,1,3.11,0.7454100847244263
311,2,3.11,1.8237581253051758
311,3,3.11,1.3704622983932495
312,0,3.12,0.7751884460449219
312,1,3.12,0.5142208337783813
312,2,3.12,1.944035530090332
312,3,3.12,1.320059061050415
313,0,3.13,0.8222805857658386
313,1,3.13,0.6269189715385437
313,2,3.13,1.874999761581421
313,3,3.13,1.1967977285385132
314,0,3.14,0.9890840649604797
314,1,3.14,0.7502267360687256
314,2,3.14,1.9905526638031006
314,3,3.14,1.0936279296875
315,0,3.15,0.912341833114624
315,1,3.15,0.8380929231643677
315,2,3.15,1.8255259990692139
315,3,3.15,1.2152462005615234
316,0,3.16,0.9935686588287354
316,1,3.16,0.47202229499816895
316,2,3.16,1.8200769424438477
316,3,3.16,1.4613254070281982
317,0,3.17,0.9035653471946716
317,1,3.17,0.2692769467830658
317,2,3.17,1.6755362749099731
317,3,3.17,1.395246982574463
318,0,3.18,1.001039981842041
318,1,3.18,0.22043712437152863
318,2,3.18,1.931532859802246
318,3,3.18,1.4869645833969116
319,0,3.19,1.0225623846054077
319,1,3.19,0.21998541057109833
319,2,3.19,1.906488299369812
319,3,3.19,1.3941264152526855
320,0,3.2,1.0999950170516968
320,1,3.2,0.34302300214767456
320,2,3.2,2.018372058868408
320,3,3.2,1.6150251626968384
321,0,3.21,1.2227951288223267
321,1,3.21,0.1783166378736496
321,2,3.21,1.9149229526519775
321,3,3.21,2.0115206241607666
322,0,3.22,1.38338303565979
322,1,3.22,0.42389681935310364
322,2,3.22,1.9012460708618164
322,3,3.22,1.909193515777588
323,0,3.23,1.4193898439407349
323,1,3.23,0.45108410716056824
323,2,3.23,1.8210638761520386
323,3,3.23,1.7614319324493408
324,0,3.24,1.5897140502929688
324,1,3.24,0.3446134626865387
324,2,3.24,1.7342181205749512
324,3,3.24,1.5757064819335938
325,0,3.25,1.6194796562194824
325,1,3.25,0.4402359426021576
325,2,3.25,1.729905366897583
325,3,3.25,1.4370805025100708
326,0,3.2600000000000002,1.6456748247146606
326,1,3.2600000000000002,0.6966508030891418
326,2,3.2600000000000002,1.8766875267028809
326,3,3.2600000000000002,1.336888074874878
327,0,3.27,1.6014761924743652
327,1,3.27,0.6861749887466431
327,2,3.27,2.07106351852417
327,3,3.27,1.251114010810852
328,0,3.2800000000000002,1.6322604417800903
328,1,3.2800000000000002,0.48389381170272827
328,2,3.2800000000000002,2.019869804382324
328,3,3.2800000000000002,1.4104526042938232
329,0,3.29,1.5713399648666382
329,1,3.29,0.5795948505401611
329,2,3.29,2.1523356437683105
329,3,3.29,1.4106796979904175
330,0,3.3000000000000003,1.9081166982650757
330,1,3.3000000000000003,0.9578639268875122
330,2,3.3000000000000003,2.2369043827056885
330,3,3.3000000000000003,1.4818809032440186
331,0,3.31,1.8716734647750854
331,1,3.31,1.2596449851989746
331,2,3.31,2.221231460571289
331,3,3.31,1.512566089630127
332,0,3.3200000000000003,1.9227561950683594
332,1,3.3200000000000003,1.0442465543746948
332,2,3.3200000000000003,2.265273094177246
332,3,3.3200000000000003,1.4281851053237915
333,0,3.33,1.837857961654663
333,1,3.33,1.1948109865188599
333,2,3.33,2.1454083919525146
333,3,3.33,1.3991591930389404
334,0,3.34,2.1931705474853516
334,1,3.34,1.0387394428253174
334,2,3.34,2.42398738861084
334,3,3.34,1.1643469333648682
335,0,3.35,2.1440882682800293
335,1,3.35,0.7968555092811584
335,2,3.35,2.661489963531494
335,3,3.35,1.1576600074768066
336,0,3.36,1.9925609827041626
336,1,3.36,0.623782753944397
336,2,3.36,2.3175714015960693
336,3,3.36,1.095889687538147
337,0,3.37,1.8548104763031006
337,1,3.37,0.6813209056854248
337,2,3.37,2.374565362930298
337,3,3.37,1.2420382499694824
338,0,3.38,1.815026879310608
338,1,3.38,0.6829323768615723
338,2,3.38,2.4636685848236084
338,3,3.38,1.3760733604431152
339,0,3.39,2.053199052810669
339,1,3.39,0.7008952498435974
339,2,3.39,2.6601555347442627
339,3,3.39,1.2610880136489868
340,0,3.4,2.2172539234161377
340,1,3.4,0.8054957985877991
340,2,3.4,2.5864055156707764
340,3,3.4,1.335474967956543
341,0,3.41,2.5709733963012695
341,1,3.41,0.5678248405456543
341,2,3.41,2.648772716522217
341,3,3.41,1.463952660560608
342,0,3.42,2.63667368888855
342,1,3.42,0.6706637740135193
342,2,3.42,2.516136646270752
342,3,3.42,1.391080617904663
343,0,3.43,2.6805520057678223
343,1,3.43,0.8777242302894592
343,2,3.43,2.375966787338257
343,3,3.43,1.6173624992370605
344,0,3.44,2.703310012817383
344,1,3.44,0.9304235577583313
344,2,3.44,2.4904122352600098
344,3,3.44,1.4458696842193604
345,0,3.45,2.7034125328063965
345,1,3.45,0.8272678852081299
345,2,3.45,2.4727165699005127
345,3,3.45,1.7708897590637207
346,0,3.46,2.485917091369629
346,1,3.46,0.8180646896362305
346,2,3.46,2.184279203414917
346,3,3.46,1.8271405696868896
347,0,3.47,2.5476553440093994
347,1,3.47,0.9327338337898254
347,2,3.47,2.247729539871216
347,3,3.47,1.9731619358062744
348,0,3.48,2.705732583999634
348,1,3.48,0.6026939749717712
348,2,3.48,2.228158950805664
348,3,3.48,2.2513699531555176
349,0,3.49,2.6615822315216064
349,1,3.49,0.5816504955291748
349,2,3.49,1.9705708026885986
349,3,3.49,2.1870172023773193
350,0,3.5,2.573061227798462
350,1,3.5,0.5632501244544983
350,2,3.5,1.9360485076904297
350,3,3.5,2.031470775604248
351,0,3.5100000000000002,2.794677495956421
351,1,3.5100000000000002,0.5261435508728027
351,2,3.5100000000000002,1.9351011514663696
351,3,3.5100000000000002,1.9217864274978638
352,0,3.52,2.72700572013855
352,1,3.52,0.6683868765830994
352,2,3.52,1.9363346099853516
352,3,3.52,2.2411653995513916
353,0,3.5300000000000002,2.9426653385162354
353,1,3.5300000000000002,1.0404292345046997
353,2,3.5300000000000002,1.5704385042190552
353,3,3.5300000000000002,2.0327577590942383
354,0,3.54,2.995424509048462
354,1,3.54,0.9396050572395325
354,2,3.54,1.573014497756958
354,3,3.54,2.1456944942474365
355,0,3.5500000000000003,2.753170967102051
355,1,3.5500000000000003,1.0992801189422607
355,2,3.5500000000000003,1.5893828868865967
355,3,3.5500000000000003,2.0191848278045654
356,0,3.56,2.786210536956787
356,1,3.56,1.0265814065933228
356,2,3.56,1.1984570026397705
356,3,3.56,2.037391185760498
357,0,3.5700000000000003,2.5695059299468994
357,1,3.5700000000000003,0.9336637258529663
357,2,3.5700000000000003,1.3620754480361938
357,3,3.5700000000000003,2.3772635459899902
358,0,3.58,2.5482029914855957
358,1,3.58,0.7122182250022888
358,2,3.58,1.4817780256271362
358,3,3.58,2.404191017150879
359,0,3.59,2.5157008171081543
359,1,3.59,0.9777702689170837
359,2,3.59,1.378495454788208
359,3,3.59,2.520021915435791
360,0,3.6,2.304812431335449
360,1,3.6,0.953031063079834
360,2,3.6,1.4198881387710571
360,3,3.6,2.3618998527526855
361,0,3.61,2.5184249877929688
361,1,3.61,0.7745842337608337
361,2,3.61,1.6449495553970337
361,3,3.61,2.4230964183807373
362,0,3.62,2.544062852859497
362,1,3.62,0.966998815536499
362,2,3.62,1.646000862121582
362,3,3.62,2.346334934234619
363,0,3.63,2.597348690032959
363,1,3.63,0.8060094714164734
363,2,3.63,1.4425982236862183
363,3,3.63,2.2296323776245117
364,0,3.64,2.437695026397705
364,1,3.64,0.8689711093902588
364,2,3.64,1.380764365196228
364,3,3.64,2.106612205505371
365,0,3.65,2.737672805786133
365,1,3.65,0.9317594170570374
365,2,3.65,1.5366647243499756
365,3,3.65,2.4359982013702393
366,0,3.66,2.9071083068847656
366,1,3.66,0.9516335725784302
366,2,3.66,1.5339369773864746
366,3,3.66,2.6966450214385986
367,0,3.67,2.6461024284362793
367,1,3.67,0.7723211646080017
367,2,3.67,1.7499797344207764
367,3,3.67,2.7091848850250244
368,0,3.68,2.558828830718994
368,1,3.68,0.547300398349762
368,2,3.68,1.7508137226104736
368,3,3.68,2.7127082347869873
369,0,3.69,2.6546616554260254
369,1,3.69,0.5038642287254333
369,2,3.69,2.0308172702789307
369,3,3.69,2.636626958847046
370,0,3.7,2.618738889694214
370,1,3.7,0.5798516869544983
370,2,3.7,2.3737409114837646
370,3,3.7,2.6789984703063965
371,0,3.71,2.6166818141937256
371,1,3.71,0.30476534366607666
371,2,3.71,2.3629486560821533
371,3,3.71,2.8818070888519287
372,0,3.72,2.585055112838745
372,1,3.72,0.2722781002521515
372,2,3.72,2.4398906230926514
372,3,3.72,2.5930609703063965
373,0,3.73,2.40671968460083
373,1,3.73,0.45560455322265625
373,2,3.73,2.4954025745391846
373,3,3.73,2.406374931335449
374,0,3.74,2.6727898120880127
374,1,3.74,0.7338297963142395
374,2,3.74,2.451265811920166
374,3,3.74,2.3198461532592773
375,0,3.75,2.327627420425415
375,1,3.75,0.9018730521202087
375,2,3.75,2.0672240257263184
375,3,3.75,2.1384992599487305
376,0,3.7600000000000002,2.4055585861206055
376,1,3.7600000000000002,1.1058801412582397
376,2,3.7600000000000002,1.9818295240402222
376,3,3.7600000000000002,2.0378501415252686
377,0,3.77,2.245614767074585
377,1,3.77,1.2756097316741943
377,2,3.77,1.954313039779663
377,3,3.77,2.0505597591400146
378,0,3.7800000000000002,2.1326425075531006
378,1,3.7800000000000002,1.4837934970855713
378,2,3.7800000000000002,1.9517425298690796
378,3,3.7800000000000002,1.9981099367141724
379,0,3.79,2.0194883346557617
379,1,3.79,1.4904788732528687
379,2,3.79,1.7672464847564697
379,3,3.79,1.8956232070922852
380,0,3.8000000000000003,1.8412060737609863
380,1,3.8000000000000003,1.4126548767089844
380,2,3.8000000000000003,1.5830563306808472
380,3,3.8000000000000003,1.9489070177078247
381,0,3.81,1.7150241136550903
381,1,3.81,1.1987322568893433
381,2,3.81,1.765990138053894
381,3,3.81,1.8991477489471436
382,0,3.8200000000000003,1.76785409450531
382,1,3.8200000000000003,0.8341992497444153
382,2,3.8200000000000003,2.042217969894409
382,3,3.8200000000000003,1.7204257249832153
383,0,3.83,1.4822185039520264
383,1,3.83,1.0136233568191528
383,2,3.83,2.3329954147338867
383,3,3.83,1.6400198936462402
384,0,3.84,1.3326444625854492
384,1,3.84,0.9862346053123474
384,2,3.84,2.386949300765991
384,3,3.84,1.7926663160324097
385,0,3.85,1.3971812725067139
385,1,3.85,1.0476502180099487
385,2,3.85,2.466826915740967
385,3,3.85,1.8729174137115479
386,0,3.86,1.230859637260437
386,1,3.86,0.8187392354011536
386,2,3.86,2.4043571949005127
386,3,3.86,1.749022126197815
387,0,3.87,1.5013208389282227
387,1,3.87,0.384899765253067
387,2,3.87,2.4936628341674805
387,3,3.87,1.8857824802398682
388,0,3.88,1.4239970445632935
388,1,3.88,0.5126982927322388
388,2,3.88,2.702946424484253
388,3,3.88,2.0845699310302734
389,0,3.89,1.5490998029708862
389,1,3.89,0.9340006709098816
389,2,3.89,2.3516554832458496
389,3,3.89,2.028467893600464
390,0,3.9,1.4278888702392578
390,1,3.9,0.9619734287261963
390,2,3.9,2.351019859313965
390,3,3.9,1.9359272718429565
391,0,3.91,1.5423446893692017
391,1,3.91,0.564639687538147
391,2,3.91,2.3227860927581787
391,3,3.91,1.8630847930908203
392,0,3.92,1.6621325016021729
392,1,3.92,1.0000584125518799
392,2,3.92,2.2529006004333496
392,3,3.92,1.686849594116211
393,0,3.93,1.6068769693374634
393,1,3.93,0.9578372240066528
393,2,3.93,2.366572141647339
393,3,3.93,1.752333164215088
394,0,3.94,1.9795787334442139
394,1,3.94,1.045833706855774
394,2,3.94,2.5434603691101074
394,3,3.94,1.7413418292999268
395,0,3.95,2.045114517211914
395,1,3.95,0.9208646416664124
395,2,3.95,2.5539653301239014
395,3,3.95,1.72264564037323
396,0,3.96,1.986512541770935
396,1,3.96,0.9577265977859497
396,2,3.96,2.4283037185668945
396,3,3.96,1.8149183988571167
397,0,3.97,1.5724445581436157
397,1,3.97,1.0144741535186768
397,2,3.97,2.3096537590026855
397,3,3.97,1.7049390077590942
398,0,3.98,1.3330610990524292
398,1,3.98,1.1785938739776611
398,2,3.98,2.2198567390441895
398,3,3.98,1.9303326606750488
399,0,3.99,1.380189299583435
399,1,3.99,1.1608712673187256
399,2,3.99,2.075732946395874
399,3,3.99,1.8115001916885376
